id,date,reply_to_msg_id,from_id,reply_to_msg_id_human_choice,is_root,dialog_number,is_answer,not_solved,satisfaction,new_subtopic,flood,dialog_type
24764,2017-09-01 20:00:48,24762.0,126752139,24762.0,0.0,0,1,0,0,0,0,0
24765,2017-09-01 20:04:52,24712.0,126752139,24712.0,0.0,1,1,0,0,0,0,0
24766,2017-09-01 20:06:54,,87117345,24764.0,0.0,0,0,0,0,0,0,0
24767,2017-09-01 20:07:12,24713.0,126752139,24713.0,0.0,2,1,0,0,0,0,0
24768,2017-09-01 20:08:35,24715.0,126752139,24715.0,0.0,3,1,0,0,0,0,0
24769,2017-09-01 20:10:13,24721.0,126752139,24721.0,0.0,4,1,0,0,0,0,0
24770,2017-09-01 20:12:52,24725.0,126752139,24725.0,0.0,5,1,0,0,0,0,0
24771,2017-09-01 20:17:57,24766.0,126752139,24766.0,0.0,0,1,0,0,0,0,0
24772,2017-09-01 20:20:40,,269056189,,1.0,6,0,0,0,0,0,0
24773,2017-09-01 20:25:18,,126752139,24772.0,0.0,6,1,0,0,0,0,0
24774,2017-09-01 20:31:01,24773.0,269056189,24773.0,0.0,6,0,0,1,0,0,0
24775,2017-09-01 20:31:43,,269056189,,0.0,6,0,0,0,1,0,0
24776,2017-09-01 20:32:38,,126752139,24775.0,0.0,6,0,0,0,0,0,0
24777,2017-09-01 20:34:15,,269056189,24776.0,0.0,6,0,0,0,0,0,0
24778,2017-09-01 20:35:06,,269056189,24777.0,0.0,6,0,0,0,0,0,0
24779,2017-09-01 20:37:41,,126752139,24778.0,0.0,6,0,0,0,0,0,0
24781,2017-09-01 21:35:04,24712.0,126464893,24712.0,0.0,7,0,0,0,0,0,0
24782,2017-09-01 21:35:21,,126464893,24781.0,0.0,7,0,0,0,0,0,0
24783,2017-09-01 23:03:03,24765.0,189275452,24765.0,0.0,1,0,0,1,0,0,0
24784,2017-09-02 2:16:42,24770.0,191531491,24770.0,0.0,5,0,0,1,0,0,0
24785,2017-09-02 4:44:43,24767.0,276658482,24767.0,0.0,2,0,0,1,0,0,0
24786,2017-09-02 5:52:56,,276658482,,1.0,8,0,0,0,0,0,0
24787,2017-09-02 5:52:58,,276658482,24786.0,0.0,8,0,0,0,0,0,0
24788,2017-09-02 5:53:31,,276658482,24787.0,0.0,8,0,0,0,0,0,0
24789,2017-09-02 6:29:02,,209042520,24788.0,0.0,8,1,0,0,0,0,0
24790,2017-09-02 6:29:09,,209042520,24789.0,0.0,8,1,0,0,0,0,0
24791,2017-09-02 6:29:15,,209042520,24790.0,0.0,8,1,0,0,0,0,0
24792,2017-09-02 6:54:49,,276658482,24791.0,0.0,8,0,1,0,0,0,0
24793,2017-09-02 14:20:02,,126752139,,1.0,9,0,0,0,0,0,0
24794,2017-09-02 14:20:02,,126752139,24793.0,0.0,9,1,0,0,0,0,0
24795,2017-09-02 14:21:39,24792.0,126752139,24792.0,0.0,8,1,0,0,0,0,0
24796,2017-09-02 17:40:13,,126752139,24794.0,0.0,9,1,0,0,0,0,0
24797,2017-09-02 17:40:13,,126752139,24796.0,0.0,9,1,0,0,0,0,0
24798,2017-09-02 19:57:26,,40348910,,1.0,10,0,0,0,0,0,0
24799,2017-09-02 19:57:29,,40348910,24798.0,0.0,10,0,0,0,0,0,0
24800,2017-09-02 20:05:23,,276658482,24792.0,0.0,8,0,0,0,1,0,0
24801,2017-09-02 20:05:25,,276658482,24800.0,0.0,8,0,0,0,0,0,0
24802,2017-09-02 20:24:55,,276658482,24801.0,0.0,8,0,0,1,0,0,0
24803,2017-09-02 20:48:30,,276658482,24802.0,0.0,8,0,0,0,1,0,0
24804,2017-09-02 21:18:51,,276658482,24803.0,0.0,8,0,0,0,0,0,0
24805,2017-09-02 21:21:23,,276658482,24804.0,0.0,8,0,0,0,0,0,0
24806,2017-09-03 2:14:25,24799.0,274730043,24799.0,0.0,10,1,0,0,0,0,0
24807,2017-09-03 4:24:41,,276658482,24805.0,0.0,8,0,0,1,0,0,0
24808,2017-09-03 9:56:03,24806.0,40348910,24806.0,0.0,10,0,0,0,0,0,0
24809,2017-09-03 11:24:35,,247130097,,1.0,11,0,0,0,0,0,0
24810,2017-09-03 11:26:15,,209042520,24809.0,0.0,11,1,0,0,0,0,0
24811,2017-09-03 11:29:03,,247130097,24810.0,0.0,11,0,0,0,0,0,0
24812,2017-09-03 11:29:09,,247130097,24811.0,0.0,11,0,0,0,0,0,0
24813,2017-09-03 11:29:17,,247130097,24812.0,0.0,11,0,0,0,0,0,0
24814,2017-09-03 11:33:33,,247130097,24813.0,0.0,11,0,0,0,0,0,0
24815,2017-09-03 11:33:36,,247130097,24814.0,0.0,11,0,0,0,0,0,0
24816,2017-09-03 11:33:37,,247130097,24815.0,0.0,11,0,0,0,0,0,0
24817,2017-09-03 11:34:06,,209042520,24816.0,0.0,11,0,0,0,0,0,0
24818,2017-09-03 11:34:12,,247130097,24817.0,0.0,11,0,0,0,0,0,0
24819,2017-09-03 11:34:21,,209042520,24818.0,0.0,11,0,0,0,0,0,0
24820,2017-09-03 11:34:37,,39529437,24819.0,0.0,11,0,0,0,0,0,0
24821,2017-09-03 11:34:45,,247130097,24820.0,0.0,11,0,0,0,0,0,0
24822,2017-09-03 11:34:59,,247130097,24821.0,0.0,11,0,0,0,0,0,0
24823,2017-09-03 11:35:08,,247130097,24822.0,0.0,11,0,0,0,0,0,0
24824,2017-09-03 11:35:12,,247130097,24823.0,0.0,11,0,0,0,0,0,0
24825,2017-09-03 11:35:45,,39529437,24824.0,0.0,11,1,0,0,0,0,0
24826,2017-09-03 11:37:15,,247130097,24825.0,0.0,11,0,0,0,0,0,0
24827,2017-09-03 11:37:46,,247130097,24826.0,0.0,11,1,0,0,0,0,0
24828,2017-09-03 11:37:52,,247130097,24827.0,0.0,11,1,0,0,0,0,0
24829,2017-09-03 11:37:58,,247130097,24828.0,0.0,11,1,0,0,0,0,0
24830,2017-09-03 11:39:29,,247130097,24829.0,0.0,11,1,0,0,0,0,0
24831,2017-09-03 11:39:31,,247130097,24830.0,0.0,11,0,0,1,0,0,0
24832,2017-09-03 12:06:10,,209042520,24831.0,0.0,11,1,0,0,0,0,0
24833,2017-09-03 12:06:26,,209042520,24832.0,0.0,11,1,0,0,0,0,0
24834,2017-09-03 12:06:40,,209042520,24833.0,0.0,11,1,0,0,0,0,0
25134,2017-09-05 17:57:39,,276658482,,0.0,12,0,0,0,0,0,0
25135,2017-09-05 18:02:25,,252087745,25134.0,0.0,12,1,0,0,0,0,0
25136,2017-09-05 18:07:18,,276658482,25135.0,0.0,12,0,0,0,0,0,0
25137,2017-09-05 18:09:48,,252087745,25136.0,0.0,12,1,0,0,0,0,0
25138,2017-09-05 18:12:24,,276658482,25137.0,0.0,12,0,0,0,0,0,0
25139,2017-09-05 18:13:32,,247130097,25138.0,0.0,12,1,0,0,0,0,0
25140,2017-09-05 18:13:34,,131248693,25138.0,0.0,12,0,0,0,0,0,0
25141,2017-09-05 18:27:28,,276658482,25139.0,0.0,12,0,0,1,0,0,0
25142,2017-09-05 18:31:58,25141.0,301026941,25141.0,0.0,12,0,0,0,0,0,0
25143,2017-09-05 18:33:05,25142.0,276658482,25142.0,0.0,12,0,0,0,0,0,0
25144,2017-09-05 18:34:32,,301026941,25143.0,0.0,12,0,0,0,0,0,0
25145,2017-09-05 18:37:59,,276658482,25144.0,0.0,12,0,0,0,0,0,0
25146,2017-09-05 18:48:05,,276658482,,0.0,12,0,0,0,1,0,0
25147,2017-09-05 18:48:21,,276658482,25146.0,0.0,12,0,0,0,0,0,0
25148,2017-09-05 18:51:22,,247130097,25147.0,0.0,12,0,0,0,0,0,0
25149,2017-09-05 18:52:11,,301026941,25146.0,0.0,12,0,0,0,0,0,0
25150,2017-09-05 18:59:32,,276658482,25149.0,0.0,12,0,0,0,0,0,0
25151,2017-09-05 18:59:43,,131248693,25150.0,0.0,12,1,0,0,0,0,0
25152,2017-09-05 19:00:33,,276658482,25150.0,0.0,12,0,0,0,0,0,0
25153,2017-09-05 19:02:23,,276658482,25152.0,0.0,12,0,0,0,0,0,0
25154,2017-09-05 19:02:45,,276658482,25153.0,0.0,12,0,0,0,0,0,0
25155,2017-09-05 19:03:13,,131248693,25154.0,0.0,12,1,0,0,0,0,0
25156,2017-09-05 19:03:49,,301026941,25154.0,0.0,12,1,0,0,0,0,0
25157,2017-09-05 19:04:29,,276658482,25156.0,0.0,12,0,0,0,0,0,0
25158,2017-09-05 19:05:05,,276658482,25157.0,0.0,12,0,0,0,0,0,0
25159,2017-09-05 19:06:08,,131248693,25158.0,0.0,12,0,0,0,0,0,0
25160,2017-09-05 19:06:49,,131248693,25159.0,0.0,12,0,0,0,0,0,0
25161,2017-09-05 19:07:12,,131248693,25160.0,0.0,12,0,0,0,0,0,0
25162,2017-09-05 19:07:15,,276658482,25160.0,0.0,12,0,0,0,0,0,0
25163,2017-09-05 19:08:10,25161.0,301026941,25161.0,0.0,12,0,0,0,0,0,0
25164,2017-09-05 19:15:36,25162.0,131248693,25162.0,0.0,12,1,0,0,0,0,0
25172,2017-09-06 10:53:45,,144355333,,1.0,13,0,0,0,0,0,0
25174,2017-09-06 11:10:26,,114290014,,1.0,14,0,0,0,0,0,0
25176,2017-09-06 12:34:23,,52198274,,1.0,15,0,0,0,0,0,0
25177,2017-09-06 12:41:46,,209042520,,1.0,16,0,0,0,0,0,1
25178,2017-09-06 12:41:47,,209042520,25177.0,0.0,16,0,0,0,0,0,0
25179,2017-09-06 12:42:14,,209042520,25178.0,0.0,16,0,0,0,0,0,0
25180,2017-09-06 12:44:35,,209042520,25179.0,0.0,16,0,1,0,0,0,0
25181,2017-09-06 13:12:32,,131248693,25180.0,0.0,16,0,0,0,0,0,0
25182,2017-09-06 13:12:59,,209042520,25181.0,0.0,16,0,0,0,0,0,0
25183,2017-09-06 13:13:13,,131248693,25181.0,0.0,16,0,0,0,0,0,0
25184,2017-09-06 13:13:22,,209042520,25182.0,0.0,16,0,0,0,0,0,0
25185,2017-09-06 13:13:34,,209042520,25184.0,0.0,16,0,0,0,0,0,0
25186,2017-09-06 13:15:05,,209042520,25185.0,0.0,16,0,0,0,0,0,0
25187,2017-09-06 13:15:14,,209042520,25186.0,0.0,16,0,0,0,0,0,0
25188,2017-09-06 13:27:51,,209042520,25187.0,0.0,16,0,0,0,0,0,0
25189,2017-09-06 13:27:56,,209042520,25188.0,0.0,16,0,1,0,0,0,0
25190,2017-09-06 13:28:05,,209042520,25189.0,0.0,16,0,1,0,0,0,0
25191,2017-09-06 13:39:21,,281426644,,1.0,17,0,0,0,0,0,0
25192,2017-09-06 13:45:37,,252087745,25191.0,0.0,17,1,0,0,0,0,0
25193,2017-09-06 13:47:55,,281426644,25192.0,0.0,17,0,0,0,0,0,0
25194,2017-09-06 13:48:09,,281426644,25193.0,0.0,17,0,1,0,0,0,0
25195,2017-09-06 13:50:42,,252087745,25194.0,0.0,17,1,0,0,0,0,0
25196,2017-09-06 13:51:34,,252087745,25195.0,0.0,17,1,0,0,0,0,0
25197,2017-09-06 13:52:18,,269788924,,1.0,18,0,0,0,0,0,0
25198,2017-09-06 13:54:25,,269788924,25197.0,0.0,18,1,0,1,0,0,0
25199,2017-09-06 13:55:21,,158503711,25198.0,0.0,18,1,0,0,0,0,0
25200,2017-09-06 13:55:32,25196.0,252087745,25196.0,0.0,17,1,0,0,0,0,0
25201,2017-09-06 13:55:56,,158503711,25197.0,0.0,18,1,0,0,0,0,0
25202,2017-09-06 13:56:05,,158503711,25201.0,0.0,18,1,0,0,0,0,0
25203,2017-09-06 13:56:10,,269788924,25202.0,0.0,18,0,0,0,0,0,0
25204,2017-09-06 13:57:00,25203.0,158503711,25203.0,0.0,18,1,0,0,0,0,0
25205,2017-09-06 13:57:04,,158503711,25204.0,0.0,18,1,0,0,0,0,0
25206,2017-09-06 13:57:10,,158503711,25205.0,0.0,18,1,0,0,0,0,0
25207,2017-09-06 13:57:25,,158503711,25206.0,0.0,18,1,0,0,0,0,0
25208,2017-09-06 13:58:46,,3334085,,1.0,19,0,0,0,0,0,0
25209,2017-09-06 14:05:11,,131248693,25208.0,0.0,19,1,0,0,0,0,0
25210,2017-09-06 14:05:27,,131248693,25209.0,0.0,19,0,0,0,0,0,0
25211,2017-09-06 14:15:57,,203712567,25210.0,0.0,19,1,0,0,0,0,0
25522,2017-09-09 12:22:53,25517.0,185855616,25517.0,0.0,20,0,0,0,0,0,0
25523,2017-09-09 12:23:33,,710725,25522.0,0.0,20,0,0,0,0,0,0
25524,2017-09-09 12:23:35,,710725,25523.0,0.0,20,0,0,0,0,0,0
25525,2017-09-09 12:23:57,,710725,25522.0,0.0,20,0,0,0,0,0,0
25526,2017-09-09 12:25:22,,185855616,25523.0,0.0,20,0,0,0,0,0,0
25527,2017-09-09 12:25:31,,185855616,25526.0,0.0,20,0,0,0,0,0,0
25528,2017-09-09 12:25:51,,710725,25526.0,0.0,20,0,0,0,0,0,0
25529,2017-09-09 12:29:46,,113077874,,0.0,21,0,0,0,0,0,0
25530,2017-09-09 12:40:23,,185855616,25527.0,0.0,20,0,0,0,0,0,0
25531,2017-09-09 12:42:47,,131248693,25530.0,0.0,20,0,0,0,0,0,0
25532,2017-09-09 12:59:49,,816503,,1.0,22,0,0,0,0,0,0
25533,2017-09-09 13:01:02,,816503,25532.0,0.0,22,1,0,0,0,0,0
25534,2017-09-09 13:28:09,,116525440,25532.0,0.0,22,1,0,0,0,0,0
25535,2017-09-09 13:28:46,,116525440,25534.0,0.0,22,1,0,0,0,0,0
25536,2017-09-09 13:31:33,25531.0,185855616,25531.0,0.0,20,0,0,0,0,0,0
25537,2017-09-09 13:33:06,25532.0,131248693,25532.0,0.0,22,0,0,0,0,0,0
25538,2017-09-09 13:34:15,25537.0,816503,25537.0,0.0,22,0,0,0,0,0,0
25539,2017-09-09 13:35:07,25534.0,816503,25534.0,0.0,22,0,0,0,0,0,0
25540,2017-09-09 13:39:30,,131248693,25539.0,0.0,22,1,0,0,0,0,0
25541,2017-09-09 14:00:37,,209042520,25540.0,0.0,22,0,0,0,0,0,0
25542,2017-09-09 14:01:07,25541.0,2305637,25541.0,0.0,22,0,0,0,0,0,0
25543,2017-09-09 14:01:29,,2305637,25542.0,0.0,22,0,0,0,0,0,0
25545,2017-09-09 14:05:53,,209042520,25532.0,0.0,22,1,0,0,0,0,0
25546,2017-09-09 14:06:25,,209042520,25545.0,0.0,22,1,0,0,0,0,0
25547,2017-09-09 14:06:47,,209042520,25546.0,0.0,22,1,0,0,0,0,0
25549,2017-09-09 17:18:34,25546.0,816503,25546.0,0.0,22,0,0,1,0,0,0
25550,2017-09-09 17:44:07,,96427254,,1.0,23,0,0,0,0,0,0
25551,2017-09-09 17:44:07,,96427254,25550.0,0.0,23,0,0,0,0,0,0
25559,2017-09-10 5:24:42,25550.0,301026941,25550.0,0.0,23,1,0,0,0,0,0
25560,2017-09-10 8:27:35,,126464893,,1.0,24,0,0,0,0,0,0
25561,2017-09-10 8:28:02,,126464893,25560.0,0.0,24,0,0,0,0,0,0
25562,2017-09-10 8:28:09,,126464893,25561.0,0.0,24,0,0,0,0,0,0
25563,2017-09-10 8:28:12,25560.0,158503711,25560.0,0.0,24,1,0,0,0,0,0
25564,2017-09-10 8:28:51,,126464893,25563.0,0.0,24,0,0,0,1,0,0
25565,2017-09-10 8:28:55,,158503711,25564.0,0.0,24,1,0,0,0,0,0
25566,2017-09-10 8:30:01,25564.0,158503711,25564.0,0.0,24,1,0,0,0,0,0
25567,2017-09-10 8:30:21,,126464893,25566.0,0.0,24,0,0,0,0,0,0
25568,2017-09-10 8:30:27,,158503711,25567.0,0.0,24,1,0,0,0,0,0
25569,2017-09-10 8:30:35,,122714048,25568.0,0.0,24,0,0,0,0,0,0
25570,2017-09-10 8:31:05,,126464893,25568.0,0.0,24,0,0,0,0,0,0
25571,2017-09-10 8:31:10,,122714048,25569.0,0.0,24,0,0,0,0,0,0
25572,2017-09-10 8:31:22,,122714048,25571.0,0.0,24,0,0,0,0,0,0
25573,2017-09-10 8:31:28,,122714048,25572.0,0.0,24,0,0,0,0,0,0
25574,2017-09-10 8:31:41,,122714048,25573.0,0.0,24,0,0,0,0,0,0
25575,2017-09-10 8:33:20,,126464893,25574.0,0.0,24,0,0,0,0,0,0
25576,2017-09-10 8:35:06,,126464893,25575.0,0.0,24,0,0,0,0,0,0
25577,2017-09-10 8:48:18,25573.0,158503711,25573.0,0.0,24,0,0,0,0,0,0
25578,2017-09-10 8:49:10,,122714048,25577.0,0.0,24,0,0,0,0,0,0
25579,2017-09-10 8:49:26,,122714048,25578.0,0.0,24,0,0,0,0,0,0
25580,2017-09-10 8:52:39,25560.0,127216,25560.0,0.0,24,1,0,0,0,0,0
25581,2017-09-10 8:53:12,25577.0,294218223,25577.0,0.0,24,0,0,0,0,0,0
25582,2017-09-10 8:53:29,,294218223,25581.0,0.0,24,0,0,0,0,0,0
25583,2017-09-10 8:53:37,25580.0,126464893,25580.0,0.0,24,0,0,0,0,0,0
25584,2017-09-10 8:54:03,25581.0,158503711,25581.0,0.0,24,0,0,0,0,0,0
25585,2017-09-10 8:54:36,25583.0,127216,25583.0,0.0,24,0,0,0,0,0,0
25586,2017-09-10 8:54:37,25582.0,158503711,25582.0,0.0,24,0,0,0,0,0,0
25587,2017-09-10 8:55:59,25585.0,126464893,25585.0,0.0,24,0,0,0,0,0,0
25588,2017-09-10 9:01:24,25587.0,127216,25587.0,0.0,24,0,0,0,0,0,0
25589,2017-09-10 9:13:43,25587.0,127216,25588.0,0.0,24,0,0,0,0,0,0
25590,2017-09-10 9:13:54,,126464893,25589.0,0.0,24,0,0,1,0,0,0
25592,2017-09-10 12:43:03,,297039792,,1.0,25,0,0,0,0,0,0
25593,2017-09-10 12:45:32,,297039792,25592.0,0.0,25,0,0,0,0,0,0
25594,2017-09-10 12:45:35,,297039792,25593.0,0.0,25,0,0,0,0,0,0
25595,2017-09-10 13:23:13,,297039792,25594.0,0.0,25,1,0,1,0,0,0
25598,2017-09-10 17:21:56,25595.0,126464893,25595.0,0.0,25,0,0,0,0,0,0
25600,2017-09-10 17:22:33,25598.0,131248693,25598.0,0.0,25,0,0,0,0,0,0
25602,2017-09-10 17:39:07,,203712567,,1.0,26,0,0,0,0,0,0
25603,2017-09-10 17:42:02,,131248693,25602.0,0.0,26,0,0,0,0,0,0
25604,2017-09-10 17:44:21,,131248693,25603.0,0.0,26,0,0,0,0,0,0
25605,2017-09-10 17:50:16,,203712567,25604.0,0.0,26,0,0,0,0,0,0
25606,2017-09-10 17:52:08,,131248693,-1.0,0.0,27,1,0,0,0,0,0
25607,2017-09-10 17:52:22,25605.0,131248693,25605.0,0.0,26,0,0,0,0,0,0
25608,2017-09-10 17:53:27,,203712567,25607.0,0.0,26,0,0,0,0,0,0
25609,2017-09-10 17:54:13,,131248693,25608.0,0.0,26,0,0,0,0,0,0
25610,2017-09-10 17:55:29,,131248693,25609.0,0.0,26,1,0,0,0,0,0
25615,2017-09-10 22:40:32,19075.0,269788924,19075.0,0.0,28,0,0,0,0,0,0
25616,2017-09-10 23:53:06,25592.0,126752139,25592.0,0.0,25,1,0,0,0,0,0
25618,2017-09-11 6:37:04,25616.0,301026941,25616.0,0.0,25,0,0,0,1,0,0
25619,2017-09-11 7:11:04,,2936427,25615.0,0.0,28,1,0,0,0,0,0
25620,2017-09-11 8:39:57,,301026941,,1.0,29,0,0,0,0,0,0
25621,2017-09-11 8:55:18,,2305637,25620.0,0.0,29,1,0,0,0,0,0
25623,2017-09-11 9:04:09,25621.0,301026941,25621.0,0.0,29,0,0,0,0,0,0
25624,2017-09-11 9:10:18,,2305637,25620.0,0.0,29,1,0,0,0,0,0
25625,2017-09-11 9:10:47,,2305637,25624.0,0.0,29,1,0,0,0,0,0
25626,2017-09-11 9:11:25,,2305637,25625.0,0.0,29,1,0,0,0,0,0
25627,2017-09-11 10:52:26,,123334038,,1.0,30,0,0,0,0,0,0
25628,2017-09-11 11:03:53,,127216,25627.0,0.0,30,1,0,0,0,0,0
25629,2017-09-11 11:05:02,,127216,25628.0,0.0,30,1,0,0,0,0,0
25630,2017-09-11 11:11:41,,70908039,25627.0,0.0,30,1,0,0,0,0,0
25631,2017-09-11 11:14:25,25627.0,2305637,25627.0,0.0,30,1,0,0,0,0,0
25632,2017-09-11 11:14:53,,2305637,25631.0,0.0,30,1,0,0,0,0,0
25633,2017-09-11 11:15:06,,2305637,25627.0,0.0,30,1,0,0,0,0,0
25634,2017-09-11 11:30:59,,5240464,,1.0,31,0,0,0,0,0,0
25635,2017-09-11 12:13:41,,5240464,25634.0,0.0,31,0,0,0,0,0,0
25636,2017-09-11 12:35:25,,147716307,25634.0,0.0,31,0,0,0,0,0,0
25637,2017-09-11 12:50:22,,5240464,25636.0,0.0,31,0,0,0,0,0,0
25638,2017-09-11 12:50:36,,5240464,25637.0,0.0,31,0,0,0,0,0,0
25640,2017-09-11 13:00:38,,1664848,,1.0,32,0,0,0,0,0,0
25641,2017-09-11 13:00:54,,2305637,25640.0,0.0,32,1,0,0,0,0,0
25642,2017-09-11 13:01:28,,131248693,25640.0,0.0,32,1,0,0,0,0,0
25643,2017-09-11 13:01:46,,131248693,25642.0,0.0,32,1,0,0,0,0,0
25644,2017-09-11 13:03:45,,1664848,25643.0,0.0,32,0,0,1,0,0,0
25645,2017-09-11 13:05:47,,172624183,,1.0,33,0,0,0,0,0,0
25646,2017-09-11 13:05:51,,172624183,25645.0,0.0,33,0,0,0,0,0,0
25647,2017-09-11 13:07:25,,172624183,25646.0,0.0,33,0,0,0,0,0,0
25648,2017-09-11 13:10:59,,172624183,25645.0,0.0,33,0,0,0,0,0,0
25649,2017-09-11 13:16:33,25618.0,126752139,25618.0,0.0,25,1,0,0,0,0,0
25651,2017-09-11 13:17:39,,430134182,,1.0,34,0,0,0,0,0,0
25652,2017-09-11 13:23:50,,113092885,,1.0,35,0,0,0,0,0,0
25653,2017-09-11 13:27:29,25649.0,301026941,25649.0,0.0,25,0,0,0,1,0,0
25654,2017-09-11 13:39:40,,113092885,25652.0,0.0,35,0,0,0,0,0,0
25655,2017-09-11 13:58:53,,2305637,,1.0,36,0,0,0,0,0,0
25656,2017-09-11 14:00:09,25655.0,301026941,25655.0,0.0,36,0,0,0,0,0,0
25657,2017-09-11 14:01:06,,2305637,25656.0,0.0,36,0,0,0,0,0,0
25658,2017-09-11 14:03:02,,2305637,25657.0,0.0,36,1,0,0,0,0,0
25659,2017-09-11 14:03:41,,2305637,25655.0,0.0,36,1,0,0,0,0,0
25661,2017-09-11 14:04:13,,301026941,25658.0,0.0,36,1,0,0,0,0,0
25662,2017-09-11 14:04:49,,2305637,25661.0,0.0,36,0,0,0,0,0,0
25663,2017-09-11 14:05:11,,2305637,25662.0,0.0,36,0,0,0,0,0,0
25664,2017-09-11 14:05:20,,131248693,25663.0,0.0,36,1,0,0,0,0,0
25665,2017-09-11 14:05:21,,2305637,25659.0,0.0,36,0,0,0,0,0,0
25666,2017-09-11 14:05:42,,2305637,25664.0,0.0,36,0,0,0,0,0,0
25667,2017-09-11 14:27:55,,125517532,,1.0,37,0,0,0,0,0,0
25669,2017-09-11 14:42:08,,203712567,25667.0,0.0,37,1,0,0,0,0,0
25670,2017-09-11 14:43:38,,2305637,25657.0,0.0,36,1,0,1,0,0,0
25671,2017-09-11 14:44:18,,2305637,25670.0,0.0,36,1,0,0,0,0,0
25673,2017-09-11 15:58:22,,5240464,25634.0,0.0,31,1,0,1,0,0,0
25674,2017-09-11 15:58:41,25634.0,269493310,25634.0,0.0,31,1,0,0,0,0,0
25678,2017-09-11 18:24:15,,134531325,,1.0,38,0,0,0,0,0,0
25679,2017-09-11 18:28:21,25678.0,301026941,25678.0,0.0,38,0,0,0,0,0,0
25680,2017-09-11 18:31:07,,134531325,25679.0,0.0,38,0,0,0,0,0,0
25681,2017-09-11 18:41:41,,301026941,25680.0,0.0,38,0,0,0,0,0,0
25682,2017-09-11 18:56:31,25681.0,134531325,25681.0,0.0,38,0,0,1,0,0,0
25683,2017-09-11 19:08:28,,65842203,,1.0,39,0,0,0,0,0,0
25685,2017-09-11 19:30:42,25683.0,82230092,25683.0,0.0,39,1,0,0,0,0,0
25686,2017-09-11 19:32:23,,65842203,25683.0,0.0,39,1,0,1,0,0,0
25687,2017-09-11 20:04:06,,82230092,25685.0,0.0,39,0,0,0,0,0,0
25688,2017-09-11 20:04:17,,269788924,25683.0,0.0,39,1,1,0,0,0,0
25693,2017-09-12 7:08:39,,276658482,,1.0,40,0,0,0,0,0,1
25695,2017-09-12 8:56:43,,148321001,,1.0,41,0,0,0,0,0,0
37117,2017-12-21 11:12:08,,316252332,,0.0,42,0,0,0,0,0,0
37118,2017-12-21 11:12:35,,4552056,37117.0,0.0,42,0,0,0,0,0,0
37119,2017-12-21 11:12:40,,316252332,37118.0,0.0,42,0,0,0,0,0,0
37120,2017-12-21 11:13:07,,62492520,37119.0,0.0,42,0,0,0,0,0,0
37122,2017-12-21 11:15:12,37118.0,316252332,37118.0,0.0,42,0,0,0,0,0,0
37123,2017-12-21 11:16:51,,4552056,37122.0,0.0,42,0,0,0,0,0,0
37124,2017-12-21 11:18:30,37120.0,316252332,37120.0,0.0,42,0,0,0,0,0,0
37125,2017-12-21 11:20:46,37124.0,62492520,37124.0,0.0,42,0,0,1,0,0,0
37126,2017-12-21 11:20:53,,62492520,37125.0,0.0,42,0,0,1,0,0,0
37127,2017-12-21 11:30:58,,198152492,,1.0,43,0,0,0,0,0,0
37128,2017-12-21 11:31:09,,198152492,37127.0,0.0,43,0,0,0,0,0,0
37129,2017-12-21 11:31:23,,198152492,37128.0,0.0,43,0,0,0,0,0,0
37130,2017-12-21 11:32:08,,23441187,,1.0,44,0,0,0,0,0,0
37131,2017-12-21 11:33:10,,62492520,37130.0,0.0,44,1,0,0,0,0,0
37132,2017-12-21 11:34:02,37130.0,203712567,37130.0,0.0,44,1,0,0,0,0,0
37133,2017-12-21 11:35:06,37130.0,198152492,37130.0,0.0,44,1,0,0,0,0,0
37134,2017-12-21 11:35:53,37132.0,23441187,37132.0,0.0,44,0,0,0,0,0,0
37135,2017-12-21 11:36:12,,203712567,37134.0,0.0,44,0,0,0,0,0,0
37136,2017-12-21 11:37:00,37135.0,23441187,37135.0,0.0,44,0,0,0,0,0,0
37137,2017-12-21 11:37:31,,203712567,37136.0,0.0,44,0,0,0,0,0,0
37138,2017-12-21 11:37:50,37137.0,23441187,37137.0,0.0,44,0,0,1,0,0,0
37140,2017-12-21 11:50:52,,165119548,,0.0,45,0,0,0,0,0,0
37141,2017-12-21 11:53:57,,87379738,,1.0,46,0,0,0,0,0,0
37142,2017-12-21 11:54:57,,203712567,37141.0,0.0,46,1,0,0,0,0,0
37143,2017-12-21 11:55:05,,87379738,37142.0,0.0,46,0,0,0,0,0,0
37144,2017-12-21 11:55:21,,203712567,37143.0,0.0,46,1,0,0,0,0,0
37145,2017-12-21 11:55:48,,87379738,37144.0,0.0,46,0,0,0,0,0,0
37146,2017-12-21 11:56:43,,87379738,37145.0,0.0,46,0,0,0,0,0,0
37147,2017-12-21 11:58:00,,203712567,37145.0,0.0,46,1,0,0,0,0,0
37148,2017-12-21 12:01:26,,87379738,37147.0,0.0,46,0,0,0,0,0,0
37149,2017-12-21 12:02:42,,87379738,37148.0,0.0,46,0,0,0,0,0,0
37150,2017-12-21 12:02:55,,87379738,37149.0,0.0,46,0,0,0,0,0,0
37151,2017-12-21 12:03:12,,203712567,37148.0,0.0,46,0,0,0,0,0,0
37152,2017-12-21 12:03:39,,87379738,37151.0,0.0,46,0,0,1,0,0,0
37153,2017-12-21 12:03:42,,87379738,37152.0,0.0,46,0,0,1,0,0,0
37154,2017-12-21 12:17:22,37129.0,252087745,37129.0,0.0,43,1,0,0,0,0,0
37156,2017-12-21 12:20:31,,3334085,,1.0,47,0,0,0,0,0,0
37157,2017-12-21 12:36:03,,2936427,,1.0,48,0,0,0,0,0,0
37158,2017-12-21 12:41:38,37156.0,252087745,37156.0,0.0,47,1,0,0,0,0,0
37159,2017-12-21 12:42:04,37158.0,3334085,37158.0,0.0,47,0,0,0,0,0,0
37160,2017-12-21 12:42:56,37157.0,252087745,37157.0,0.0,48,1,0,0,0,0,0
37161,2017-12-21 12:44:22,,2936427,37160.0,0.0,48,0,0,0,0,0,0
37162,2017-12-21 12:44:23,37159.0,252087745,37159.0,0.0,47,1,0,0,0,0,0
37163,2017-12-21 12:45:13,37162.0,3334085,37162.0,0.0,47,1,0,0,0,0,0
37164,2017-12-21 12:45:32,,2936427,37160.0,0.0,48,0,0,0,0,0,0
37165,2017-12-21 12:46:41,37161.0,252087745,37161.0,0.0,48,1,0,0,0,0,0
37166,2017-12-21 12:46:57,,2936427,37165.0,0.0,48,1,0,1,0,0,0
37167,2017-12-21 12:49:55,37160.0,193847161,37160.0,0.0,48,0,0,0,0,0,0
37168,2017-12-21 12:52:19,,252087745,37167.0,0.0,48,0,0,0,0,0,0
37170,2017-12-21 12:56:50,,62492520,,1.0,49,0,0,0,0,0,0
37171,2017-12-21 12:57:24,,445335185,,1.0,50,0,0,0,0,0,0
37172,2017-12-21 12:58:05,,84251296,37171.0,0.0,50,0,0,0,0,0,0
37173,2017-12-21 12:58:23,,445335185,37172.0,0.0,50,0,0,0,0,0,0
37174,2017-12-21 12:58:45,,84251296,37173.0,0.0,50,0,0,0,0,0,0
37175,2017-12-21 13:00:32,37170.0,252087745,37170.0,0.0,49,1,0,0,0,0,0
37176,2017-12-21 13:02:30,37175.0,252087745,37175.0,0.0,49,1,0,0,0,0,0
37177,2017-12-21 13:03:40,,62492520,37175.0,0.0,49,0,0,0,0,0,0
37178,2017-12-21 13:06:38,,252087745,37177.0,0.0,49,1,0,0,0,0,0
37179,2017-12-21 13:08:35,,62492520,37178.0,0.0,49,0,0,0,0,0,0
37180,2017-12-21 13:09:33,,252087745,37179.0,0.0,49,0,0,0,0,0,0
37181,2017-12-21 13:10:44,,62492520,37180.0,0.0,49,0,0,0,0,0,0
37182,2017-12-21 13:11:29,37171.0,203712567,37171.0,0.0,50,0,0,0,0,0,0
37183,2017-12-21 13:12:51,,445335185,37182.0,0.0,50,0,0,0,0,0,0
37184,2017-12-21 13:13:25,,445335185,37183.0,0.0,50,0,0,0,0,0,0
37185,2017-12-21 13:13:38,,445335185,37184.0,0.0,50,0,0,0,0,0,0
37186,2017-12-21 13:14:17,37181.0,252087745,37181.0,0.0,49,0,0,0,0,0,0
37187,2017-12-21 13:24:09,37184.0,203712567,37184.0,0.0,50,0,0,0,0,0,0
37188,2017-12-21 13:25:26,,445335185,37187.0,0.0,50,0,0,0,0,0,0
37189,2017-12-21 13:28:34,37188.0,203712567,37188.0,0.0,50,1,0,0,0,0,0
37190,2017-12-21 13:29:49,,445335185,37189.0,0.0,50,0,0,0,0,0,0
37191,2017-12-21 13:30:31,,203712567,37190,0.0,50,1,0,0,0,0,0
37192,2017-12-21 13:31:22,,445335185,37191.0,0.0,50,0,0,0,0,0,0
37193,2017-12-21 13:32:12,,203712567,37192.0,0.0,50,1,0,0,0,0,0
37194,2017-12-21 13:34:02,37192.0,203712567,37193.0,0.0,50,0,0,0,0,0,0
37195,2017-12-21 13:34:22,,445335185,37194.0,0.0,50,0,0,0,0,0,0
37196,2017-12-21 13:34:22,37192.0,355707984,37192.0,0.0,50,0,0,0,0,0,0
37197,2017-12-21 13:34:46,,177444581,,1.0,51,0,0,0,0,0,0
37198,2017-12-21 13:35:19,37195.0,203712567,37195.0,0.0,50,0,0,0,0,0,0
37199,2017-12-21 13:35:37,37195.0,355707984,37195.0,0.0,50,0,0,0,0,0,0
37200,2017-12-21 13:35:51,,445335185,37199.0,0.0,50,0,0,0,0,0,0
37201,2017-12-21 13:36:05,37197.0,189275452,37197.0,0.0,51,1,0,0,0,0,0
37202,2017-12-21 13:36:22,,355707984,37195.0,0.0,50,0,0,0,0,0,0
37203,2017-12-21 13:36:26,,189275452,37197.0,0.0,51,0,0,0,0,0,0
37204,2017-12-21 13:36:34,37201.0,177444581,37201.0,0.0,51,0,0,0,0,0,0
37205,2017-12-21 13:36:35,,445335185,37202.0,0.0,50,0,0,0,1,0,0
37206,2017-12-21 13:37:22,37204.0,189275452,37204.0,0.0,51,1,0,0,0,0,0
37207,2017-12-21 13:37:28,,445335185,37202.0,0.0,50,0,0,0,0,0,0
37208,2017-12-21 13:38:26,37206.0,189275452,37206.0,0.0,51,0,0,0,0,0,0
37209,2017-12-21 13:38:35,37206.0,177444581,37206.0,0.0,51,0,1,0,0,0,0
37210,2017-12-21 13:38:38,37208.0,177444581,37208.0,0.0,51,0,0,0,0,0,0
37211,2017-12-21 13:39:04,,177444581,37210.0,0.0,51,0,0,0,0,0,0
37212,2017-12-21 13:39:05,37207.0,203712567,37207.0,0.0,50,0,0,0,0,0,0
37213,2017-12-21 13:39:54,,445335185,37212.0,0.0,50,0,0,0,0,0,0
37214,2017-12-21 13:40:33,,445335185,37213.0,0.0,50,0,0,0,1,0,0
37215,2017-12-21 13:40:46,,445335185,37214.0,0.0,50,0,0,0,0,0,0
37216,2017-12-21 13:41:26,,445335185,37215.0,0.0,50,0,0,0,0,0,0
37217,2017-12-21 13:47:01,,203712567,37214.0,0.0,50,0,0,0,0,0,0
37218,2017-12-21 13:51:01,,203712567,37217.0,0.0,50,0,0,0,0,0,0
37219,2017-12-21 13:52:43,,445335185,37217.0,0.0,50,0,0,1,0,0,0
37220,2017-12-21 13:57:08,,62492520,37186.0,0.0,49,0,0,0,1,0,0
37221,2017-12-21 13:59:22,37212.0,355707984,37212.0,0.0,50,1,0,0,0,0,0
37222,2017-12-21 14:00:36,,203712567,37221.0,0.0,50,0,0,0,0,0,0
37223,2017-12-21 14:01:08,,445335185,37221.0,0.0,50,0,0,0,0,0,0
37224,2017-12-21 14:01:13,,355707984,37223.0,0.0,50,0,0,0,0,0,0
37225,2017-12-21 14:01:34,,445335185,37224.0,0.0,50,0,0,0,1,0,0
37226,2017-12-21 14:02:23,,355707984,37223.0,0.0,50,0,0,0,0,0,0
37227,2017-12-21 14:03:48,,445335185,37226.0,0.0,50,0,0,0,0,0,0
37228,2017-12-21 14:05:00,37225.0,355707984,37225.0,0.0,50,1,0,0,0,0,0
37229,2017-12-21 14:05:21,37227.0,355707984,37227.0,0.0,50,0,0,0,0,0,0
37230,2017-12-21 14:05:48,,445335185,37228.0,0.0,50,0,0,0,0,0,0
37231,2017-12-21 14:06:08,,355707984,37230.0,0.0,50,0,0,0,0,0,0
37232,2017-12-21 14:06:31,,445335185,37231.0,0.0,50,0,0,1,0,0,0
37233,2017-12-21 14:07:06,,445335185,37232.0,0.0,50,0,0,0,0,0,0
37234,2017-12-21 14:07:14,,355707984,37233.0,0.0,50,0,0,0,0,0,0
37235,2017-12-21 14:07:24,,355707984,37234.0,0.0,50,0,0,0,0,0,0
37236,2017-12-21 14:07:26,,445335185,37235.0,0.0,50,0,0,0,0,0,0
37237,2017-12-21 14:07:33,,445335185,37236.0,0.0,50,0,0,0,0,0,0
37238,2017-12-21 14:07:52,,355707984,37236.0,0.0,50,0,0,0,0,0,0
37239,2017-12-21 14:09:02,,3334085,37234.0,0.0,50,0,0,0,1,0,0
37240,2017-12-21 14:09:36,37239.0,445335185,37239.0,0.0,50,0,0,0,0,0,0
37241,2017-12-21 14:09:55,,355707984,37236.0,0.0,50,0,0,0,0,0,0
37242,2017-12-21 14:10:33,37240.0,3334085,37240.0,0.0,50,0,0,0,0,0,0
37243,2017-12-21 14:10:53,,355707984,37236.0,0.0,50,0,0,0,0,0,0
37245,2017-12-21 14:25:11,,54746929,,1.0,52,0,0,0,0,0,0
37246,2017-12-21 14:28:13,,203712567,37245.0,0.0,52,1,0,0,0,0,0
37247,2017-12-21 14:32:07,,214676685,,1.0,53,0,0,0,0,0,0
37251,2017-12-21 15:21:31,,62492520,,0.0,49,0,0,0,1,0,0
37252,2017-12-21 15:23:52,37251.0,1664848,37251.0,0.0,49,0,0,0,0,0,0
37253,2017-12-21 15:24:53,,62492520,37252.0,0.0,49,0,0,1,0,0,0
37254,2017-12-21 15:25:05,37253.0,1664848,37253.0,0.0,49,0,0,0,0,0,0
37255,2017-12-21 15:25:17,,62492520,37254.0,0.0,49,0,0,0,0,0,0
37256,2017-12-21 15:25:48,37255.0,1664848,37255.0,0.0,49,0,0,0,0,0,0
37257,2017-12-21 15:27:11,,62492520,37256.0,0.0,49,0,0,0,0,0,0
37258,2017-12-21 15:41:13,,62492520,37257.0,0.0,49,0,0,0,0,0,0
37259,2017-12-21 16:12:44,,311675310,37258.0,0.0,49,0,0,0,0,0,0
37260,2017-12-21 16:13:12,,311675310,37259.0,0.0,49,0,0,0,0,0,0
37261,2017-12-21 16:13:59,,311675310,37258.0,0.0,49,0,0,0,0,0,0
37262,2017-12-21 16:14:50,,62492520,37259.0,0.0,49,0,0,1,0,0,0
37263,2017-12-21 16:17:52,,311675310,37262.0,0.0,49,0,0,0,0,0,0
37567,2017-12-25 13:08:06,,125719330,,1.0,54,0,0,0,0,0,0
37568,2017-12-25 13:08:24,,125719330,37567.0,0.0,54,0,0,0,0,0,0
37569,2017-12-25 13:11:09,,131248693,37568.0,0.0,54,0,0,0,0,0,0
37570,2017-12-25 13:13:27,,203854900,,1.0,55,0,0,0,0,0,0
37571,2017-12-25 13:13:30,,131248693,37567.0,0.0,54,1,0,0,0,0,0
37573,2017-12-25 13:15:40,,393156526,,1.0,56,0,0,0,0,0,0
37574,2017-12-25 13:15:47,,393156526,37573.0,0.0,56,0,0,0,0,0,0
37575,2017-12-25 13:16:18,,24220924,37574.0,0.0,56,1,0,0,0,0,0
37576,2017-12-25 13:16:41,,24220924,37575.0,0.0,56,1,0,0,0,0,0
37577,2017-12-25 13:17:14,,24220924,37576.0,0.0,56,1,0,0,0,0,0
37578,2017-12-25 13:18:00,,393156526,37577.0,0.0,56,0,0,0,0,0,0
37579,2017-12-25 13:18:07,37570.0,316252332,37570.0,0.0,55,1,0,0,0,0,0
37580,2017-12-25 13:18:42,,203854900,37579.0,0.0,55,0,0,1,0,0,0
37582,2017-12-25 13:24:50,,393156526,37575.0,0.0,56,0,0,0,0,0,0
37583,2017-12-25 13:26:53,,445335185,,1.0,57,0,0,0,0,0,0
37584,2017-12-25 13:51:25,37582.0,24220924,37582.0,0.0,56,0,0,0,0,0,0
37585,2017-12-25 13:51:50,,24220924,37584.0,0.0,56,0,0,0,0,0,0
37586,2017-12-25 13:54:13,37569.0,125719330,37569.0,0.0,54,0,0,0,0,0,0
37587,2017-12-25 15:13:23,,152355939,,1.0,58,0,0,0,0,0,0
37588,2017-12-25 15:14:09,37587.0,70908039,37587.0,0.0,58,1,0,0,0,0,0
37589,2017-12-25 15:14:12,,131248693,37588.0,0.0,58,0,0,0,0,0,0
37590,2017-12-25 15:16:31,,152355939,37588.0,0.0,58,0,0,0,0,0,0
37591,2017-12-25 15:17:38,37590.0,70908039,37590.0,0.0,58,1,0,0,0,0,0
37592,2017-12-25 15:18:27,,152355939,37591.0,0.0,58,0,0,1,0,0,0
37593,2017-12-25 15:53:16,,127710429,,1.0,59,0,0,0,0,0,0
37594,2017-12-25 15:57:13,37593.0,165386325,37593.0,0.0,59,1,0,0,0,0,0
37595,2017-12-25 15:58:06,37594.0,127710429,37594.0,0.0,59,0,0,0,0,0,0
37596,2017-12-25 15:58:35,,165386325,37595.0,0.0,59,1,0,0,0,0,0
37597,2017-12-25 15:58:54,,269493310,37593.0,0.0,59,1,0,0,0,0,0
37598,2017-12-25 15:59:15,,165386325,37597.0,0.0,59,1,0,0,0,0,0
37599,2017-12-25 15:59:22,,269493310,37598.0,0.0,59,1,0,0,0,0,0
37600,2017-12-25 15:59:33,,165386325,37599.0,0.0,59,0,0,0,0,0,0
37601,2017-12-25 15:59:40,,165386325,37600.0,0.0,59,1,0,0,0,0,0
37602,2017-12-25 16:04:48,37599.0,127710429,37599.0,0.0,59,0,0,0,0,0,0
37603,2017-12-25 16:05:31,37602.0,165386325,37602.0,0.0,59,0,0,0,0,0,0
37604,2017-12-25 16:05:41,,269493310,37602.0,0.0,59,0,0,0,0,0,0
37605,2017-12-25 16:06:47,,127710429,37604.0,0.0,59,0,0,1,0,0,0
37606,2017-12-25 16:07:09,,165386325,37603.0,0.0,59,0,0,0,1,0,0
37607,2017-12-25 16:07:12,,165386325,37606.0,0.0,59,0,0,0,0,0,0
37608,2017-12-25 16:11:40,,269493310,37606.0,0.0,59,0,0,0,0,0,0
37609,2017-12-25 16:16:15,,793606,37608.0,0.0,59,0,0,0,0,0,0
37610,2017-12-25 16:46:44,,269493310,37609.0,0.0,59,0,0,0,0,0,0
37611,2017-12-25 16:51:04,,53654175,37610.0,0.0,59,0,0,0,0,0,0
37612,2017-12-25 17:03:40,,203377053,,1.0,60,0,0,0,0,0,0
37613,2017-12-25 17:04:28,,203377053,37612.0,0.0,60,0,0,0,0,0,0
37614,2017-12-25 17:05:39,,203377053,37613.0,0.0,60,0,0,0,0,0,0
37615,2017-12-25 17:10:36,,203377053,37614.0,0.0,60,0,0,0,0,0,0
37616,2017-12-25 17:18:09,,165386325,37615.0,0.0,60,1,0,0,0,0,0
37617,2017-12-25 17:20:17,,24220924,37615.0,0.0,60,1,0,0,0,0,0
37618,2017-12-25 17:20:33,,24220924,37617.0,0.0,60,1,0,0,0,0,0
37619,2017-12-25 17:20:34,37616.0,203377053,37616.0,0.0,60,0,0,0,0,0,0
37620,2017-12-25 17:20:47,37616.0,126752139,37616.0,0.0,60,0,0,0,0,0,0
37621,2017-12-25 17:22:04,37615.0,126752139,37615.0,0.0,60,1,0,0,0,0,0
37622,2017-12-25 17:24:51,37621.0,203377053,37621.0,0.0,60,0,0,0,0,0,0
37623,2017-12-25 17:26:44,,126752139,37622,0.0,60,0,0,0,0,0,0
37624,2017-12-25 17:26:57,37623.0,203377053,37623.0,0.0,60,0,0,1,0,0,0
37625,2017-12-25 17:27:22,,2305637,37615.0,0.0,60,0,0,0,0,0,0
37626,2017-12-25 17:27:58,,2305637,37625.0,0.0,60,0,0,0,0,0,0
37627,2017-12-25 17:29:13,,2305637,37626.0,0.0,60,0,0,0,0,0,0
37628,2017-12-25 17:29:52,,24220924,37627.0,0.0,60,0,0,0,0,0,0
37629,2017-12-25 17:30:41,,24220924,37628.0,0.0,60,0,0,0,0,0,0
37630,2017-12-25 17:31:59,37627.0,203377053,37627.0,0.0,60,0,0,0,0,0,0
37631,2017-12-25 17:32:39,37630.0,2305637,37630.0,0.0,60,0,0,0,0,0,0
37632,2017-12-25 17:33:15,37631.0,203377053,37631.0,0.0,60,0,0,0,0,0,0
37633,2017-12-25 17:34:48,,445335185,,1.0,61,0,0,0,0,0,0
37634,2017-12-25 17:36:46,,269493310,37633.0,0.0,61,1,0,0,0,0,0
37635,2017-12-25 17:38:05,37634.0,445335185,37634.0,0.0,61,0,0,0,1,0,0
37636,2017-12-25 17:38:47,,445335185,37635.0,0.0,61,0,0,0,0,0,0
37637,2017-12-25 17:39:03,,24220924,37636.0,0.0,61,1,0,0,0,0,0
37638,2017-12-25 17:39:42,37637.0,445335185,37637.0,0.0,61,0,0,0,0,0,0
37940,2017-12-29 9:09:44,,477818446,,0.0,62,0,0,0,0,0,0
37941,2017-12-29 9:10:04,,2305637,37635,0.0,63,1,0,0,0,0,0
37942,2017-12-29 9:16:43,37940.0,115665123,37940.0,0.0,62,0,0,0,0,0,0
37943,2017-12-29 9:21:35,,115665123,37942.0,0.0,62,0,0,0,0,0,0
37944,2017-12-29 9:31:11,37942.0,477818446,37942.0,0.0,62,0,0,0,0,0,0
37945,2017-12-29 9:32:14,,371999900,37944.0,0.0,62,0,0,0,0,0,0
37946,2017-12-29 9:33:10,,477818446,37945.0,0.0,62,0,0,0,0,0,0
37947,2017-12-29 9:35:14,37945.0,477818446,37946.0,0.0,62,0,0,0,0,0,0
37948,2017-12-29 9:36:07,,371999900,37947.0,0.0,62,0,0,0,0,0,0
37949,2017-12-29 9:52:14,37946.0,115665123,37946.0,0.0,62,0,0,0,1,0,0
37950,2017-12-29 9:52:58,,115665123,37949.0,0.0,62,0,0,0,0,0,0
37951,2017-12-29 9:53:30,,115665123,37950.0,0.0,62,0,0,0,0,0,0
37952,2017-12-29 9:53:44,,115665123,37951.0,0.0,62,0,0,0,0,0,0
37953,2017-12-29 9:54:09,,115665123,37952.0,0.0,62,0,0,0,0,0,0
37954,2017-12-29 9:54:25,,477818446,37953.0,0.0,62,0,0,0,0,0,0
37955,2017-12-29 9:55:01,,115665123,37954.0,0.0,62,0,0,0,0,0,0
37956,2017-12-29 9:55:21,,115665123,37955.0,0.0,62,0,0,0,0,0,0
37957,2017-12-29 9:55:31,,115665123,37956.0,0.0,62,0,0,0,0,0,0
37958,2017-12-29 9:55:50,,477818446,37957.0,0.0,62,0,0,0,0,0,0
37959,2017-12-29 9:56:11,,115665123,37958.0,0.0,62,0,0,0,0,0,0
37960,2017-12-29 9:57:19,,115665123,37959.0,0.0,62,0,0,0,0,0,0
37961,2017-12-29 9:57:46,,115665123,37960.0,0.0,62,0,0,0,0,0,0
37962,2017-12-29 9:58:26,,115665123,37961.0,0.0,62,0,0,0,0,0,0
37963,2017-12-29 9:58:32,,115665123,37962.0,0.0,62,0,0,0,0,0,0
37964,2017-12-29 9:58:34,,371999900,37958.0,0.0,62,0,0,0,1,0,0
37965,2017-12-29 9:59:04,,115665123,37963.0,0.0,62,0,0,0,0,0,0
37966,2017-12-29 9:59:46,,371999900,37964.0,0.0,62,0,0,0,0,0,0
37967,2017-12-29 10:01:27,,371999900,37966.0,0.0,62,0,0,0,0,0,0
37968,2017-12-29 10:01:59,,115665123,37965.0,0.0,62,0,0,0,0,0,0
37969,2017-12-29 10:02:04,,115665123,37968.0,0.0,62,0,0,0,0,0,0
37970,2017-12-29 10:37:27,,371999900,37969.0,0.0,62,0,0,0,0,0,0
37971,2017-12-29 11:15:29,,45689790,,1.0,64,0,0,0,0,0,0
37972,2017-12-29 11:18:52,37971.0,477818446,37971.0,0.0,64,0,0,0,0,0,0
37973,2017-12-29 11:19:08,,45689790,37972.0,0.0,64,0,0,0,0,0,0
37974,2017-12-29 11:19:37,,45689790,37973.0,0.0,64,0,0,0,0,0,0
37975,2017-12-29 11:20:23,,131248693,37974.0,0.0,64,0,0,0,0,0,0
37976,2017-12-29 11:20:41,,45689790,37975.0,0.0,64,0,0,0,0,0,0
37977,2017-12-29 11:21:32,,45689790,37976.0,0.0,64,0,0,0,0,0,0
37978,2017-12-29 11:21:36,37973.0,477818446,37973.0,0.0,64,0,0,0,0,0,0
37979,2017-12-29 11:22:25,,131248693,37977.0,0.0,64,0,0,0,0,0,0
37980,2017-12-29 11:24:46,,45689790,37975.0,0.0,64,0,0,0,0,0,0
37981,2017-12-29 11:24:56,,45689790,37979.0,0.0,64,0,0,0,0,0,0
37982,2017-12-29 11:24:58,,45689790,37981.0,0.0,64,0,0,0,0,0,0
37983,2017-12-29 11:26:12,,477818446,37982.0,0.0,64,1,0,0,0,0,0
37984,2017-12-29 11:26:37,,477818446,37983.0,0.0,64,1,0,0,0,0,0
37985,2017-12-29 11:28:32,,477818446,37984.0,0.0,64,0,0,0,0,0,0
37986,2017-12-29 11:28:50,,45689790,37985.0,0.0,64,0,0,0,0,0,0
37987,2017-12-29 11:28:57,,45689790,37986.0,0.0,64,0,0,0,0,0,0
37988,2017-12-29 11:29:45,37983.0,477818446,37983.0,0.0,64,0,0,0,0,0,0
37989,2017-12-29 11:30:29,,45689790,37988.0,0.0,64,0,0,0,0,0,0
37990,2017-12-29 11:46:09,,477818446,37989.0,0.0,64,0,0,0,0,0,0
37991,2017-12-29 11:54:41,37930.0,158503711,37930.0,0.0,65,0,0,0,0,0,0
37992,2017-12-29 12:47:15,37991.0,223523,37991.0,0.0,65,0,0,0,0,0,0
37995,2017-12-29 14:14:39,,203377053,,1.0,66,0,0,0,0,0,0
37996,2017-12-29 14:15:55,37992.0,477818446,37992.0,0.0,65,0,0,0,0,0,0
37997,2017-12-29 14:16:15,,477818446,37996.0,0.0,65,0,0,0,0,0,0
37998,2017-12-29 14:16:47,37996.0,223523,37996.0,0.0,65,0,0,0,0,0,0
37999,2017-12-29 14:20:37,37997.0,82230092,37997.0,0.0,65,0,0,0,0,0,0
38000,2017-12-29 14:25:09,,131248693,37999.0,0.0,65,0,0,0,0,0,0
38001,2017-12-29 14:25:43,37999.0,477818446,37999.0,0.0,65,0,0,0,0,0,0
38002,2017-12-29 15:34:36,,126752139,,1.0,67,0,0,0,0,0,1
38003,2017-12-29 16:02:04,37855.0,371999900,37855.0,0.0,68,0,0,0,0,0,0
38004,2017-12-29 16:09:17,,58334277,38003.0,0.0,68,1,0,0,0,0,0
38006,2017-12-29 18:53:26,,371999900,38004.0,0.0,68,0,1,0,0,0,0
38007,2017-12-29 18:53:29,37918.0,95169901,37918.0,0.0,69,0,0,0,0,0,0
38008,2017-12-29 18:53:56,38007.0,2305637,38007.0,0.0,69,0,0,0,0,0,0
38009,2017-12-29 18:54:11,,2305637,38008.0,0.0,69,0,0,0,0,0,0
38010,2017-12-29 18:55:34,,95169901,38009.0,0.0,69,0,0,0,0,0,0
38011,2017-12-29 18:56:07,38010.0,2305637,38010.0,0.0,69,0,0,0,0,0,0
38012,2017-12-29 18:57:15,,2305637,38011.0,0.0,69,0,0,0,0,0,0
64435,2018-09-03 9:14:32,64405.0,341163869,64405.0,0.0,70,0,0,1,0,0,0
64436,2018-09-03 9:16:26,,341163869,64435.0,0.0,70,0,0,0,1,0,0
64437,2018-09-03 9:18:10,64433.0,406685811,64433.0,0.0,71,0,0,0,0,0,0
64438,2018-09-03 9:18:23,,406685811,64437.0,0.0,71,0,0,0,0,0,0
64439,2018-09-03 9:21:12,64407.0,435001792,64407.0,0.0,72,0,0,0,0,0,0
64440,2018-09-03 9:24:17,,66170885,,1.0,73,0,0,0,0,0,0
64441,2018-09-03 9:25:09,64440.0,368122583,64440.0,0.0,73,1,0,0,0,0,0
64442,2018-09-03 9:31:23,64424.0,368122583,64424.0,0.0,74,0,0,0,0,0,0
64443,2018-09-03 9:31:24,64439.0,156443990,64439.0,0.0,72,0,0,0,0,0,0
64444,2018-09-03 9:32:22,,368122583,64442.0,0.0,74,0,0,0,0,0,0
64445,2018-09-03 9:33:23,64443.0,435001792,64443.0,0.0,72,0,0,0,0,0,0
64446,2018-09-03 9:33:39,64442.0,177142689,64442.0,0.0,74,0,0,0,0,0,0
64447,2018-09-03 9:34:26,,177142689,64446.0,0.0,74,0,0,0,0,0,0
64448,2018-09-03 9:48:42,,368122583,64444.0,0.0,74,0,0,0,0,0,0
64449,2018-09-03 10:02:24,64436.0,368122583,64436.0,0.0,70,0,0,0,0,0,0
64450,2018-09-03 10:04:58,64406.0,368122583,64406.0,0.0,75,0,0,0,0,0,0
64451,2018-09-03 10:05:47,64450.0,435001792,64450.0,0.0,75,0,0,1,0,0,0
64452,2018-09-03 10:06:05,,160459580,,1.0,76,0,0,0,0,0,0
64453,2018-09-03 10:06:52,,110466011,64452.0,0.0,76,1,0,0,0,0,0
64454,2018-09-03 10:07:16,,110466011,64453.0,0.0,76,1,0,0,0,0,0
64455,2018-09-03 10:07:47,,110466011,64454.0,0.0,76,1,0,0,0,0,0
64456,2018-09-03 10:07:56,64452.0,368122583,64452.0,0.0,76,1,0,0,0,0,0
64457,2018-09-03 10:09:06,,160459580,64456.0,0.0,76,0,0,0,1,0,0
64458,2018-09-03 10:09:30,,110466011,64457.0,0.0,76,0,0,0,0,0,0
64459,2018-09-03 10:09:38,,110466011,64458.0,0.0,76,0,0,0,0,0,0
64460,2018-09-03 10:09:44,,160459580,64457.0,0.0,76,0,0,0,0,0,0
64461,2018-09-03 10:09:54,,368122583,64456.0,0.0,76,1,0,0,0,0,0
64462,2018-09-03 10:11:54,64457.0,368122583,64457.0,0.0,76,1,0,0,0,0,0
64463,2018-09-03 10:13:24,,368122583,64462.0,0.0,76,1,0,0,0,0,0
64464,2018-09-03 10:14:07,,368122583,64463.0,0.0,76,1,0,0,0,0,0
64465,2018-09-03 10:15:48,,368122583,64464.0,0.0,76,1,0,0,0,0,0
64466,2018-09-03 10:17:10,64464.0,197940835,64464.0,0.0,76,0,0,0,1,0,0
64467,2018-09-03 10:18:23,64466.0,368122583,64466.0,0.0,76,0,0,0,0,0,0
64468,2018-09-03 10:21:12,,368122583,64467.0,0.0,76,0,0,0,0,0,0
64469,2018-09-03 10:22:59,64468.0,301026941,64468.0,0.0,76,0,0,0,0,0,0
64470,2018-09-03 10:26:23,,368122583,64433.0,0.0,77,0,0,0,0,0,0
64472,2018-09-03 10:27:05,64433.0,368122583,64470.0,0.0,77,0,0,0,0,0,0
64473,2018-09-03 10:28:02,64472.0,341163869,64472.0,0.0,77,0,0,1,0,0,0
64474,2018-09-03 10:29:50,64473.0,368122583,64473.0,0.0,77,0,0,0,0,1,0
64475,2018-09-03 11:49:16,,260967297,,1.0,78,0,0,0,0,0,0
64476,2018-09-03 11:49:30,,260967297,64475.0,0.0,78,0,0,0,0,0,0
64477,2018-09-03 11:49:51,,260967297,64476.0,0.0,78,0,0,0,0,0,0
64478,2018-09-03 11:51:09,,260967297,64477.0,0.0,78,0,0,0,0,0,0
64479,2018-09-03 11:53:22,,203854900,64475.0,0.0,78,1,0,0,0,0,0
64480,2018-09-03 11:55:08,,260967297,64479.0,0.0,78,0,0,1,0,0,0
64483,2018-09-03 12:22:21,,82154989,,1.0,79,0,0,0,0,0,0
64484,2018-09-03 12:24:02,64483.0,163133303,64483.0,0.0,79,1,0,0,0,0,0
64485,2018-09-03 12:26:41,,597886367,,1.0,80,0,0,0,0,0,0
64486,2018-09-03 12:29:44,64485.0,203854900,64485.0,0.0,80,1,0,0,0,0,0
64487,2018-09-03 12:33:30,,597886367,64486.0,0.0,80,0,0,0,1,0,0
64488,2018-09-03 12:33:58,,203854900,64487.0,0.0,80,0,0,0,0,0,0
64489,2018-09-03 12:34:07,,597886367,64488.0,0.0,80,0,0,0,0,0,0
64490,2018-09-03 12:55:44,64483.0,113659538,64483.0,0.0,79,1,0,0,0,0,0
64491,2018-09-03 12:55:52,,113659538,64490.0,0.0,79,1,0,0,0,0,0
64492,2018-09-03 12:56:55,64491.0,82154989,64491.0,0.0,79,0,0,0,1,0,0
64493,2018-09-03 12:58:09,,113659538,64492.0,0.0,79,1,0,0,0,0,0
64494,2018-09-03 12:58:21,,113659538,64493.0,0.0,79,1,0,0,0,0,0
64495,2018-09-03 12:58:31,,82154989,64494.0,0.0,79,0,0,0,0,0,0
64496,2018-09-03 12:58:50,,113659538,64495.0,0.0,79,1,0,0,0,0,0
64497,2018-09-03 12:59:20,,82154989,64490.0,0.0,79,0,0,0,0,0,0
64498,2018-09-03 12:59:21,64495.0,113659538,64495.0,0.0,79,1,0,0,0,0,0
64499,2018-09-03 12:59:23,,82154989,64498.0,0.0,79,0,0,1,0,0,0
64500,2018-09-03 13:00:53,,286230512,,1.0,81,0,0,0,0,0,0
64501,2018-09-03 13:13:44,64500.0,368122583,64500.0,0.0,81,1,0,0,0,0,0
64502,2018-09-03 13:16:20,64501.0,286230512,64501.0,0.0,81,0,0,0,1,0,0
64503,2018-09-03 13:24:44,64502.0,163133303,64502.0,0.0,81,0,0,0,0,0,0
64504,2018-09-03 13:26:39,64483.0,288462591,64483.0,0.0,79,1,0,0,0,0,0
64505,2018-09-03 13:26:41,64501.0,368122583,64501.0,0.0,81,1,0,0,0,0,0
64506,2018-09-03 13:29:36,64502.0,368122583,64502.0,0.0,81,1,0,0,0,0,0
64507,2018-09-03 13:30:36,,368122583,64506.0,0.0,81,1,0,0,0,0,0
64824,2018-09-07 9:12:41,64821.0,206040010,64821.0,0.0,82,0,0,0,0,0,0
64825,2018-09-07 9:12:54,,206040010,64824.0,0.0,82,0,0,0,0,0,0
64826,2018-09-07 9:13:52,,303294991,64825.0,0.0,82,0,0,1,0,0,0
64827,2018-09-07 9:13:57,64825.0,203712567,64825.0,0.0,82,0,0,0,0,0,0
64830,2018-09-07 12:32:19,,205999805,,1.0,83,0,0,0,0,0,0
64831,2018-09-07 12:35:50,64830.0,203712567,64830.0,0.0,83,1,0,0,0,0,0
64832,2018-09-07 12:37:44,,205999805,64831.0,0.0,83,0,0,1,0,0,0
64833,2018-09-07 12:48:21,,614631860,,1.0,84,0,0,0,0,0,0
64834,2018-09-07 12:49:03,64833.0,207138847,64833.0,0.0,84,1,0,0,0,0,0
64835,2018-09-07 12:49:50,,614631860,64834.0,0.0,84,0,0,0,1,0,0
64836,2018-09-07 12:51:26,,275770106,64835.0,0.0,84,0,0,0,0,0,0
64837,2018-09-07 12:54:34,64836.0,614631860,64836.0,0.0,84,0,0,0,0,0,0
64838,2018-09-07 12:56:50,,275770106,64837.0,0.0,84,0,0,0,0,0,0
64839,2018-09-07 13:00:56,64838.0,614631860,64838.0,0.0,84,0,0,0,1,0,0
64840,2018-09-07 13:04:27,,275770106,64839.0,0.0,84,0,0,0,0,0,0
64841,2018-09-07 13:08:27,,614631860,64840.0,0.0,84,0,0,0,0,0,0
64842,2018-09-07 13:12:10,,309559465,,1.0,85,0,0,0,0,0,0
64843,2018-09-07 13:16:14,64842.0,207138847,64842.0,0.0,85,1,0,0,0,0,0
64844,2018-09-07 13:17:55,64843.0,309559465,64843.0,0.0,85,0,0,1,0,0,0
64846,2018-09-07 14:39:15,,554629710,,1.0,86,0,0,0,0,0,0
64847,2018-09-07 14:40:10,,554629710,64846.0,0.0,86,0,0,0,0,0,0
64848,2018-09-07 14:40:38,,159165327,64847.0,0.0,86,1,0,0,0,0,0
64849,2018-09-07 14:41:11,64848.0,301026941,64848.0,0.0,86,1,0,0,0,0,0
64850,2018-09-07 14:42:14,,554629710,64846.0,0.0,86,0,0,0,1,0,0
64851,2018-09-07 14:43:01,,301026941,64850.0,0.0,86,1,0,0,0,0,0
64852,2018-09-07 14:43:21,,301026941,64851.0,0.0,86,1,0,0,0,0,0
64853,2018-09-07 14:43:30,64847.0,43057646,64847.0,0.0,86,0,0,0,0,0,0
64854,2018-09-07 14:44:00,64853.0,554629710,64853.0,0.0,86,0,0,0,0,0,0
64855,2018-09-07 14:44:30,,43057646,64854.0,0.0,86,1,0,0,0,0,0
64856,2018-09-07 14:45:01,,554629710,64853.0,0.0,86,0,0,0,0,0,0
64857,2018-09-07 14:45:15,,206040010,,1.0,87,0,0,0,0,0,0
64858,2018-09-07 14:45:40,,206040010,64857.0,0.0,87,0,0,0,0,0,0
64859,2018-09-07 14:45:43,,206040010,64858.0,0.0,87,0,0,0,0,0,0
64861,2018-09-07 14:45:52,,206040010,64859.0,0.0,87,0,0,0,0,0,0
64862,2018-09-07 14:46:53,64851.0,554629710,64851.0,0.0,86,0,0,0,0,0,0
64863,2018-09-07 14:52:23,64862.0,301026941,64862.0,0.0,86,0,0,0,1,0,0
64864,2018-09-07 14:54:45,,554629710,64863.0,0.0,86,0,0,0,0,0,0
64865,2018-09-07 14:56:14,,554629710,64864.0,0.0,86,0,0,0,0,0,0
64866,2018-09-07 14:56:49,,554629710,64865.0,0.0,86,0,0,0,0,0,0
64867,2018-09-07 14:59:13,64856.0,43057646,64856.0,0.0,86,0,0,0,0,0,0
64868,2018-09-07 15:01:37,64867.0,554629710,64867.0,0.0,86,0,0,0,0,0,0
64869,2018-09-07 15:05:06,64864.0,43057646,64864.0,0.0,86,1,0,0,0,0,0
64870,2018-09-07 15:06:07,,554629710,64869.0,0.0,86,0,0,0,0,0,0
64871,2018-09-07 15:07:04,,554629710,64870.0,0.0,86,0,0,0,0,0,0
64872,2018-09-07 15:08:00,,554629710,64871.0,0.0,86,0,0,0,0,0,0
64873,2018-09-07 15:50:36,,205327317,,1.0,88,0,0,0,0,0,0
64874,2018-09-07 15:54:17,,131248693,64873.0,0.0,88,1,0,0,0,0,0
64875,2018-09-07 16:05:34,64874.0,205327317,64874.0,0.0,88,0,0,1,0,0,0
64876,2018-09-07 16:25:21,,303294991,,1.0,89,0,0,0,0,0,0
64877,2018-09-07 17:10:24,,220872458,,1.0,90,0,0,0,0,0,0
64878,2018-09-07 17:12:25,64877.0,301026941,64877.0,0.0,90,1,0,0,0,0,0
64879,2018-09-07 17:12:53,,301026941,64878.0,0.0,90,1,0,0,0,0,0
64880,2018-09-07 17:14:04,,220872458,64879.0,0.0,90,0,0,0,0,0,0
64881,2018-09-07 17:34:05,,301026941,64880.0,0.0,90,1,0,0,0,0,0
64882,2018-09-07 18:10:55,64881.0,220872458,64881.0,0.0,90,0,0,1,0,0,0
64883,2018-09-07 18:21:29,64876.0,30945314,64876.0,0.0,89,1,0,0,0,0,0
64886,2018-09-07 19:42:36,,554629710,,1.0,91,0,0,0,0,0,0
64887,2018-09-07 20:03:10,64886.0,301026941,64886.0,0.0,91,0,0,0,1,0,0
64888,2018-09-07 20:07:07,64887.0,554629710,64887.0,0.0,91,0,0,0,0,0,0
64889,2018-09-07 20:07:12,,554629710,64888.0,0.0,91,0,0,0,0,0,0
64890,2018-09-07 20:08:27,,301026941,64889.0,0.0,91,1,0,0,0,0,0
64891,2018-09-07 20:08:33,,554629710,64890.0,0.0,91,0,0,0,0,0,0
64892,2018-09-07 20:10:30,64890.0,554629710,64891.0,0.0,91,0,0,0,0,0,0
64893,2018-09-07 20:10:51,,311675310,64892.0,0.0,91,0,0,0,1,0,0
64894,2018-09-07 20:11:12,,311675310,64893.0,0.0,91,0,0,0,0,0,0
64895,2018-09-07 20:11:28,64893.0,554629710,64893.0,0.0,91,0,0,0,0,0,0
64896,2018-09-07 20:12:10,,311675310,64895.0,0.0,91,1,0,0,0,0,0
64897,2018-09-07 20:12:24,,311675310,64896.0,0.0,91,1,0,0,0,0,0
64898,2018-09-07 20:13:28,,554629710,64897.0,0.0,91,0,0,0,0,0,0
64899,2018-09-07 20:14:05,,311675310,64898.0,0.0,91,1,0,0,0,0,0
65191,2018-09-11 13:55:05,65186.0,203712567,65186.0,0.0,92,0,0,1,0,0,0
65192,2018-09-11 14:05:46,65185.0,440697772,65185.0,0.0,93,0,0,0,0,0,0
65193,2018-09-11 14:09:56,,303294991,,1.0,94,0,0,0,0,0,0
65194,2018-09-11 14:11:15,65193.0,269493310,65193.0,0.0,94,1,0,0,0,0,0
65195,2018-09-11 14:12:03,,269493310,65194.0,0.0,94,1,0,0,0,0,0
65196,2018-09-11 14:19:32,,333937985,,1.0,95,0,0,0,0,0,1
65197,2018-09-11 14:58:57,,301026941,,1.0,96,0,0,0,0,0,0
65198,2018-09-11 14:59:49,,301026941,65197.0,0.0,96,0,0,0,0,0,0
65199,2018-09-11 15:27:27,64774.0,206931751,64774.0,0.0,97,0,0,0,0,0,0
65200,2018-09-11 15:33:35,64940.0,304512931,64940.0,0.0,98,0,0,0,0,0,0
65201,2018-09-11 15:52:39,,175678051,,1.0,99,0,0,0,0,0,0
65202,2018-09-11 15:54:45,65200.0,183090369,65200.0,0.0,98,0,0,1,0,0,0
65203,2018-09-11 16:05:55,65201.0,175678051,65201.0,0.0,99,1,0,1,0,0,0
65205,2018-09-11 16:30:39,65201.0,2305637,65201.0,0.0,99,1,0,0,0,0,0
65206,2018-09-11 16:30:50,,2305637,65205.0,0.0,99,1,0,0,0,0,0
65207,2018-09-11 16:49:03,65206.0,175678051,65206.0,0.0,99,0,0,0,0,0,0
65208,2018-09-11 16:52:31,,275069792,,1.0,100,0,0,0,0,0,0
65209,2018-09-11 16:52:42,,275069792,65208.0,0.0,100,0,0,0,0,0,0
65210,2018-09-11 16:58:05,,311675310,65208.0,0.0,100,1,0,0,0,0,0
65211,2018-09-11 16:58:09,,311675310,65209.0,0.0,100,1,0,0,0,0,0
65212,2018-09-11 17:15:13,,189275452,,1.0,101,0,0,0,0,0,0
65213,2018-09-11 17:16:38,,303294991,,1.0,102,0,0,0,0,0,0
65214,2018-09-11 17:29:18,65211.0,275069792,65211.0,0.0,100,1,0,1,0,0,0
65215,2018-09-11 17:32:55,65213.0,207138847,65213.0,0.0,102,1,0,0,0,0,0
65217,2018-09-11 17:52:33,65212.0,60022533,65212.0,0.0,101,1,0,0,0,0,0
65218,2018-09-11 17:57:53,65212.0,126752139,65212.0,0.0,101,1,0,0,0,0,0
65219,2018-09-11 17:59:14,,126752139,65218.0,0.0,101,1,0,0,1,0,0
65220,2018-09-11 18:15:27,65219.0,189275452,65219.0,0.0,101,0,0,0,0,0,0
65221,2018-09-11 18:20:06,,119559953,,1.0,103,0,0,0,0,0,0
65222,2018-09-11 18:22:04,65220.0,126752139,65220.0,0.0,101,1,0,0,0,0,0
65223,2018-09-11 18:22:52,65221.0,126752139,65221.0,0.0,103,1,0,0,0,0,0
65224,2018-09-11 18:25:12,65223.0,119559953,65223.0,0.0,103,0,0,0,0,0,0
65225,2018-09-11 18:25:17,,119559953,65224.0,0.0,103,0,0,1,0,0,0
65226,2018-09-11 18:40:58,65222.0,189275452,65222.0,0.0,101,0,0,0,0,0,0
65227,2018-09-11 19:43:00,65197.0,301026941,65197.0,0.0,96,1,0,0,0,0,0
65228,2018-09-11 20:01:59,,62492520,,1.0,104,0,0,0,0,0,0
65229,2018-09-11 20:03:29,65228.0,126752139,65228.0,0.0,104,1,0,0,1,0,0
65230,2018-09-11 20:05:33,,62492520,65229.0,0.0,104,0,0,0,0,0,0
65231,2018-09-11 20:07:09,65230.0,126752139,65230.0,0.0,104,1,0,0,0,0,0
65232,2018-09-11 20:09:59,,62492520,65231.0,0.0,104,0,0,0,1,0,0
65233,2018-09-11 20:10:43,,126752139,65232.0,0.0,104,1,0,0,0,0,0
65234,2018-09-11 20:11:57,,126752139,65230.0,0.0,104,0,0,0,0,0,0
65235,2018-09-11 20:12:13,,62492520,65233.0,0.0,104,0,0,1,0,0,0
65236,2018-09-11 20:12:40,,2305637,,1.0,105,0,0,0,0,0,0
65237,2018-09-11 20:12:48,,62492520,65235.0,0.0,104,0,0,0,1,0,0
65238,2018-09-11 20:13:24,65237.0,126752139,65237.0,0.0,104,0,0,0,0,0,0
65239,2018-09-11 20:14:00,,62492520,65238.0,0.0,104,0,0,0,0,0,0
65240,2018-09-11 20:17:52,65236.0,126752139,65236.0,0.0,105,1,0,0,0,0,0
65241,2018-09-11 20:18:38,,2305637,65240.0,0.0,105,0,0,0,1,0,0
65242,2018-09-11 20:18:57,,2305637,65241.0,0.0,105,0,0,0,0,0,0
65243,2018-09-11 20:20:31,,126752139,65242.0,0.0,105,1,0,0,0,0,0
65244,2018-09-11 20:26:05,,2305637,65243.0,0.0,105,0,0,0,1,0,0
65245,2018-09-11 20:27:45,65244.0,126752139,65244.0,0.0,105,1,0,0,0,0,0
65246,2018-09-11 20:28:24,,2305637,65245.0,0.0,105,0,0,0,1,0,0
65247,2018-09-11 20:29:01,,2305637,65246.0,0.0,105,0,0,0,0,0,0
65248,2018-09-11 20:30:42,65247.0,126752139,65247.0,0.0,105,1,0,0,1,0,0
65249,2018-09-11 20:32:44,,2305637,65248.0,0.0,105,0,0,0,0,0,0
65250,2018-09-11 20:36:20,65249.0,126752139,65249.0,0.0,105,1,0,0,0,0,0
65251,2018-09-11 20:37:53,65250.0,2305637,65250.0,0.0,105,0,0,1,0,0,0
65252,2018-09-11 20:38:09,,2305637,65251.0,0.0,105,0,0,0,0,0,0
65253,2018-09-11 20:39:20,,126752139,65252.0,0.0,105,0,0,0,0,0,0
65254,2018-09-11 20:40:04,,2305637,65253.0,0.0,105,0,0,0,0,0,0
65255,2018-09-11 20:58:19,,117678027,,1.0,106,0,0,0,0,0,0
65256,2018-09-11 20:58:43,,117678027,65255.0,0.0,106,0,0,0,0,0,0
65257,2018-09-11 21:06:40,,126752139,65256.0,0.0,106,1,0,0,0,0,0
65258,2018-09-11 21:19:52,,117678027,65257.0,0.0,106,0,0,0,1,0,0
65259,2018-09-11 21:26:15,,126752139,65258.0,0.0,106,0,0,0,0,0,0
65260,2018-09-11 21:29:36,,117678027,65259.0,0.0,106,0,0,0,0,0,0
65261,2018-09-11 21:31:02,65260.0,126752139,65260.0,0.0,106,1,0,0,0,0,0
65262,2018-09-11 21:32:23,,126752139,65261.0,0.0,106,1,0,0,0,0,0
65263,2018-09-11 21:43:56,,117678027,65262.0,0.0,107,0,0,0,0,0,0
65265,2018-09-12 4:24:49,,185855616,,1.0,108,0,0,0,0,0,1
65266,2018-09-12 4:25:56,,406685811,65265.0,0.0,108,1,0,0,0,0,0
65267,2018-09-12 4:26:02,,406685811,65266.0,0.0,108,1,0,0,0,0,0
65268,2018-09-12 4:28:07,,185855616,65265.0,0.0,108,0,0,0,0,0,0
65269,2018-09-12 4:28:12,,185855616,65266.0,0.0,108,0,0,0,0,0,0
65270,2018-09-12 4:29:52,65269.0,87101023,65269.0,0.0,108,1,0,0,0,0,0
65271,2018-09-12 4:33:29,,185855616,65270.0,0.0,108,0,0,1,0,0,0
65272,2018-09-12 4:34:17,,185855616,65271.0,0.0,108,0,0,0,0,0,0
65273,2018-09-12 6:02:11,,274416615,,1.0,109,0,0,0,0,0,0
65274,2018-09-12 7:36:22,,278864179,,1.0,110,0,0,0,0,0,0
65275,2018-09-12 7:47:52,,288384078,,1.0,111,0,0,0,0,0,0
65277,2018-09-12 8:22:40,,91992871,,1.0,112,0,0,0,0,0,0
65278,2018-09-12 8:23:08,,91992871,65277.0,0.0,112,0,0,0,1,0,0
65279,2018-09-12 8:25:30,,199316128,65278.0,0.0,112,1,0,0,0,0,0
65280,2018-09-12 8:26:13,65278.0,2305637,65278.0,0.0,112,1,0,0,0,0,0
65281,2018-09-12 8:26:21,,2305637,65280.0,0.0,112,1,0,0,0,0,0
65282,2018-09-12 8:26:56,65279.0,2305637,65279.0,0.0,112,1,0,0,0,0,0
65283,2018-09-12 8:26:58,,91992871,65279.0,0.0,112,0,0,0,1,0,0
65284,2018-09-12 8:27:09,65283.0,2305637,65283.0,0.0,112,0,0,0,0,0,0
65285,2018-09-12 8:27:13,,91992871,65283.0,0.0,112,0,0,0,0,0,0
65286,2018-09-12 8:27:24,,91992871,65285.0,0.0,112,0,0,0,1,0,0
65287,2018-09-12 8:27:31,,91992871,65286.0,0.0,112,0,0,0,0,0,0
65288,2018-09-12 8:28:46,,2305637,65286.0,0.0,112,0,0,0,0,0,0
65289,2018-09-12 8:29:20,,2305637,65288.0,0.0,112,0,0,0,0,0,0
65290,2018-09-12 8:29:46,,91992871,65289.0,0.0,112,0,0,0,1,0,0
65291,2018-09-12 8:30:03,,91992871,65290.0,0.0,112,0,0,0,0,0,0
65292,2018-09-12 8:30:09,,2305637,65288.0,0.0,112,0,0,0,0,0,0
65293,2018-09-12 8:30:28,65292.0,91992871,65292.0,0.0,112,0,0,1,0,0,0
65294,2018-09-12 8:30:37,65290.0,2305637,65290.0,0.0,112,0,0,0,0,0,0
65295,2018-09-12 8:30:46,65294.0,91992871,65294.0,0.0,112,0,0,0,0,0,0
65296,2018-09-12 8:30:51,,2305637,65295.0,0.0,112,0,0,0,0,0,0
65297,2018-09-12 8:31:10,,91992871,,0.0,112,0,0,0,1,0,0
65298,2018-09-12 8:31:34,,91992871,65297.0,0.0,112,0,0,0,0,0,0
65299,2018-09-12 8:31:58,,189275452,65296.0,0.0,112,0,0,0,0,0,0
65300,2018-09-12 8:32:41,65297.0,2305637,65297.0,0.0,112,0,0,0,0,0,0
65301,2018-09-12 8:32:41,65298.0,189275452,65298.0,0.0,112,0,0,0,0,0,0
65302,2018-09-12 8:32:46,65299.0,91992871,65299.0,0.0,112,0,0,1,0,0,0
65303,2018-09-12 8:32:58,65301.0,91992871,65301.0,0.0,112,0,0,0,0,0,0
65304,2018-09-12 8:33:10,65299.0,2305637,65299.0,0.0,112,0,0,0,0,0,0
65305,2018-09-12 8:33:21,65304.0,91992871,65304.0,0.0,112,0,0,0,0,0,0
65306,2018-09-12 8:34:11,65303.0,2305637,65303.0,0.0,112,0,0,0,0,0,0
65307,2018-09-12 8:34:31,,2305637,65306.0,0.0,112,0,0,0,0,0,0
65308,2018-09-12 8:35:33,,91992871,,0.0,112,0,0,0,1,0,0
65309,2018-09-12 8:35:43,,91992871,65308.0,0.0,112,0,0,0,0,0,0
65310,2018-09-12 8:36:09,65308.0,406685811,65308.0,0.0,112,0,0,0,0,0,0
65311,2018-09-12 8:36:23,65310.0,2305637,65310.0,0.0,112,0,0,0,0,0,0
65312,2018-09-12 8:36:33,65309.0,2305637,65309.0,0.0,112,0,0,0,0,0,0
65313,2018-09-12 8:37:00,,2305637,65308.0,0.0,112,0,0,0,0,0,0
65314,2018-09-12 8:37:22,65313.0,91992871,65313.0,0.0,112,0,0,0,0,0,0
65315,2018-09-12 8:37:28,,2305637,65313.0,0.0,112,0,0,0,0,0,0
65316,2018-09-12 8:37:44,65314.0,2305637,65314.0,0.0,112,0,0,0,0,0,0
65317,2018-09-12 8:37:56,,153169825,,1.0,113,0,0,0,1,0,0
65318,2018-09-12 8:39:36,,153169825,65317.0,0.0,113,0,0,0,0,0,0
65319,2018-09-12 8:39:43,65317.0,2305637,65317.0,0.0,113,1,0,0,0,0,0
65320,2018-09-12 8:39:57,,2305637,65319.0,0.0,113,1,0,0,0,0,0
65321,2018-09-12 8:40:08,,2305637,65320.0,0.0,113,1,0,0,0,0,0
65322,2018-09-12 8:40:11,65320.0,189275452,65320.0,0.0,113,1,0,0,0,0,0
65323,2018-09-12 8:40:23,,275069792,,1.0,114,0,0,0,1,0,0
65324,2018-09-12 8:41:09,65323.0,2305637,65323.0,0.0,114,1,0,0,0,0,0
65325,2018-09-12 8:41:52,65324.0,275069792,65324.0,0.0,114,0,0,0,1,0,0
65326,2018-09-12 8:42:09,65325.0,2305637,65325.0,0.0,114,1,0,0,0,0,0
65327,2018-09-12 8:42:16,,2305637,65326.0,0.0,114,1,0,0,0,0,0
65328,2018-09-12 8:43:02,,189275452,65323.0,0.0,114,1,0,0,0,0,0
65329,2018-09-12 8:43:15,65328.0,275069792,65328.0,0.0,114,0,0,1,0,0,0
65331,2018-09-12 8:54:51,,303294991,,0.0,102,0,0,0,0,0,0
65332,2018-09-12 8:54:51,,303294991,65331.0,0.0,102,0,0,0,1,0,0
65333,2018-09-12 9:08:00,65332.0,207138847,65332.0,0.0,102,1,0,0,0,0,0
65334,2018-09-12 9:08:20,,303294991,65333.0,0.0,102,0,0,1,0,0,0
65335,2018-09-12 9:08:51,,275069792,,1.0,115,0,0,0,1,0,0
81311,2018-12-21 20:52:29,,154562805,,1.0,116,0,0,0,0,0,0
81312,2018-12-21 20:52:39,,154562805,81311.0,0.0,116,0,0,0,0,0,0
81313,2018-12-21 20:53:24,,154562805,81312.0,0.0,116,0,0,0,0,0,0
81314,2018-12-21 20:53:46,,154562805,81313.0,0.0,116,0,0,0,0,0,0
81315,2018-12-21 20:54:05,,154562805,81314.0,0.0,116,0,0,0,0,0,0
81316,2018-12-21 20:55:41,,154562805,81315.0,0.0,116,0,0,0,0,0,0
81317,2018-12-21 20:57:20,,154562805,81316.0,0.0,116,0,0,0,0,0,0
81319,2018-12-21 21:03:58,81311.0,154562805,81311.0,0.0,116,0,0,0,0,0,0
81320,2018-12-21 21:30:20,81319.0,154562805,81319.0,0.0,116,0,0,0,0,0,0
81321,2018-12-21 21:52:06,81320.0,154562805,81320.0,0.0,116,0,0,0,0,0,0
81322,2018-12-21 21:52:24,,154562805,81321.0,0.0,116,0,0,0,0,0,0
81323,2018-12-21 21:53:04,81320.0,193847161,81320.0,0.0,116,1,0,0,0,0,0
81324,2018-12-21 21:53:12,,193847161,81323.0,0.0,116,1,0,0,0,0,0
81325,2018-12-21 21:53:26,,193847161,81324.0,0.0,116,1,0,0,0,0,0
81326,2018-12-21 22:00:59,,154562805,81325.0,0.0,116,0,1,0,0,0,0
81327,2018-12-21 22:01:56,81326.0,193847161,81326.0,0.0,116,0,0,0,0,0,0
81328,2018-12-21 22:02:35,,154562805,81327.0,0.0,116,0,0,0,0,0,0
81329,2018-12-21 22:02:38,,154562805,81328.0,0.0,116,0,0,0,0,0,0
81330,2018-12-21 22:02:47,,154562805,81329.0,0.0,116,0,0,0,0,0,0
81331,2018-12-21 22:03:50,,154562805,81330.0,0.0,116,0,0,0,0,0,0
81332,2018-12-21 22:04:21,,154562805,81331.0,0.0,116,0,0,0,0,0,0
81333,2018-12-21 22:04:46,,154562805,81332.0,0.0,116,0,0,0,0,0,0
81335,2018-12-21 22:09:01,,154562805,81333.0,0.0,116,0,0,0,1,0,0
81336,2018-12-21 22:09:31,,154562805,81335.0,0.0,116,0,0,0,0,0,0
81337,2018-12-21 22:10:21,81218.0,238773844,81218.0,0.0,117,0,0,0,0,0,0
81338,2018-12-22 7:14:56,81326.0,368122583,81326.0,0.0,116,0,0,0,0,0,0
81339,2018-12-22 7:46:08,81338.0,154562805,81338.0,0.0,116,0,0,0,0,0,0
81342,2018-12-22 8:36:10,,103682825,,1.0,118,0,0,0,1,0,0
81343,2018-12-22 8:38:13,81342.0,219101284,81342.0,0.0,118,1,0,0,0,0,0
81344,2018-12-22 8:46:39,81343.0,103682825,81343.0,0.0,118,0,0,1,0,0,0
81345,2018-12-22 9:34:24,81342.0,203712567,81342.0,0.0,118,1,0,0,0,0,0
81346,2018-12-22 9:40:55,81316.0,232149806,81316.0,0.0,116,1,0,0,0,0,0
81347,2018-12-22 9:42:45,81346.0,154562805,81346.0,0.0,116,0,0,0,0,0,0
81348,2018-12-22 9:44:36,,232149806,81347.0,0.0,116,0,0,0,0,0,0
81349,2018-12-22 9:45:15,,232149806,81348.0,0.0,116,0,0,0,1,0,0
81350,2018-12-22 9:46:07,81345.0,103682825,81345.0,0.0,118,0,0,0,0,0,0
81351,2018-12-22 9:46:07,,232149806,81350.0,0.0,116,1,0,0,1,0,0
81352,2018-12-22 9:46:47,81349.0,154562805,81349.0,0.0,116,0,0,0,0,0,0
81353,2018-12-22 9:47:17,81351.0,154562805,81351.0,0.0,116,0,0,0,0,0,0
81354,2018-12-22 9:47:32,,232149806,81353.0,0.0,116,0,0,0,0,0,0
81355,2018-12-22 9:47:45,81348.0,154562805,81348.0,0.0,116,0,0,0,0,0,0
81356,2018-12-22 9:48:21,81354.0,154562805,81354.0,0.0,116,0,0,0,0,0,0
81357,2018-12-22 9:49:53,,232149806,81353.0,0.0,116,1,0,0,0,0,0
81358,2018-12-22 9:50:06,,232149806,81357.0,0.0,116,0,0,0,0,0,0
81359,2018-12-22 9:50:53,,154562805,81358.0,0.0,116,0,0,0,0,0,0
81360,2018-12-22 9:52:15,,232149806,81359.0,0.0,116,0,0,0,0,0,0
81361,2018-12-22 9:52:24,,154562805,81359.0,0.0,116,0,0,0,0,0,0
81363,2018-12-22 9:53:05,,154562805,81361.0,0.0,116,0,0,0,0,0,0
81364,2018-12-22 9:53:05,,232149806,81360.0,0.0,116,1,0,0,0,0,0
81365,2018-12-22 9:53:33,,154562805,81364.0,0.0,116,0,0,1,0,0,0
81366,2018-12-22 9:54:03,81357.0,154562805,81357.0,0.0,116,0,0,0,0,0,0
81367,2018-12-22 9:54:21,,232149806,81366.0,0.0,116,0,0,0,0,0,0
81368,2018-12-22 9:59:08,81366.0,154562805,81366.0,0.0,116,0,1,0,0,0,0
81369,2018-12-22 9:59:14,,154562805,81368.0,0.0,116,0,0,0,0,0,0
81370,2018-12-22 10:01:22,,232149806,81369.0,0.0,116,0,0,0,0,0,0
81371,2018-12-22 10:02:00,,232149806,81370.0,0.0,116,0,0,0,0,0,0
81372,2018-12-22 10:03:58,81371.0,154562805,81371.0,0.0,116,0,0,0,0,0,0
81373,2018-12-22 10:04:12,,154562805,81372.0,0.0,116,0,0,0,0,0,0
81374,2018-12-22 10:04:59,,154562805,81373.0,0.0,116,0,0,0,0,0,0
81375,2018-12-22 10:07:11,,232149806,81372.0,0.0,116,1,0,0,0,0,0
81376,2018-12-22 10:10:21,,232149806,81368.0,0.0,116,0,0,0,0,0,0
81377,2018-12-22 10:15:26,,154562805,81376.0,0.0,116,0,0,0,0,0,0
81378,2018-12-22 10:16:57,,154562805,81375.0,0.0,116,0,0,0,0,0,0
81379,2018-12-22 10:18:47,,154562805,81378.0,0.0,116,0,0,0,0,0,0
81380,2018-12-22 10:19:02,,154562805,81379.0,0.0,116,0,0,0,0,0,0
81381,2018-12-22 10:21:51,,154562805,81380.0,0.0,116,0,0,0,1,0,0
81382,2018-12-22 10:23:00,81381.0,219101284,81381.0,0.0,116,0,0,0,0,0,0
81383,2018-12-22 10:23:20,,154562805,81382.0,0.0,116,0,0,0,0,0,0
81384,2018-12-22 10:24:24,,154562805,81383.0,0.0,116,0,0,0,0,0,0
81385,2018-12-22 10:24:29,,406685811,81382.0,0.0,116,0,0,0,0,0,0
81386,2018-12-22 10:24:54,,406685811,81385.0,0.0,116,0,0,0,0,0,0
81387,2018-12-22 10:25:09,81384.0,219101284,81384.0,0.0,116,0,0,0,0,0,0
81388,2018-12-22 10:25:36,81387.0,154562805,81387.0,0.0,116,0,0,0,0,0,0
81389,2018-12-22 10:26:03,,406685811,81386.0,0.0,116,0,0,0,0,0,0
81390,2018-12-22 10:26:06,,154562805,81388.0,0.0,116,0,0,0,0,0,0
81391,2018-12-22 10:26:48,,154562805,81390.0,0.0,116,0,0,0,0,0,0
81392,2018-12-22 10:26:59,,154562805,81391.0,0.0,116,0,0,0,0,0,0
81393,2018-12-22 10:27:03,,154562805,81392.0,0.0,116,0,0,0,0,0,0
81394,2018-12-22 10:27:12,,154562805,81393.0,0.0,116,0,0,1,0,0,0
81395,2018-12-22 10:28:30,,219101284,81394.0,0.0,116,0,0,0,0,0,0
81396,2018-12-22 10:36:13,81390.0,232149806,81390.0,0.0,116,0,0,0,0,0,0
81397,2018-12-22 10:36:41,81396.0,154562805,81396.0,0.0,116,0,0,0,0,0,0
81400,2018-12-22 12:01:56,,297760835,,1.0,119,0,0,0,1,0,0
81401,2018-12-22 12:02:35,,297760835,81400.0,0.0,119,0,0,0,0,0,0
81402,2018-12-22 12:03:38,,297760835,81401.0,0.0,119,0,0,0,0,0,0
81403,2018-12-22 12:05:32,,66989172,81401.0,0.0,119,1,0,0,0,0,0
81404,2018-12-22 12:05:56,,66989172,81403.0,0.0,119,1,0,0,0,0,0
81405,2018-12-22 12:06:09,81402.0,113659538,81402.0,0.0,119,0,0,0,1,0,0
81406,2018-12-22 12:08:42,,66989172,81405.0,0.0,119,1,0,0,0,0,0
81407,2018-12-22 12:12:23,81403.0,297760835,81403.0,0.0,119,0,0,0,0,0,0
81408,2018-12-22 12:13:33,81405.0,297760835,81405.0,0.0,119,0,0,0,0,0,0
81409,2018-12-22 12:13:57,81406.0,297760835,81406.0,0.0,119,0,0,0,0,0,0
81410,2018-12-22 12:15:16,,297760835,8409.0,0.0,119,0,0,0,0,0,0
81411,2018-12-22 12:16:27,81410.0,207138847,81410.0,0.0,119,1,0,0,0,0,0
81412,2018-12-22 12:17:05,,66989172,81406.0,0.0,119,1,0,0,0,0,0
81413,2018-12-22 12:19:51,81412.0,297760835,81412.0,0.0,119,0,0,1,0,0,0
81414,2018-12-22 12:19:57,,297760835,81413.0,0.0,119,0,0,1,0,0,0
81415,2018-12-22 12:20:37,,66989172,81414.0,0.0,119,0,0,0,0,0,0
81416,2018-12-22 12:21:45,,66989172,81415.0,0.0,119,1,0,0,0,0,0
81417,2018-12-22 12:22:11,,66989172,81416.0,0.0,119,1,0,0,0,0,0
81418,2018-12-22 12:22:17,,66989172,81417.0,0.0,119,1,0,0,0,0,0
81419,2018-12-22 12:22:28,,154562805,,0.0,116,0,0,0,1,0,0
81420,2018-12-22 12:28:10,,66989172,81419.0,0.0,116,0,0,0,0,0,0
81421,2018-12-22 12:29:03,,66989172,81420.0,0.0,116,0,0,0,0,0,0
81422,2018-12-22 13:13:28,81421.0,154562805,81421.0,0.0,116,0,0,0,0,0,0
81423,2018-12-22 13:14:17,,154562805,81422.0,0.0,116,0,0,0,0,0,0
81424,2018-12-22 13:14:27,,154562805,81423.0,0.0,116,0,0,0,0,0,0
81425,2018-12-22 13:14:42,81419.0,301026941,81419.0,0.0,116,0,0,0,0,0,0
81426,2018-12-22 13:14:53,,154562805,81421.0,0.0,116,0,0,0,0,0,0
81427,2018-12-22 13:15:04,,154562805,81426.0,0.0,116,0,0,0,0,0,0
81428,2018-12-22 13:15:16,,154562805,81427.0,0.0,116,0,0,0,0,0,0
81429,2018-12-22 13:15:30,,154562805,81428.0,0.0,116,0,0,0,0,0,0
81430,2018-12-22 13:15:35,,154562805,81429.0,0.0,116,0,0,0,0,0,0
81431,2018-12-22 13:17:43,81416.0,297760835,81416.0,0.0,119,0,0,0,0,0,0
81432,2018-12-22 13:17:55,,66989172,81431.0,0.0,119,0,0,0,0,0,0
81433,2018-12-22 13:18:54,,297760835,81432.0,0.0,119,0,0,1,0,0,0
81434,2018-12-22 13:19:24,,297760835,81433.0,0.0,119,0,0,0,0,0,0
81435,2018-12-22 13:19:42,,297760835,81434.0,0.0,119,0,0,1,0,0,0
81436,2018-12-22 14:03:20,81350.0,194031635,81350.0,0.0,118,0,0,0,0,0,0
81437,2018-12-22 14:08:56,,529329462,,1.0,120,0,0,0,0,0,0
81438,2018-12-22 14:13:06,81437.0,301026941,81437.0,0.0,120,1,0,0,0,0,0
81439,2018-12-22 14:15:31,,529329462,81438.0,0.0,120,0,0,0,1,0,0
81440,2018-12-22 14:16:52,,529329462,81439.0,0.0,120,0,0,0,0,0,0
81441,2018-12-22 14:18:40,,301026941,81440.0,0.0,120,0,0,0,0,0,0
81442,2018-12-22 14:19:31,,529329462,81441.0,0.0,120,0,0,0,0,0,0
81443,2018-12-22 14:20:10,81437.0,194031635,81437.0,0.0,120,1,0,0,0,0,0
81444,2018-12-22 14:23:32,81443.0,529329462,81443.0,0.0,120,0,0,0,0,0,0
81445,2018-12-22 14:23:59,81444.0,194031635,81444.0,0.0,120,0,0,0,0,0,0
81446,2018-12-22 14:24:45,81445.0,529329462,81445.0,0.0,120,0,0,0,0,0,0
81447,2018-12-22 14:26:00,81446.0,194031635,81446.0,0.0,120,0,0,0,0,0,0
81448,2018-12-22 14:43:22,81350.0,203712567,81350.0,0.0,118,0,0,0,0,0,0
81449,2018-12-22 14:57:31,81436.0,203712567,81436.0,0.0,118,0,0,0,0,0,0
81450,2018-12-22 16:42:31,,211824236,,1.0,121,0,0,0,1,0,0
81452,2018-12-22 16:43:51,,2543214,,1.0,122,0,0,0,1,0,0
81453,2018-12-22 16:46:34,,2543214,81452.0,0.0,122,1,0,0,0,0,0
81454,2018-12-22 17:23:50,,2543214,81453.0,0.0,122,0,0,0,0,0,0
81455,2018-12-22 17:24:00,,2543214,81454.0,0.0,122,0,0,0,0,0,0
81456,2018-12-22 17:25:38,,131248693,81455.0,0.0,122,0,0,0,0,0,0
81457,2018-12-22 17:26:30,,2543214,81456.0,0.0,122,0,1,0,0,0,0
81458,2018-12-22 17:36:06,81452.0,194031635,81452.0,0.0,122,1,0,0,0,0,0
81459,2018-12-22 17:49:34,81458.0,2543214,81458.0,0.0,122,0,0,0,0,0,0
81460,2018-12-22 17:50:27,,2543214,81459.0,0.0,122,0,0,0,0,0,0
81461,2018-12-22 17:51:21,,194031635,81460.0,0.0,122,1,0,0,0,0,0
81462,2018-12-22 17:52:40,,2543214,81461.0,0.0,122,0,1,0,0,0,0
81463,2018-12-22 17:55:28,81448.0,103682825,81448.0,0.0,118,0,0,0,0,0,0
81464,2018-12-22 17:55:41,,2543214,81462.0,0.0,122,0,0,0,0,0,0
81465,2018-12-22 17:58:29,81463.0,194031635,81463.0,0.0,118,0,0,0,0,0,0
81466,2018-12-22 18:04:13,81465.0,103682825,81465.0,0.0,118,0,0,1,0,0,0
81467,2018-12-22 19:38:54,,211824236,,1.0,123,0,0,0,1,0,0
81468,2018-12-22 19:58:05,,211824236,81467.0,0.0,123,0,0,0,0,0,0
81469,2018-12-22 20:00:32,,211824236,81468.0,0.0,123,0,0,0,0,0,0
81470,2018-12-22 20:22:04,,211824236,81469.0,0.0,123,1,0,1,0,0,0
81471,2018-12-22 20:50:00,81450.0,211824236,81450.0,0.0,123,0,0,0,0,0,0
81473,2018-12-23 6:39:15,81463.0,203712567,81463.0,0.0,118,0,0,0,0,0,0
81474,2018-12-23 14:19:56,,2543214,,1.0,124,0,0,0,1,0,0
81475,2018-12-23 14:52:27,81473.0,103682825,81473.0,0.0,118,0,0,1,0,0,0
81476,2018-12-23 16:05:20,81475.0,203712567,81475.0,0.0,118,0,0,0,0,0,0
81477,2018-12-23 16:50:53,81471.0,304512931,81471.0,0.0,121,1,0,0,0,0,0
81478,2018-12-23 17:17:12,81477.0,211824236,81477.0,0.0,121,0,1,1,0,0,0
81479,2018-12-23 17:35:41,,211824236,81478.0,0.0,121,1,0,0,0,0,0
81480,2018-12-23 17:37:15,,211824236,81479.0,0.0,121,0,0,0,0,0,0
81481,2018-12-23 17:38:06,,211824236,81480.0,0.0,121,0,0,0,0,0,0
81484,2018-12-23 22:24:19,,58249320,,1.0,125,0,0,0,1,0,0
81485,2018-12-24 3:49:03,81477.0,211824236,81477.0,0.0,121,0,0,0,0,0,0
81486,2018-12-24 3:59:27,,211824236,81485.0,0.0,121,0,0,0,1,0,0
81487,2018-12-24 4:23:32,,211824236,81486.0,0.0,121,0,0,0,1,0,0
81787,2018-12-26 14:04:26,,377615985,,0.0,126,0,0,0,0,0,0
81788,2018-12-26 14:04:46,81786.0,377615985,81786.0,0.0,127,0,0,0,0,0,0
81789,2018-12-26 14:04:49,,377615985,81788.0,0.0,127,0,0,0,0,0,0
81790,2018-12-26 14:05:22,81779.0,377615985,81779.0,0.0,128,0,0,0,0,0,0
81791,2018-12-26 14:05:23,,113659538,81779.0,0.0,129,0,0,0,0,0,0
81792,2018-12-26 14:05:36,81777.0,194031635,81777.0,0.0,130,0,0,0,0,0,0
81793,2018-12-26 14:05:40,81790.0,113659538,81790.0,0.0,128,0,0,0,0,0,0
81794,2018-12-26 14:06:20,81792.0,377615985,81792.0,0.0,130,0,0,0,0,0,0
81795,2018-12-26 14:06:30,81793.0,377615985,81793.0,0.0,128,0,0,0,0,0,0
81796,2018-12-26 14:07:53,81794.0,194031635,81794.0,0.0,130,0,0,0,0,0,0
81797,2018-12-26 14:08:22,,377615985,81796.0,0.0,130,0,0,1,0,0,0
81798,2018-12-26 14:09:00,81779.0,377615985,81779.0,0.0,131,0,0,0,0,0,0
81799,2018-12-26 14:09:49,81798.0,113659538,81798.0,0.0,131,0,0,0,0,0,0
81800,2018-12-26 14:10:00,,377615985,81799.0,0.0,131,0,0,0,0,0,0
81801,2018-12-26 14:10:12,,377615985,81800.0,0.0,131,0,0,0,1,0,0
81802,2018-12-26 14:10:21,,377615985,81801.0,0.0,131,0,0,0,0,0,0
81803,2018-12-26 14:10:44,,193847161,81802.0,0.0,131,0,0,0,0,0,0
81804,2018-12-26 14:10:48,,113659538,81803.0,0.0,131,0,0,0,0,0,0
81805,2018-12-26 14:11:02,,609331285,,1.0,132,0,0,0,1,0,0
81806,2018-12-26 14:11:52,81801.0,113659538,81801.0,0.0,131,0,0,0,0,0,0
81807,2018-12-26 14:11:56,,193847161,81805.0,0.0,132,0,0,0,0,0,0
81808,2018-12-26 14:12:20,,113659538,81806.0,0.0,131,0,0,0,0,0,0
81809,2018-12-26 14:12:51,,113659538,81808.0,0.0,131,0,0,0,0,0,0
81810,2018-12-26 14:13:02,81807.0,609331285,81807.0,0.0,132,0,0,0,0,0,0
81811,2018-12-26 14:13:15,81806.0,377615985,81806.0,0.0,131,0,0,0,0,0,0
81812,2018-12-26 14:13:18,,113659538,81811.0,0.0,131,0,0,0,0,0,0
81813,2018-12-26 14:13:40,,113659538,81812.0,0.0,131,0,0,0,0,0,0
81814,2018-12-26 14:13:56,81807.0,609331285,81807.0,0.0,132,0,0,0,0,0,0
81815,2018-12-26 14:14:02,81813.0,377615985,81813.0,0.0,131,0,0,0,0,0,0
81816,2018-12-26 14:14:04,81805.0,194031635,81805.0,0.0,132,1,0,0,0,0,0
81817,2018-12-26 14:14:08,81815.0,113659538,81815.0,0.0,131,0,0,0,0,0,0
81818,2018-12-26 14:14:17,,377615985,81817.0,0.0,131,0,0,0,0,0,0
81819,2018-12-26 14:14:23,,377615985,81818.0,0.0,131,0,0,0,0,0,0
81820,2018-12-26 14:14:24,81814.0,193847161,81814.0,0.0,132,0,0,0,0,0,0
81821,2018-12-26 14:14:41,,113659538,81818.0,0.0,131,0,0,0,0,0,0
81822,2018-12-26 14:15:02,,113659538,81821.0,0.0,131,0,0,0,0,0,0
81823,2018-12-26 14:16:01,81816.0,609331285,81816.0,0.0,132,0,0,1,0,0,0
81824,2018-12-26 14:17:32,81821.0,377615985,81821.0,0.0,131,0,0,0,0,0,0
81825,2018-12-26 14:17:43,81824.0,113659538,81824.0,0.0,131,0,0,0,0,0,0
81826,2018-12-26 14:17:54,,377615985,81825.0,0.0,131,0,0,0,0,0,0
81827,2018-12-26 14:18:02,,113659538,81825.0,0.0,131,0,0,0,0,0,0
81828,2018-12-26 14:24:41,,377615985,81827.0,0.0,131,0,0,1,0,0,0
81829,2018-12-26 14:32:52,,107279219,,1.0,133,0,0,0,1,0,0
81830,2018-12-26 14:56:59,,215817954,,1.0,134,0,0,0,1,0,0
81831,2018-12-26 14:59:45,81830.0,199316128,81830.0,0.0,134,1,0,0,0,0,0
81832,2018-12-26 15:00:15,81831.0,215817954,81831.0,0.0,134,0,0,0,0,0,0
81833,2018-12-26 15:00:42,,199316128,81832.0,0.0,134,0,0,0,0,0,0
81834,2018-12-26 15:05:58,,215817954,81833.0,0.0,134,0,0,0,0,0,0
81835,2018-12-26 15:06:33,,107279219,81830.0,0.0,134,1,0,0,0,0,0
81836,2018-12-26 15:07:04,81835.0,215817954,81835.0,0.0,134,0,0,0,0,0,0
81837,2018-12-26 15:08:30,,107279219,81836.0,0.0,134,1,0,0,0,0,0
81838,2018-12-26 15:09:30,81837.0,215817954,81837.0,0.0,134,0,0,1,0,0,0
81839,2018-12-26 15:11:33,,215817954,81838.0,0.0,134,0,0,0,0,0,0
81840,2018-12-26 15:11:40,81838.0,252595254,81838.0,0.0,134,1,0,0,0,0,0
81841,2018-12-26 15:12:49,,107279219,81839.0,0.0,134,1,0,0,0,0,0
81842,2018-12-26 15:13:29,,107279219,81841.0,0.0,134,1,0,0,0,0,0
81843,2018-12-26 15:13:52,81841.0,215817954,81841.0,0.0,134,0,0,0,0,0,0
81844,2018-12-26 15:14:37,,107279219,81843.0,0.0,134,1,0,0,0,0,0
81845,2018-12-26 15:16:50,81844.0,215817954,81844.0,0.0,134,0,0,1,0,0,0
81846,2018-12-26 15:21:05,,107279219,81845.0,0.0,134,1,0,0,0,0,0
81847,2018-12-26 15:26:20,81846.0,215817954,81846.0,0.0,134,0,0,1,0,0,0
81848,2018-12-26 15:49:31,81845.0,194031635,81845.0,0.0,134,0,0,0,0,0,0
81849,2018-12-26 15:52:04,81848.0,215817954,81848.0,0.0,134,0,0,1,1,0,0
81850,2018-12-26 15:53:40,81849.0,194031635,81849.0,0.0,134,0,0,0,0,0,0
81851,2018-12-26 15:54:15,,194174868,81848.0,0.0,134,0,0,0,0,0,0
81852,2018-12-26 15:55:47,,215817954,,0.0,134,0,0,0,0,0,0
81853,2018-12-26 15:57:14,81852.0,194031635,81852.0,0.0,134,0,0,0,0,0,0
81854,2018-12-26 15:58:47,81853.0,215817954,81853.0,0.0,134,0,0,1,0,0,0
81855,2018-12-26 16:02:30,,194174868,81853.0,0.0,134,0,0,0,1,0,0
81856,2018-12-26 16:03:07,,70141563,,1.0,135,0,0,0,1,0,0
82157,2018-12-29 10:01:43,,257711200,,1.0,136,0,0,0,0,0,0
82158,2018-12-29 10:03:39,,257711200,82157.0,0.0,136,0,0,0,0,0,0
82159,2018-12-29 10:11:40,,257711200,82158.0,0.0,136,0,0,0,0,0,0
82161,2018-12-29 10:25:11,82157.0,355707984,82159.0,0.0,136,1,0,0,0,0,0
82163,2018-12-29 11:17:33,,70141563,,1.0,137,0,0,0,0,0,0
82164,2018-12-29 11:36:13,82157.0,2305637,82157.0,0.0,136,1,0,0,0,0,0
82165,2018-12-29 11:37:23,,257711200,82164.0,0.0,136,0,0,0,0,0,0
82166,2018-12-29 11:38:22,,2305637,82165.0,0.0,136,0,0,0,0,0,0
82167,2018-12-29 11:38:47,,257711200,82166.0,0.0,136,0,0,0,0,0,0
82168,2018-12-29 12:25:16,82159.0,194031635,82159.0,0.0,136,1,0,0,0,0,0
82169,2018-12-29 12:32:41,82168.0,257711200,82168.0,0.0,136,0,0,0,0,0,0
82170,2018-12-29 12:33:21,82169.0,194031635,82169.0,0.0,136,1,0,0,0,0,0
82171,2018-12-29 12:33:49,,194031635,82170.0,0.0,136,1,0,0,0,0,0
82172,2018-12-29 12:34:26,,194031635,82171.0,0.0,136,1,0,0,0,0,0
82173,2018-12-29 12:34:27,,355707984,82169.0,0.0,136,0,0,0,0,0,0
82174,2018-12-29 12:34:29,,257711200,,0.0,136,0,0,0,1,0,0
82175,2018-12-29 12:34:51,,257711200,82174.0,0.0,136,0,0,0,0,0,0
82176,2018-12-29 12:35:23,,355707984,82175.0,0.0,136,0,0,0,0,0,0
82177,2018-12-29 12:35:41,,257711200,82176.0,0.0,136,0,0,0,1,0,0
82178,2018-12-29 12:35:41,82174.0,194031635,82174.0,0.0,136,0,0,0,0,0,0
82179,2018-12-29 12:36:27,82177.0,355707984,82177.0,0.0,136,0,0,0,0,0,0
82180,2018-12-29 12:36:40,,355707984,82179.0,0.0,136,0,0,0,0,0,0
82181,2018-12-29 12:37:17,,257711200,82180.0,0.0,136,0,0,0,0,0,0
82182,2018-12-29 12:37:39,,355707984,82181.0,0.0,136,0,0,0,0,0,0
82183,2018-12-29 12:37:50,,355707984,82182.0,0.0,136,0,0,0,0,0,0
82184,2018-12-29 12:39:17,,257711200,82183.0,0.0,136,0,0,0,0,0,0
82185,2018-12-29 12:39:50,,257711200,82184.0,0.0,136,0,0,0,0,0,0
82186,2018-12-29 12:39:59,82181.0,194031635,82181.0,0.0,136,0,0,0,0,0,0
82187,2018-12-29 12:40:19,,257711200,82186.0,0.0,136,0,0,1,0,0,0
82188,2018-12-29 12:40:30,,257711200,82187.0,0.0,136,0,0,0,0,0,0
82189,2018-12-29 12:40:39,,257711200,82188.0,0.0,136,0,0,0,0,0,0
82190,2018-12-29 12:52:49,,257711200,82189.0,0.0,136,0,0,0,1,0,0
82191,2018-12-29 12:54:12,,257711200,82190.0,0.0,136,0,0,0,0,0,0
82192,2018-12-29 12:55:23,,257711200,82191.0,0.0,136,0,0,0,0,0,0
82193,2018-12-29 12:57:50,,406685811,82192.0,0.0,136,0,0,0,0,0,0
82194,2018-12-29 12:58:07,,257711200,82193.0,0.0,136,0,0,0,0,0,0
82195,2018-12-29 12:58:40,,406685811,82194.0,0.0,136,0,0,0,0,0,0
82196,2018-12-29 12:58:50,,257711200,82195.0,0.0,136,0,0,0,0,0,0
82197,2018-12-29 12:58:57,,257711200,82196.0,0.0,136,0,0,0,0,0,0
82198,2018-12-29 12:59:14,,406685811,82197.0,0.0,136,0,0,0,0,0,0
82199,2018-12-29 12:59:26,,257711200,82198.0,0.0,136,0,0,0,0,0,0
82200,2018-12-29 12:59:35,,257711200,82199.0,0.0,136,0,0,0,0,0,0
82201,2018-12-29 12:59:35,,406685811,82199.0,0.0,136,0,0,0,0,0,0
82202,2018-12-29 12:59:47,,406685811,82200.0,0.0,136,0,0,0,0,0,0
82203,2018-12-29 13:00:04,,106067880,82200.0,0.0,136,0,0,0,0,0,0
82204,2018-12-29 13:00:36,,406685811,82202.0,0.0,136,0,0,0,0,0,0
82205,2018-12-29 13:00:43,,257711200,82202.0,0.0,136,0,0,0,0,0,0
82206,2018-12-29 13:01:02,,257711200,82205.0,0.0,136,0,0,0,0,0,0
82207,2018-12-29 13:01:12,,406685811,82204.0,0.0,136,0,0,0,0,0,0
82208,2018-12-29 13:01:19,,406685811,82207.0,0.0,136,0,0,0,0,0,0
82209,2018-12-29 13:01:19,82203.0,257711200,82203.0,0.0,136,0,0,0,0,0,0
82210,2018-12-29 13:01:41,,257711200,82209.0,0.0,136,0,0,0,0,0,0
82211,2018-12-29 13:02:00,82209.0,106067880,82209.0,0.0,136,0,0,0,0,0,0
82212,2018-12-29 13:02:01,,257711200,82210.0,0.0,136,0,0,0,0,0,0
82213,2018-12-29 13:02:17,,406685811,82212.0,0.0,136,0,0,0,0,0,0
82214,2018-12-29 13:02:22,,257711200,82211.0,0.0,136,0,0,0,0,0,0
82215,2018-12-29 13:02:39,,106067880,82213.0,0.0,136,0,0,0,0,0,0
82216,2018-12-29 13:02:42,,257711200,82213.0,0.0,136,0,0,0,0,0,0
82217,2018-12-29 13:02:53,,257711200,82216.0,0.0,136,0,0,0,0,0,0
82218,2018-12-29 13:03:12,,257711200,82217.0,0.0,136,0,0,0,0,0,0
82219,2018-12-29 13:03:39,,257711200,82218.0,0.0,136,0,0,0,0,0,0
82220,2018-12-29 13:03:48,,106067880,82216.0,0.0,136,0,0,0,0,0,0
82221,2018-12-29 13:03:49,,257711200,82220.0,0.0,136,0,0,0,0,0,0
82222,2018-12-29 13:04:18,,106067880,82221.0,0.0,136,0,0,0,0,0,0
82223,2018-12-29 13:04:20,,257711200,82222.0,0.0,136,0,0,0,0,0,0
82224,2018-12-29 13:17:27,82215.0,355707984,82215.0,0.0,136,0,0,0,0,0,0
82225,2018-12-29 13:18:08,,355707984,82224.0,0.0,136,0,0,0,0,0,0
82226,2018-12-29 13:18:32,,257711200,82225.0,0.0,136,0,0,0,0,0,0
82227,2018-12-29 13:18:34,,355707984,82225.0,0.0,136,0,0,0,0,0,0
82228,2018-12-29 13:18:40,,257711200,82226.0,0.0,136,0,0,0,0,0,0
82229,2018-12-29 13:21:01,82224.0,257711200,82224.0,0.0,136,0,0,0,0,0,0
82230,2018-12-29 13:21:13,,355707984,82229.0,0.0,136,0,0,0,0,0,0
82231,2018-12-29 13:22:01,,257711200,82230.0,0.0,136,0,0,0,0,0,0
82232,2018-12-29 13:23:00,,257711200,82231.0,0.0,136,0,0,0,0,0,0
82233,2018-12-29 13:23:07,,257711200,82232.0,0.0,136,0,0,0,0,0,0
82234,2018-12-29 14:07:15,82228.0,406685811,82228.0,0.0,136,0,0,0,0,0,0
82236,2018-12-29 14:46:09,82234.0,355707984,82234.0,0.0,136,0,0,0,0,0,0
82237,2018-12-29 14:47:40,,406685811,82236.0,0.0,136,0,0,0,0,0,0
82238,2018-12-29 14:49:28,,165379505,82237.0,0.0,136,0,0,0,0,0,0
82239,2018-12-29 14:49:31,82237.0,113659538,82237.0,0.0,136,0,0,0,0,0,0
82240,2018-12-29 14:49:57,82239.0,406685811,82239.0,0.0,136,0,0,0,0,0,0
82241,2018-12-29 15:14:50,82237.0,355707984,82237.0,0.0,136,0,0,0,0,0,0
82243,2018-12-30 12:00:11,,34361514,,1.0,138,0,0,0,0,0,0
158584,2020-05-01 16:13:55,158580.0,645041698,158580.0,0.0,139,0,0,0,0,0,0
158585,2020-05-01 16:14:57,158584.0,194031635,158584.0,0.0,139,0,0,0,0,0,0
158586,2020-05-01 16:15:45,,645041698,158585.0,0.0,139,0,0,0,0,0,0
158587,2020-05-01 16:18:55,,194031635,158586.0,0.0,139,0,0,0,0,0,0
158588,2020-05-01 16:20:20,158587.0,645041698,158587.0,0.0,139,0,0,0,0,0,0
158589,2020-05-01 16:22:49,158537.0,192132434,158537.0,0.0,140,0,0,0,0,1,0
158590,2020-05-01 16:23:29,158588.0,194031635,158588.0,0.0,139,0,0,0,0,0,0
158591,2020-05-01 16:24:08,158589.0,194031635,158589.0,0.0,140,0,0,0,0,0,0
158592,2020-05-01 16:24:18,158590.0,645041698,158590.0,0.0,139,0,0,0,0,0,0
158593,2020-05-01 16:24:31,,645041698,158592.0,0.0,139,0,0,0,0,0,0
158595,2020-05-01 19:25:09,154837.0,237276218,154837.0,0.0,141,0,0,0,0,0,0
158596,2020-05-01 19:26:55,158595.0,225549875,158595.0,0.0,141,0,0,0,0,0,0
158597,2020-05-01 19:31:26,158596.0,237276218,158596.0,0.0,141,0,0,0,1,0,0
158598,2020-05-01 19:31:47,,237276218,158597.0,0.0,141,0,0,0,0,0,0
158600,2020-05-01 19:32:43,,237276218,158598.0,0.0,141,0,0,0,0,0,0
158601,2020-05-01 19:32:48,158597.0,225549875,158597.0,0.0,141,0,0,0,0,0,0
158602,2020-05-01 19:33:29,158597.0,194031635,158597.0,0.0,141,0,0,0,0,0,0
158603,2020-05-01 19:34:04,158601.0,237276218,158601.0,0.0,141,0,0,0,0,0,0
158604,2020-05-01 19:34:05,,194031635,158601.0,0.0,141,0,0,0,0,0,0
158605,2020-05-01 19:34:29,,225549875,158604.0,0.0,141,0,0,0,0,0,0
158606,2020-05-01 19:34:39,,237276218,158604.0,0.0,141,0,0,0,0,0,0
158607,2020-05-01 19:34:53,158605.0,237276218,158605.0,0.0,141,0,0,0,0,0,0
158608,2020-05-01 19:35:30,,237276218,158607.0,0.0,141,0,0,0,0,0,0
158609,2020-05-01 19:36:01,,237276218,158608.0,0.0,141,0,0,0,0,0,0
158610,2020-05-01 19:36:07,,194031635,158609.0,0.0,141,0,0,0,0,0,0
158611,2020-05-01 19:36:10,158608.0,225549875,158608.0,0.0,141,0,0,0,0,0,0
158612,2020-05-01 19:36:53,158611.0,237276218,158611.0,0.0,141,0,0,0,0,0,0
158613,2020-05-01 19:37:18,,194031635,158612.0,0.0,141,0,0,0,0,0,0
158614,2020-05-01 19:38:40,158613.0,237276218,158613.0,0.0,141,0,0,0,0,0,0
158615,2020-05-01 19:39:30,,237276218,158614.0,0.0,141,0,0,0,0,0,0
158616,2020-05-01 19:40:55,,237276218,158615.0,0.0,141,0,0,0,0,0,0
158617,2020-05-01 19:41:11,,225549875,158614.0,0.0,141,0,0,0,0,0,0
158618,2020-05-01 19:41:43,,225549875,158617.0,0.0,141,0,0,0,0,0,0
158619,2020-05-01 19:41:59,,194031635,158616.0,0.0,141,0,0,0,0,0,0
158620,2020-05-01 19:42:58,,225549875,158618.0,0.0,141,0,0,0,0,0,0
158621,2020-05-01 19:43:26,,237276218,158616.0,0.0,141,0,0,0,0,0,0
158622,2020-05-01 19:43:40,158620.0,237276218,158620.0,0.0,141,0,0,0,0,0,0
158623,2020-05-01 19:44:59,,237276218,158622.0,0.0,141,0,0,0,1,0,0
158624,2020-05-01 19:45:26,,237276218,158623.0,0.0,141,0,0,0,0,0,0
158625,2020-05-01 19:46:29,158624.0,237276218,158624.0,0.0,141,0,0,0,0,0,0
158626,2020-05-01 19:46:34,,194031635,158624.0,0.0,141,0,0,0,0,0,0
158627,2020-05-01 19:47:34,158626.0,237276218,158626.0,0.0,141,0,0,0,0,0,0
158628,2020-05-01 19:49:22,,225549875,158627.0,0.0,141,0,0,0,0,0,0
158629,2020-05-01 19:49:46,,237276218,158628.0,0.0,141,0,0,0,0,0,0
158630,2020-05-01 19:50:06,,237276218,158629.0,0.0,141,0,0,0,0,0,0
158631,2020-05-01 19:50:16,158629.0,225549875,158629.0,0.0,141,0,0,0,0,0,0
158632,2020-05-01 19:50:19,,237276218,158630.0,0.0,141,0,0,0,0,0,0
158633,2020-05-01 19:50:42,,237276218,158632.0,0.0,141,0,0,0,0,0,0
158634,2020-05-01 19:51:51,158628.0,237276218,158628.0,0.0,141,0,0,0,0,0,0
158635,2020-05-01 19:52:43,158631.0,237276218,158631.0,0.0,141,0,0,0,0,0,0
158636,2020-05-01 19:53:06,,237276218,158635.0,0.0,141,0,0,0,0,0,0
158637,2020-05-01 19:53:45,158636.0,225549875,158636.0,0.0,141,0,0,0,0,0,0
158638,2020-05-01 19:53:58,,194031635,158626.0,0.0,141,0,0,0,0,0,0
158639,2020-05-01 19:55:05,158637.0,237276218,158637.0,0.0,141,0,0,0,0,0,0
158640,2020-05-01 19:56:45,158638.0,237276218,158638.0,0.0,141,0,0,0,0,0,0
158641,2020-05-01 19:58:40,158638.0,225549875,158638.0,0.0,141,0,0,0,0,0,0
158642,2020-05-01 20:01:34,,225549875,158641.0,0.0,141,0,0,0,0,0,0
158643,2020-05-01 20:03:52,,194031635,158642.0,0.0,141,0,0,0,0,0,0
158644,2020-05-01 20:07:39,,194031635,158643.0,0.0,141,0,0,0,0,0,0
158645,2020-05-01 20:11:58,158638.0,371367894,158638.0,0.0,141,0,0,0,0,0,0
158646,2020-05-01 20:22:59,,237276218,158645.0,0.0,141,0,0,0,0,0,0
158647,2020-05-01 20:23:31,,237276218,158646.0,0.0,141,0,0,0,0,0,0
158648,2020-05-01 20:24:05,158647.0,225549875,158647.0,0.0,141,0,0,0,0,0,0
158649,2020-05-01 20:24:06,,225549875,158648.0,0.0,141,0,0,0,0,0,0
158650,2020-05-01 20:24:13,,237276218,158645.0,0.0,141,0,0,0,0,0,0
158651,2020-05-01 20:25:03,,237276218,158650.0,0.0,141,0,0,0,0,0,0
158652,2020-05-01 20:38:59,,225549875,158650.0,0.0,141,0,0,0,0,0,0
158653,2020-05-01 20:39:05,,225549875,158652.0,0.0,141,0,0,0,0,0,0
158654,2020-05-01 20:56:02,158652.0,237276218,158652.0,0.0,141,0,0,0,0,0,0
158655,2020-05-01 21:00:51,,225549875,158654.0,0.0,141,0,0,0,0,0,0
158656,2020-05-01 21:00:52,,225549875,158655.0,0.0,141,0,0,0,0,0,0
158657,2020-05-01 21:01:43,,225549875,158656.0,0.0,141,0,0,0,0,0,0
158658,2020-05-01 21:04:22,158657.0,237276218,158657.0,0.0,141,0,0,0,0,0,0
158659,2020-05-01 21:04:54,,237276218,158658.0,0.0,141,0,0,0,0,0,0
158660,2020-05-01 21:07:29,158659.0,225549875,158659.0,0.0,141,0,0,0,0,0,0
158661,2020-05-01 21:08:04,,237276218,158660.0,0.0,141,0,0,0,0,0,0
158662,2020-05-01 21:08:58,,237276218,158661.0,0.0,141,0,0,0,1,0,0
158663,2020-05-01 21:09:38,158662.0,225549875,158662.0,0.0,141,0,0,0,0,0,0
158664,2020-05-01 21:10:47,,225549875,158663.0,0.0,141,0,0,0,0,0,0
158665,2020-05-01 21:11:05,,225549875,158664.0,0.0,141,0,0,0,0,0,0
158666,2020-05-01 21:11:29,,237276218,158665.0,0.0,141,0,0,0,0,0,0
158667,2020-05-01 21:12:10,,237276218,158666.0,0.0,141,0,0,0,0,0,0
158668,2020-05-01 21:15:36,,237276218,158667.0,0.0,141,0,0,0,0,0,0
158669,2020-05-01 21:15:52,,237276218,158668.0,0.0,141,0,0,0,0,0,0
158670,2020-05-01 21:15:54,158666.0,225549875,158666.0,0.0,141,0,0,0,0,0,0
158671,2020-05-01 21:16:44,158669.0,225549875,158669.0,0.0,141,0,0,0,0,0,0
158672,2020-05-01 21:17:04,,225549875,158671.0,0.0,141,0,0,0,0,0,0
158673,2020-05-01 21:17:33,158666.0,225549875,158666.0,0.0,141,0,0,0,0,0,0
158674,2020-05-01 21:17:37,158670.0,237276218,158670.0,0.0,141,0,0,0,0,0,0
158675,2020-05-01 21:17:44,158673.0,237276218,158673.0,0.0,141,0,0,0,0,0,0
158676,2020-05-01 21:18:54,158673.0,237276218,158675.0,0.0,141,0,0,0,0,0,0
158677,2020-05-01 21:19:56,158672.0,237276218,158672.0,0.0,141,0,0,0,0,0,0
158678,2020-05-01 21:20:54,158677.0,225549875,158677.0,0.0,141,0,0,0,0,0,0
158679,2020-05-01 21:21:37,,225549875,158678.0,0.0,141,0,0,0,0,0,0
158680,2020-05-01 21:23:36,158679.0,237276218,158679.0,0.0,141,0,0,0,0,0,0
158681,2020-05-01 21:27:16,158680.0,225549875,158680.0,0.0,141,0,0,0,0,0,0
158682,2020-05-01 21:27:21,,237276218,158681.0,0.0,141,0,0,0,0,0,0
158683,2020-05-01 21:30:19,,194031635,158682.0,0.0,141,0,0,0,0,0,0
158684,2020-05-01 21:31:01,,194031635,158683.0,0.0,141,0,0,0,0,0,0
158685,2020-05-01 21:33:55,,225549875,158684.0,0.0,141,0,0,0,0,0,0
158686,2020-05-01 21:35:43,,225549875,158685.0,0.0,141,0,0,0,0,0,0
158687,2020-05-01 21:35:47,,194031635,158686.0,0.0,141,0,0,0,0,0,0
158688,2020-05-01 21:37:24,158687.0,225549875,158687.0,0.0,141,0,0,0,0,0,0
158689,2020-05-01 21:37:29,,237276218,158688.0,0.0,141,0,0,0,0,0,0
158690,2020-05-01 21:38:04,158685.0,237276218,158685.0,0.0,141,0,0,0,0,0,0
158691,2020-05-01 21:38:34,,237276218,158690.0,0.0,141,0,0,0,0,0,0
158692,2020-05-01 21:38:47,,194031635,158691.0,0.0,141,0,0,0,0,0,0
158693,2020-05-01 21:38:47,158691.0,225549875,158691.0,0.0,141,0,0,0,0,0,0
158694,2020-05-01 21:40:33,,237276218,158693.0,0.0,141,0,0,0,0,0,0
158695,2020-05-01 21:40:34,,225549875,158694.0,0.0,141,0,0,0,0,0,0
158696,2020-05-01 21:41:03,158695.0,237276218,158695.0,0.0,141,0,0,0,0,0,0
158697,2020-05-01 21:43:10,,237276218,158696.0,0.0,141,0,0,0,0,0,0
158698,2020-05-01 21:45:00,158694.0,225549875,158694.0,0.0,141,0,0,0,0,0,0
158699,2020-05-01 21:47:45,158698.0,237276218,158698.0,0.0,141,0,0,0,0,0,0
158700,2020-05-01 21:47:55,158698.0,225549875,158698.0,0.0,141,0,0,0,0,0,0
158701,2020-05-01 21:48:38,158700.0,237276218,158700.0,0.0,141,0,0,0,0,0,0
158702,2020-05-01 21:49:05,158701.0,225549875,158701.0,0.0,141,0,0,0,0,0,0
158703,2020-05-01 21:49:48,,237276218,158702.0,0.0,141,0,0,0,0,0,0
158704,2020-05-01 21:50:23,158703.0,225549875,158703.0,0.0,141,0,0,0,0,0,0
158705,2020-05-01 21:50:23,,237276218,158704.0,0.0,141,0,0,0,0,0,0
158706,2020-05-01 21:51:32,,237276218,158705.0,0.0,141,0,0,0,0,0,0
158707,2020-05-01 21:51:55,,237276218,158706.0,0.0,141,0,0,0,0,0,0
158708,2020-05-01 21:52:47,,225549875,158707.0,0.0,141,0,0,0,0,0,0
158709,2020-05-01 21:53:34,158708.0,237276218,158708.0,0.0,141,0,0,0,0,0,0
158710,2020-05-01 22:09:29,,237276218,158709.0,0.0,141,0,0,0,1,0,0
158711,2020-05-01 22:10:39,,225549875,158710.0,0.0,141,0,0,0,0,0,0
158712,2020-05-01 22:12:51,,237276218,158711.0,0.0,141,0,0,0,0,0,0
158713,2020-05-01 22:15:03,,225549875,158712.0,0.0,141,0,0,0,0,0,0
158714,2020-05-01 22:16:27,,237276218,158713.0,0.0,141,0,0,0,0,0,0
158715,2020-05-01 22:17:08,,225549875,158714.0,0.0,141,0,0,0,0,0,0
158716,2020-05-01 22:17:59,,237276218,158715.0,0.0,141,0,0,1,0,0,0
158717,2020-05-01 22:34:15,,194031635,158716.0,0.0,141,0,0,0,0,0,0
158718,2020-05-01 22:44:14,158717.0,237276218,158717.0,0.0,141,0,0,0,0,0,0
158719,2020-05-01 22:46:19,,237276218,158718.0,0.0,141,0,0,0,0,0,0
158720,2020-05-01 22:48:11,,194031635,158719.0,0.0,141,0,0,0,0,0,0
158721,2020-05-01 22:59:37,158718.0,225549875,158718.0,0.0,141,0,0,0,0,0,0
158722,2020-05-01 23:00:20,,225549875,158721.0,0.0,141,0,0,0,0,0,0
158723,2020-05-01 23:00:40,158722.0,237276218,158722.0,0.0,141,0,0,0,0,0,0
158724,2020-05-01 23:01:45,,237276218,158723.0,0.0,141,0,0,0,0,0,0
158725,2020-05-01 23:02:38,,237276218,158724.0,0.0,141,0,0,0,0,0,0
159035,2020-05-04 19:17:49,159033.0,219101284,159033.0,0.0,142,0,0,0,0,0,0
159036,2020-05-04 19:18:12,,219101284,159035.0,0.0,142,0,0,0,0,0,0
159037,2020-05-04 19:18:58,,192132434,159036.0,0.0,142,0,0,0,1,0,0
159038,2020-05-04 19:20:50,159037.0,219101284,159037.0,0.0,142,0,0,0,0,0,0
159039,2020-05-04 19:20:57,159037.0,225549875,159037.0,0.0,142,0,0,0,0,0,0
159040,2020-05-04 19:24:21,159039.0,192132434,159039.0,0.0,142,0,0,0,0,0,0
159041,2020-05-04 19:24:49,159040.0,225549875,159040.0,0.0,142,0,0,0,0,0,0
159042,2020-05-04 19:26:12,159040.0,219101284,159040.0,0.0,142,0,0,0,0,0,0
159043,2020-05-04 19:29:57,,192132434,159042.0,0.0,142,0,0,0,1,0,0
159044,2020-05-04 19:38:33,159043.0,219101284,159043.0,0.0,142,0,0,0,0,0,0
159045,2020-05-04 19:40:28,,237276218,,1.0,143,0,0,0,0,0,0
159046,2020-05-04 19:41:09,159045.0,405301731,159045.0,0.0,143,1,0,0,0,0,0
159047,2020-05-04 19:45:02,,405301731,,1.0,144,0,0,0,0,0,0
159048,2020-05-04 20:12:10,,235459738,159047.0,0.0,144,1,0,0,0,0,0
159049,2020-05-04 20:23:37,159044.0,192132434,159044.0,0.0,142,0,0,1,0,0,0
159050,2020-05-04 20:26:29,159048.0,405301731,159048.0,0.0,144,0,0,0,0,0,0
159051,2020-05-04 20:31:01,159047.0,194031635,159047.0,0.0,144,0,0,0,0,0,0
159052,2020-05-04 20:31:37,,405301731,,0.0,144,0,0,0,0,0,0
159053,2020-05-04 20:31:40,,405301731,159051.0,0.0,144,0,0,0,0,0,0
159054,2020-05-04 20:33:09,159052.0,194031635,159052.0,0.0,144,1,0,0,0,0,0
159055,2020-05-04 20:34:05,159054.0,405301731,159054.0,0.0,144,0,0,0,0,0,0
159056,2020-05-04 20:34:51,159055.0,194031635,159055.0,0.0,144,0,0,0,0,0,0
159057,2020-05-04 20:35:41,159056.0,405301731,159056.0,0.0,144,0,0,0,0,0,0
159058,2020-05-04 22:09:02,,274201960,,1.0,145,0,0,0,0,0,0
159059,2020-05-04 22:12:03,,65398682,159058.0,0.0,145,1,0,0,0,0,0
159060,2020-05-04 22:12:35,,65398682,159059.0,0.0,145,1,0,0,0,0,0
159061,2020-05-04 23:00:49,,194031635,159060.0,0.0,145,1,0,0,0,0,0
159062,2020-05-04 23:01:58,,274201960,159061.0,0.0,145,0,0,0,0,0,0
159063,2020-05-04 23:04:27,,274201960,159062.0,0.0,145,0,0,0,1,0,0
159064,2020-05-04 23:05:52,,194031635,159063.0,0.0,145,1,0,0,0,0,0
159066,2020-05-05 8:37:30,,62388123,,1.0,146,0,0,0,0,0,0
159067,2020-05-05 8:39:46,,235459738,159066.0,0.0,146,1,0,0,0,0,0
159069,2020-05-05 9:08:13,,546322516,,1.0,147,0,0,0,0,0,0
159070,2020-05-05 9:22:02,159066.0,371367894,159066.0,0.0,146,1,0,0,0,0,0
159071,2020-05-05 9:22:29,,371367894,159070.0,0.0,146,1,0,0,0,0,0
159072,2020-05-05 9:44:43,,128096325,,1.0,148,0,0,0,0,0,0
159073,2020-05-05 10:07:16,,792294332,,1.0,149,0,0,0,0,0,0
159074,2020-05-05 10:08:29,,371367894,159073.0,0.0,149,1,0,0,0,0,0
159075,2020-05-05 10:09:50,159072.0,371367894,159072.0,0.0,148,1,0,0,0,0,0
159076,2020-05-05 10:10:07,,371367894,159075.0,0.0,148,1,0,0,0,0,0
159077,2020-05-05 10:18:14,,398746749,,1.0,150,0,0,0,0,0,0
159078,2020-05-05 10:28:17,159072.0,219101284,159072.0,0.0,148,1,0,0,0,0,0
159079,2020-05-05 10:28:26,,398746749,159077.0,0.0,150,0,0,0,0,0,0
159080,2020-05-05 10:28:42,159077.0,219101284,159077.0,0.0,150,0,0,0,0,0,0
159081,2020-05-05 10:28:53,159080.0,398746749,159080.0,0.0,150,0,0,0,0,0,0
159082,2020-05-05 10:29:15,159081.0,219101284,159081.0,0.0,150,1,0,0,0,0,0
159083,2020-05-05 10:39:10,,371367894,159082.0,0.0,150,1,0,0,0,0,0
159084,2020-05-05 10:53:39,,546322516,,1.0,151,0,0,0,0,0,0
159085,2020-05-05 10:54:24,,225549875,159084.0,0.0,151,1,0,0,0,0,0
159086,2020-05-05 10:55:15,,225549875,159085.0,0.0,151,1,0,0,0,0,0
159088,2020-05-05 12:23:45,,460254773,,1.0,152,0,0,0,0,0,0
159089,2020-05-05 12:26:51,,460254773,159088.0,0.0,152,0,0,0,0,0,0
159092,2020-05-05 13:24:37,,398746749,,1.0,153,0,0,0,0,0,0
159093,2020-05-05 13:25:31,159092.0,65398682,159092.0,0.0,153,1,0,0,0,0,0
159094,2020-05-05 13:25:54,159093.0,398746749,159093.0,0.0,153,0,0,0,0,0,0
159095,2020-05-05 13:26:04,159092.0,371367894,159092.0,0.0,153,1,0,0,0,0,0
159096,2020-05-05 13:26:19,,371367894,159095.0,0.0,153,0,0,0,0,0,0
159097,2020-05-05 13:26:21,159094.0,65398682,159094.0,0.0,153,0,0,0,1,0,0
159098,2020-05-05 13:26:27,159038.0,192132434,159038.0,0.0,142,1,0,0,0,0,0
159099,2020-05-05 13:26:42,159097.0,398746749,159097.0,0.0,153,0,0,0,0,0,0
159100,2020-05-05 13:27:09,,65398682,159099.0,0.0,153,0,0,0,0,0,0
159101,2020-05-05 13:27:11,159099.0,371367894,159099.0,0.0,153,0,0,0,0,0,0
159102,2020-05-05 13:29:38,,398746749,159101.0,0.0,153,0,0,0,1,0,0
159103,2020-05-05 13:30:17,159102.0,371367894,159102.0,0.0,153,1,0,0,0,0,0
159104,2020-05-05 13:30:19,,65398682,159102.0,0.0,153,1,0,0,0,0,0
159105,2020-05-05 13:34:53,159104.0,398746749,159104.0,0.0,153,0,0,0,0,0,0
159108,2020-05-05 18:37:25,,102375526,,1.0,154,0,0,0,0,0,0
159109,2020-05-05 18:43:04,159108.0,371367894,159108.0,0.0,154,1,0,0,0,0,0
159110,2020-05-05 18:44:18,,102375526,159109.0,0.0,154,0,0,1,1,0,0
159111,2020-05-05 18:45:03,,102375526,159110.0,0.0,154,0,0,0,0,0,0
159412,2020-05-07 10:25:37,,7699150,,0.0,155,0,0,0,0,0,0
159413,2020-05-07 10:27:23,,371367894,,0.0,156,0,0,0,0,0,0
159414,2020-05-07 10:27:28,159412.0,371367894,159412.0,0.0,155,0,0,0,0,0,0
159415,2020-05-07 10:27:55,,7699150,159414.0,0.0,155,0,0,1,0,0,0
159417,2020-05-07 10:54:12,,52080152,,1.0,157,0,0,0,0,0,0
159418,2020-05-07 10:58:26,,371367894,159417.0,0.0,157,1,0,0,1,0,0
159419,2020-05-07 11:00:19,159418.0,52080152,159418.0,0.0,157,0,0,0,0,0,0
159420,2020-05-07 11:00:57,159417.0,371367894,159417.0,0.0,157,0,0,0,1,0,0
159421,2020-05-07 11:01:28,159420.0,52080152,159420.0,0.0,157,0,0,0,0,0,0
159422,2020-05-07 11:02:34,159421.0,371367894,159421.0,0.0,157,1,0,0,0,0,0
159423,2020-05-07 11:02:44,,371367894,159422.0,0.0,157,1,0,0,1,0,0
159424,2020-05-07 11:03:49,159423.0,52080152,159423.0,0.0,157,0,0,0,0,0,0
159425,2020-05-07 11:04:07,,52080152,159424.0,0.0,157,0,0,0,0,0,0
159426,2020-05-07 11:04:22,,371367894,159424.0,0.0,157,1,0,0,0,0,0
159427,2020-05-07 11:04:24,,371367894,159426.0,0.0,157,1,0,0,0,0,0
159428,2020-05-07 11:04:50,159427.0,52080152,159427.0,0.0,157,0,0,1,0,0,0
159430,2020-05-07 11:13:11,159343.0,194031635,159343.0,0.0,158,0,0,0,0,0,0
159431,2020-05-07 11:14:57,159387.0,194031635,159387.0,0.0,159,0,0,0,0,0,0
159432,2020-05-07 11:16:17,159406.0,194031635,159406.0,0.0,160,0,0,0,0,0,0
159433,2020-05-07 11:19:19,159417.0,194031635,159417.0,0.0,157,1,0,0,0,0,0
159434,2020-05-07 11:20:04,159399.0,194031635,159399.0,0.0,161,0,0,0,0,0,0
159435,2020-05-07 11:43:56,,776295,,1.0,162,0,0,0,0,0,0
159436,2020-05-07 11:46:44,159435.0,225549875,159435.0,0.0,162,1,0,0,0,0,0
159437,2020-05-07 11:48:16,159436.0,776295,159436.0,0.0,162,0,0,1,0,0,0
159438,2020-05-07 11:48:56,,776295,159437.0,0.0,162,0,0,0,1,0,0
159439,2020-05-07 11:49:33,159438.0,225549875,159438.0,0.0,162,0,0,0,0,0,0
159440,2020-05-07 11:51:26,,225549875,159439.0,0.0,162,0,0,0,0,0,0
159442,2020-05-07 12:06:57,159435.0,194031635,159435.0,0.0,162,1,0,0,1,0,0
159443,2020-05-07 12:09:03,,776295,159435.0,0.0,162,0,0,0,0,0,0
159444,2020-05-07 12:09:09,159442.0,776295,159442.0,0.0,162,0,0,0,0,0,0
159445,2020-05-07 12:09:49,159443.0,371367894,159443.0,0.0,162,1,0,0,0,0,0
159446,2020-05-07 12:10:35,,371367894,159445.0,0.0,162,1,0,0,0,0,0
159447,2020-05-07 12:17:28,159446.0,776295,159446.0,0.0,162,0,0,0,0,0,0
159448,2020-05-07 12:18:13,159447.0,371367894,159447.0,0.0,162,1,0,0,0,0,0
159450,2020-05-07 12:27:24,,776295,159448.0,0.0,162,0,0,0,1,0,0
159451,2020-05-07 12:28:59,159450.0,371367894,159450.0,0.0,162,1,0,0,0,0,0
159452,2020-05-07 12:29:11,,371367894,159451.0,0.0,162,1,0,0,0,0,0
159454,2020-05-07 12:37:43,,73352558,,1.0,163,0,0,0,0,0,0
159455,2020-05-07 12:52:02,159432.0,276658482,159432.0,0.0,160,0,0,1,0,0,0
159456,2020-05-07 13:04:37,159454.0,235459738,159454.0,0.0,163,1,0,0,0,0,0
159457,2020-05-07 13:08:02,,219130823,,1.0,164,0,0,0,0,0,0
159458,2020-05-07 13:08:08,159454.0,235459738,159454.0,0.0,163,1,0,0,0,0,0
159459,2020-05-07 13:08:41,159457.0,371367894,159457.0,0.0,164,1,0,0,0,0,0
159460,2020-05-07 13:08:43,,371367894,159459.0,0.0,164,0,0,0,0,0,0
159461,2020-05-07 13:08:45,159457.0,235459738,159457.0,0.0,164,1,0,0,0,0,0
159462,2020-05-07 13:10:21,,219130823,159461.0,0.0,164,0,0,1,0,0,0
159463,2020-05-07 13:10:48,,219130823,159462.0,0.0,164,0,0,0,1,0,0
159464,2020-05-07 13:11:07,159463.0,219130823,159463.0,0.0,164,0,0,0,0,0,0
159465,2020-05-07 13:11:30,,235459738,159464.0,0.0,164,0,0,0,0,0,0
159466,2020-05-07 13:23:08,159463.0,194031635,159463.0,0.0,164,0,0,0,0,0,0
159467,2020-05-07 13:23:37,,194031635,159466.0,0.0,164,1,0,0,0,0,0
159468,2020-05-07 13:23:55,159467.0,219130823,159467.0,0.0,164,0,0,0,0,0,0
159469,2020-05-07 13:24:22,159458.0,73352558,159458.0,0.0,163,0,0,0,0,0,0
159470,2020-05-07 13:24:42,159443.0,194031635,159443.0,0.0,162,0,0,0,1,0,0
159471,2020-05-07 13:26:30,159454.0,194031635,159454.0,0.0,163,1,0,0,0,0,0
159472,2020-05-07 13:27:22,159470.0,776295,159470.0,0.0,162,0,0,0,0,0,0
159473,2020-05-07 13:28:49,159472.0,194031635,159472.0,0.0,162,0,0,0,0,0,0
159474,2020-05-07 13:30:01,159471.0,73352558,159471.0,0.0,163,0,0,0,0,0,0
159475,2020-05-07 13:31:12,,194031635,159474.0,0.0,163,0,0,0,0,0,0
159476,2020-05-07 13:31:54,,194031635,159475.0,0.0,163,0,0,0,0,0,0
159477,2020-05-07 13:37:26,159473.0,776295,159473.0,0.0,162,0,0,0,0,0,0
159478,2020-05-07 13:39:58,159477.0,194031635,159477.0,0.0,162,0,0,0,1,0,0
159479,2020-05-07 13:42:17,159478.0,776295,159478.0,0.0,162,0,0,0,0,0,0
159480,2020-05-07 13:43:42,159479.0,194031635,159479.0,0.0,162,0,0,0,0,0,0
159481,2020-05-07 13:44:22,159480.0,776295,159480.0,0.0,162,0,0,0,0,0,0
159482,2020-05-07 13:47:35,159475.0,73352558,159475.0,0.0,163,0,0,1,0,0,0
159483,2020-05-07 13:48:05,159481.0,194031635,159481.0,0.0,162,0,0,0,0,0,0
159485,2020-05-07 13:51:18,,149433935,,1.0,165,0,0,0,0,0,0
159486,2020-05-07 13:52:00,,149433935,159485.0,0.0,165,0,0,0,0,0,0
159487,2020-05-07 13:52:23,,149433935,159486.0,0.0,165,0,0,0,0,0,0