id,date,reply_to_msg_id,from_id,is_root,dialog_number,is_answer,debatable_answer,not_solved,satisfaction,new_subtopic,flood,dialog_type
3112,2017-12-16 16:34:09,,266971092.0,0.0,0,0,,0,0,0,1,0
3113,2017-12-16 16:34:11,,266971092.0,0.0,0,0,,0,0,0,1,0
3114,2017-12-16 16:34:48,,11725094.0,0.0,0,0,,0,0,0,1,0
3115,2017-12-16 16:35:07,,266971092.0,0.0,0,0,,0,0,0,1,0
3116,2017-12-16 16:35:58,,945424.0,0.0,0,0,,0,0,0,1,0
3117,2017-12-16 16:38:30,3095.0,266971092.0,0.0,0,0,,0,0,0,1,0
3118,2017-12-16 16:38:58,,266971092.0,0.0,0,0,,0,0,0,1,0
3119,2017-12-16 16:39:01,,945424.0,0.0,0,0,,0,0,0,1,0
3120,2017-12-16 16:39:04,,945424.0,0.0,0,0,,0,0,0,1,0
3121,2017-12-16 16:39:18,3120.0,266971092.0,0.0,0,0,,0,0,0,1,0
3122,2017-12-16 16:52:44,,274947717.0,1.0,1,0,,0,0,0,1,0
3123,2017-12-16 16:53:14,,266971092.0,0.0,1,1,,0,0,0,1,0
3124,2017-12-16 16:53:42,,274947717.0,0.0,1,0,,0,1,0,1,0
3125,2017-12-16 16:53:56,,266971092.0,0.0,1,0,,0,0,0,1,0
3126,2017-12-16 16:58:05,,200203797.0,0.0,2,0,,0,0,0,1,0
3127,2017-12-16 17:07:42,3126.0,266971092.0,0.0,2,0,,0,0,0,1,0
3128,2017-12-16 17:41:52,,200203797.0,0.0,2,0,,0,0,0,1,0
3130,2017-12-16 22:32:44,3101.0,273586290.0,0.0,3,0,,0,0,0,1,0
3131,2017-12-16 22:33:45,,273586290.0,0.0,3,0,,0,0,0,1,0
3132,2017-12-16 22:33:58,,273586290.0,0.0,3,0,,0,0,0,1,0
3133,2017-12-16 22:35:21,,273586290.0,0.0,3,0,,0,0,0,1,0
3134,2017-12-16 22:35:25,,200203797.0,0.0,3,0,,0,0,0,1,0
3135,2017-12-16 22:35:34,,273586290.0,0.0,3,0,,0,0,0,1,0
3136,2017-12-16 22:35:38,,273586290.0,0.0,3,0,,0,0,0,1,0
3137,2017-12-16 22:35:49,,273586290.0,0.0,3,0,,0,0,0,1,0
3138,2017-12-16 22:35:49,,273586290.0,0.0,3,0,,0,0,0,1,0
3139,2017-12-16 22:35:49,,273586290.0,0.0,3,0,,0,0,0,1,0
3140,2017-12-16 22:36:12,3134.0,273586290.0,0.0,3,0,,0,0,0,1,0
3141,2017-12-16 22:36:20,,200203797.0,0.0,3,0,,0,0,0,1,0
3142,2017-12-16 22:36:53,,273586290.0,0.0,3,0,,0,0,0,1,0
3143,2017-12-16 22:37:40,3134.0,273586290.0,0.0,3,0,,0,0,0,1,0
3144,2017-12-16 22:38:22,,200203797.0,0.0,3,0,,0,0,0,1,0
3145,2017-12-16 22:41:43,,273586290.0,0.0,3,0,,0,0,0,1,0
3146,2017-12-16 22:42:35,,273586290.0,0.0,3,0,,0,0,0,1,0
3147,2017-12-16 22:44:46,,273586290.0,0.0,3,0,,0,0,0,1,0
3148,2017-12-16 22:50:30,,273586290.0,0.0,3,0,,0,0,0,1,0
3149,2017-12-16 22:50:30,,273586290.0,0.0,3,0,,0,0,0,1,0
3150,2017-12-16 22:50:30,,273586290.0,0.0,3,0,,0,0,0,1,0
3151,2017-12-16 22:50:30,,273586290.0,0.0,3,0,,0,0,0,1,0
3152,2017-12-16 22:50:30,,273586290.0,0.0,3,0,,0,0,0,1,0
3153,2017-12-16 22:50:30,,273586290.0,0.0,3,0,,0,0,0,1,0
3154,2017-12-16 22:50:30,,273586290.0,0.0,3,0,,0,0,0,1,0
3155,2017-12-16 22:50:30,,273586290.0,0.0,3,0,,0,0,0,1,0
3156,2017-12-16 22:50:30,,273586290.0,0.0,3,0,,0,0,0,1,0
3157,2017-12-16 22:50:30,,273586290.0,0.0,3,0,,0,0,0,1,0
3158,2017-12-16 22:50:31,,273586290.0,0.0,3,0,,0,0,0,1,0
3159,2017-12-16 22:50:31,,273586290.0,0.0,3,0,,0,0,0,1,0
3160,2017-12-16 22:50:31,,273586290.0,0.0,3,0,,0,0,0,1,0
3161,2017-12-16 22:54:11,,266971092.0,0.0,3,0,,0,0,0,1,0
3162,2017-12-16 23:05:34,,247115316.0,0.0,3,0,,0,0,0,1,0
3163,2017-12-16 23:34:38,,266971092.0,0.0,3,0,,0,0,0,1,0
3164,2017-12-17 5:02:15,,476918118.0,1.0,4,0,,0,0,0,1,0
3165,2017-12-17 5:02:33,,476918118.0,0.0,4,0,,0,0,0,1,0
3167,2017-12-17 6:37:53,,213722837.0,0.0,4,0,,0,0,0,1,0
3169,2017-12-17 8:03:04,,204486627.0,1.0,5,0,,0,0,0,1,0
3170,2017-12-17 8:49:57,3167.0,390726802.0,0.0,4,0,,0,0,0,1,0
3172,2017-12-17 10:04:32,,171423994.0,0.0,5,0,,0,0,0,1,0
3173,2017-12-17 10:04:32,,171423994.0,0.0,5,0,,0,0,0,1,0
3174,2017-12-17 10:11:03,,483127181.0,0.0,5,0,,0,0,0,1,0
3175,2017-12-17 10:11:03,,483127181.0,0.0,5,0,,0,0,0,1,0
3176,2017-12-17 10:11:29,,483127181.0,0.0,5,0,,0,0,0,1,0
3177,2017-12-17 13:04:14,,273586290.0,0.0,5,0,,0,0,0,1,0
3179,2017-12-17 13:32:08,,124143258.0,1.0,6,0,,0,0,0,0,0
3180,2017-12-17 13:32:37,,124143258.0,0.0,6,0,,0,0,0,0,0
3181,2017-12-17 15:16:04,,453662205.0,0.0,6,0,,0,0,0,0,0
3182,2017-12-17 16:02:18,,247115316.0,0.0,6,0,,0,0,0,0,0
3183,2017-12-17 17:31:43,3179.0,233383686.0,0.0,6,1,,0,0,0,0,0
3184,2017-12-17 17:50:58,3183.0,216366146.0,0.0,6,0,,0,0,0,0,0
3185,2017-12-17 17:56:50,3180.0,48240954.0,0.0,6,0,,0,0,0,0,0
3186,2017-12-17 17:56:57,3184.0,233383686.0,0.0,6,0,,0,0,0,0,0
3187,2017-12-17 17:57:58,,233383686.0,0.0,6,0,,0,0,0,0,0
3188,2017-12-17 17:58:12,,233383686.0,0.0,6,0,,0,0,0,0,0
3189,2017-12-17 18:02:50,,146968168.0,0.0,6,1,,0,0,0,0,0
3190,2017-12-17 18:07:12,,233383686.0,0.0,6,0,,0,0,0,0,0
3191,2017-12-17 18:08:08,,124143258.0,0.0,6,0,,0,1,0,0,0
3192,2017-12-17 18:23:59,3186.0,216366146.0,0.0,6,0,,0,0,0,0,0
3193,2017-12-17 18:27:00,3192.0,233383686.0,0.0,6,0,,0,0,0,0,0
3194,2017-12-17 18:28:25,3193.0,216366146.0,0.0,6,0,,0,0,0,0,0
3195,2017-12-17 21:53:19,,150875607.0,0.0,6,0,,0,0,0,0,0
3196,2017-12-18 9:56:28,,273586290.0,1.0,7,0,,0,0,0,0,0
3199,2017-12-18 10:23:31,3196.0,476918118.0,0.0,7,1,,0,0,0,0,0
3200,2017-12-18 10:24:47,,273586290.0,0.0,7,0,,0,0,0,0,0
3201,2017-12-18 10:26:19,3200.0,476918118.0,0.0,7,0,,0,0,0,0,0
3202,2017-12-18 10:27:02,,476918118.0,0.0,7,0,,0,0,0,0,0
3204,2017-12-18 10:29:20,,247115316.0,1.0,8,0,,0,0,0,0,0
3205,2017-12-18 10:34:16,,247115316.0,0.0,8,0,,0,0,0,0,0
3206,2017-12-18 10:43:07,,273586290.0,0.0,8,0,,0,0,0,0,0
3207,2017-12-18 10:43:17,,273586290.0,0.0,8,0,,0,1,0,0,0
3208,2017-12-18 11:18:19,,353144173.0,0.0,8,0,,0,0,0,0,0
3209,2017-12-18 13:06:01,,339912669.0,1.0,9,0,,0,0,0,0,0
3210,2017-12-18 15:54:47,,476918118.0,1.0,10,0,,0,0,0,1,0
3211,2017-12-18 15:55:16,,266971092.0,0.0,10,0,,0,0,0,1,0
3212,2017-12-18 15:55:21,,266971092.0,0.0,10,0,,0,0,0,1,0
3213,2017-12-18 15:56:05,3210.0,945424.0,0.0,10,0,,0,0,0,1,0
3215,2017-12-18 16:09:13,,406753967.0,0.0,10,0,,0,0,0,1,0
3216,2017-12-18 16:24:00,3210.0,247115316.0,0.0,10,0,,0,0,0,1,0
3217,2017-12-18 16:26:32,3210.0,274947717.0,0.0,10,0,,0,0,0,1,0
3218,2017-12-18 16:40:41,,29433864.0,0.0,10,0,,0,0,0,1,0
3219,2017-12-18 16:49:27,3217.0,406753967.0,0.0,10,0,,0,0,0,1,0
3220,2017-12-18 16:51:07,,406753967.0,0.0,10,0,,0,0,0,1,0
3221,2017-12-18 16:52:13,,406753967.0,0.0,10,0,,0,0,0,1,0
3222,2017-12-18 16:55:36,,124143258.0,0.0,10,0,,0,0,0,1,0
3223,2017-12-18 16:56:18,,945424.0,0.0,10,0,,0,0,0,1,0
3224,2017-12-18 16:56:53,,945424.0,0.0,10,0,,0,0,0,1,0
3225,2017-12-18 16:57:19,,124143258.0,0.0,10,0,,0,0,0,1,0
3226,2017-12-18 16:57:26,,124143258.0,0.0,10,0,,0,0,0,1,0
3227,2017-12-18 16:58:48,3225.0,945424.0,0.0,10,0,,0,0,0,1,0
3228,2017-12-18 16:59:03,,945424.0,0.0,10,0,,0,0,0,1,0
3229,2017-12-18 16:59:26,,945424.0,0.0,10,0,,0,0,0,1,0
3230,2017-12-18 17:00:47,,247115316.0,0.0,10,0,,0,0,0,1,0
3231,2017-12-18 17:01:39,,124143258.0,0.0,10,0,,0,0,0,1,0
3232,2017-12-18 17:02:10,,247115316.0,0.0,10,0,,0,0,0,1,0
3233,2017-12-18 17:02:35,,945424.0,0.0,10,0,,0,0,0,1,0
3234,2017-12-18 17:02:40,,945424.0,0.0,10,0,,0,0,0,1,0
3235,2017-12-18 17:02:55,3233.0,247115316.0,0.0,10,0,,0,0,0,1,0
3236,2017-12-18 17:03:00,,124143258.0,0.0,10,0,,0,0,0,1,0
3238,2017-12-18 17:21:13,3222.0,406753967.0,0.0,10,0,,0,0,0,1,0
3239,2017-12-18 17:22:01,3238.0,138873478.0,0.0,10,0,,0,0,0,1,0
3240,2017-12-18 17:27:06,,406753967.0,0.0,10,0,,0,0,0,1,0
3241,2017-12-18 17:27:19,,406753967.0,0.0,10,0,,0,0,0,1,0
3242,2017-12-18 17:27:55,,406753967.0,0.0,10,0,,0,0,0,1,0
3243,2017-12-18 17:29:37,,138873478.0,0.0,10,0,,0,0,0,1,0
3244,2017-12-18 17:30:23,,138873478.0,0.0,10,0,,0,0,0,1,0
3245,2017-12-18 17:30:35,3239.0,406753967.0,0.0,10,0,,0,0,0,1,0
3246,2017-12-18 17:30:48,,406753967.0,0.0,10,0,,0,0,0,1,0
3247,2017-12-18 17:31:14,3244.0,406753967.0,0.0,10,0,,0,0,0,1,0
3248,2017-12-18 17:31:30,,138873478.0,0.0,10,0,,0,0,0,1,0
3249,2017-12-18 17:31:35,,406753967.0,0.0,10,0,,0,0,0,1,0
3250,2017-12-18 17:31:55,,138873478.0,0.0,10,0,,0,0,0,1,0
3251,2017-12-18 17:32:10,,11725094.0,0.0,10,0,,0,0,0,1,0
3252,2017-12-18 17:32:19,,11725094.0,0.0,10,0,,0,0,0,1,0
3253,2017-12-18 17:32:23,,11725094.0,0.0,10,0,,0,0,0,1,0
3254,2017-12-18 17:32:34,,11725094.0,0.0,10,0,,0,0,0,1,0
3255,2017-12-18 17:32:52,,11725094.0,0.0,10,0,,0,0,0,1,0
3256,2017-12-18 17:33:14,,11725094.0,0.0,10,0,,0,0,0,1,0
3257,2017-12-18 17:33:28,,945424.0,0.0,10,0,,0,0,0,1,0
3258,2017-12-18 17:33:43,3255.0,406753967.0,0.0,10,0,,0,0,0,1,0
3259,2017-12-18 17:34:05,,945424.0,1.0,11,0,,0,0,0,1,0
3260,2017-12-18 17:34:17,,945424.0,0.0,11,0,,0,0,0,1,0
3261,2017-12-18 17:34:20,,945424.0,0.0,11,0,,0,0,0,1,0
3262,2017-12-18 17:34:37,,945424.0,0.0,11,0,,0,0,0,1,0
3263,2017-12-18 17:34:48,,11725094.0,0.0,11,0,,0,0,0,1,0
3264,2017-12-18 17:34:53,,11725094.0,0.0,11,0,,0,0,0,1,0
3265,2017-12-18 17:35:00,3262.0,110875689.0,0.0,11,0,,0,0,0,1,0
3266,2017-12-18 17:35:07,,945424.0,0.0,11,0,,0,0,0,1,0
3267,2017-12-18 17:35:11,,11725094.0,0.0,11,0,,0,0,0,1,0
3268,2017-12-18 17:35:18,,11725094.0,0.0,11,0,,0,0,0,1,0
3269,2017-12-18 17:36:01,,945424.0,0.0,11,0,,0,0,0,1,0
3270,2017-12-18 17:36:15,,11725094.0,0.0,11,0,,0,0,0,1,0
3271,2017-12-18 17:36:18,,945424.0,0.0,11,0,,0,0,0,1,0
3272,2017-12-18 17:36:19,,11725094.0,0.0,11,0,,0,0,0,1,0
3273,2017-12-18 17:36:25,,945424.0,0.0,11,0,,0,0,0,1,0
3274,2017-12-18 17:36:36,,945424.0,0.0,11,0,,0,0,0,1,0
3275,2017-12-18 17:36:55,3266.0,110875689.0,0.0,11,0,,0,0,0,1,0
3276,2017-12-18 17:36:55,,110875689.0,0.0,11,0,,0,0,0,1,0
3277,2017-12-18 17:36:56,,11725094.0,0.0,11,0,,0,0,0,1,0
3278,2017-12-18 17:37:31,,945424.0,0.0,11,0,,0,0,0,1,0
3279,2017-12-18 17:37:36,,945424.0,0.0,11,0,,0,0,0,1,0
3280,2017-12-18 17:38:26,,945424.0,0.0,11,0,,0,0,0,1,0
3281,2017-12-18 17:38:42,,945424.0,0.0,11,0,,0,0,0,1,0
3282,2017-12-18 17:40:17,,945424.0,0.0,11,0,,0,0,0,1,0
3283,2017-12-18 17:44:29,3210.0,303212121.0,0.0,10,0,,0,0,0,1,0
3284,2017-12-18 17:46:23,,945424.0,0.0,10,0,,0,0,0,1,0
3285,2017-12-18 17:51:49,3245.0,303212121.0,0.0,10,0,,0,0,0,1,0
3286,2017-12-18 17:56:14,,200203797.0,0.0,10,0,,0,0,0,1,0
3287,2017-12-18 17:56:50,,200203797.0,0.0,10,0,,0,0,0,1,0
3288,2017-12-18 18:06:40,3231.0,483127181.0,0.0,10,0,,0,0,0,1,0
3289,2017-12-18 18:30:19,3221.0,476918118.0,0.0,10,0,,0,0,0,1,0
3290,2017-12-18 18:52:27,3289.0,406753967.0,0.0,10,0,,0,0,0,1,0
3291,2017-12-18 19:04:14,3221.0,274947717.0,0.0,10,0,,0,0,0,1,0
3292,2017-12-18 21:09:34,,247115316.0,0.0,10,0,,0,0,0,1,0
3293,2017-12-19 3:18:48,3210.0,390726802.0,0.0,10,0,,0,0,0,1,0
3294,2017-12-19 6:24:37,,247115316.0,1.0,12,0,,0,0,0,1,0
3295,2017-12-19 6:36:17,,476918118.0,1.0,13,0,,0,0,0,1,0
3296,2017-12-19 6:36:32,,476918118.0,0.0,13,0,,0,0,0,1,0
3297,2017-12-19 6:52:45,3296.0,109657291.0,0.0,13,0,,0,0,0,1,0
3298,2017-12-19 6:53:23,,109657291.0,0.0,13,0,,0,0,0,1,0
3299,2017-12-19 10:10:38,3297.0,476918118.0,0.0,13,0,,0,0,0,1,0
3300,2017-12-19 11:08:00,,318443188.0,1.0,14,0,,0,0,0,1,0
3301,2017-12-19 11:08:01,,318443188.0,0.0,14,0,,0,0,0,0,0
3302,2017-12-19 11:09:46,,265948604.0,0.0,14,0,,0,0,0,0,0
3303,2017-12-19 11:13:59,,84064407.0,0.0,14,0,,0,0,0,0,0
3304,2017-12-19 11:14:36,,107147471.0,0.0,14,1,,0,0,0,0,0
3305,2017-12-19 11:14:42,,945424.0,0.0,14,1,,0,0,0,0,0
3306,2017-12-19 11:20:24,3301.0,48240954.0,0.0,14,1,,0,0,0,0,0
3307,2017-12-19 11:25:21,,171423994.0,0.0,14,0,,0,0,0,0,0
3308,2017-12-19 12:03:14,3300.0,274947717.0,0.0,14,1,,0,0,0,0,0
3309,2017-12-19 14:09:10,3301.0,273586290.0,0.0,14,0,,0,0,0,0,0
3311,2017-12-19 17:25:29,3300.0,67482868.0,0.0,14,0,,0,0,0,0,0
3312,2017-12-19 17:25:33,,67482868.0,0.0,14,0,,0,0,0,0,0
3313,2017-12-19 17:25:38,,67482868.0,0.0,14,0,,0,0,0,0,0
3314,2017-12-19 17:42:58,,476918118.0,0.0,14,0,,0,0,0,0,0
3315,2017-12-19 18:28:41,3314.0,67482868.0,0.0,14,0,,0,0,0,0,0
3316,2017-12-19 18:30:18,,378524367.0,0.0,14,0,,0,0,0,0,0
3317,2017-12-20 7:01:36,,247115316.0,0.0,14,0,,0,0,0,0,0
3318,2017-12-20 7:23:32,,214918350.0,0.0,14,0,,0,0,0,0,0
3319,2017-12-20 7:51:11,,247115316.0,0.0,14,0,,0,0,0,0,0
3320,2017-12-20 8:08:35,,390726802.0,0.0,14,0,,0,0,0,0,0
3321,2017-12-20 8:53:03,3301.0,89426133.0,0.0,14,0,,0,0,0,0,0
3323,2017-12-21 7:41:38,,171423994.0,0.0,14,0,,0,0,0,0,0
3324,2017-12-21 7:44:49,,476918118.0,0.0,14,0,,0,0,0,0,0
3326,2017-12-21 12:40:17,,112378867.0,1.0,15,0,,0,0,0,0,0
3327,2017-12-21 12:43:16,3326.0,110875689.0,0.0,15,1,,0,0,0,0,0
3328,2017-12-21 12:43:36,3327.0,112378867.0,0.0,15,0,,0,0,0,0,0
3329,2017-12-22 3:31:08,,346638227.0,1.0,16,0,,0,0,0,0,0
3330,2017-12-22 3:34:54,,247115316.0,0.0,16,1,,0,0,0,0,0
3331,2017-12-22 3:48:18,3330.0,346638227.0,0.0,16,0,,0,0,0,0,0
3332,2017-12-22 4:01:44,,247115316.0,0.0,16,0,,0,0,0,0,0
3333,2017-12-22 6:28:19,,171423994.0,0.0,16,1,,0,0,0,0,0
3334,2017-12-22 6:30:57,,114365843.0,0.0,16,1,,0,0,0,0,0
3335,2017-12-22 6:35:30,,171423994.0,0.0,16,1,,0,0,0,0,0
3336,2017-12-22 6:35:48,,171423994.0,0.0,16,1,,0,0,0,0,0
3337,2017-12-22 6:50:09,3333.0,396603469.0,0.0,16,0,,0,0,0,0,0
3338,2017-12-22 7:40:39,,378524367.0,0.0,16,1,,0,0,0,0,0
3339,2017-12-22 7:52:53,,214172143.0,0.0,16,1,,0,0,0,0,0
3340,2017-12-22 7:53:01,,214172143.0,0.0,16,1,,0,0,0,0,0
3341,2017-12-22 7:53:55,,214172143.0,0.0,16,1,,0,0,0,0,0
3342,2017-12-22 10:00:07,,293403102.0,1.0,17,0,,0,0,0,0,0
3343,2017-12-22 11:13:27,,247115316.0,1.0,18,0,,0,0,0,0,0
3345,2017-12-22 12:52:37,,247115316.0,1.0,19,0,,0,0,0,0,0
3347,2017-12-23 8:00:08,,277458473.0,1.0,20,0,,0,0,0,0,0
3348,2017-12-23 8:00:08,,277458473.0,0.0,20,0,,0,0,0,0,0
3349,2017-12-23 8:00:09,,277458473.0,1.0,20,0,,0,0,0,0,0
3357,2017-12-24 12:40:16,,49105681.0,1.0,21,0,,0,0,0,0,0
3358,2017-12-24 12:52:15,,29433864.0,0.0,21,1,,0,0,0,0,0
3359,2017-12-24 13:38:53,3358.0,247115316.0,0.0,21,0,,1,0,0,1,0
3360,2017-12-24 14:59:54,,396603469.0,1.0,22,0,,0,0,0,0,0
3361,2017-12-24 15:00:22,,396603469.0,0.0,22,1,,0,0,0,0,0
3363,2017-12-24 15:58:06,,273586290.0,0.0,22,0,,0,0,0,0,0
3367,2017-12-25 0:30:03,3365.0,945424.0,0.0,23,0,,0,0,0,1,0
3369,2017-12-26 10:12:11,,112378867.0,1.0,24,0,,0,0,0,0,0
3371,2017-12-26 10:21:37,3369.0,185016948.0,0.0,24,0,,0,0,0,0,0
3372,2017-12-26 10:21:43,,185016948.0,0.0,24,1,,0,0,0,0,0
3373,2017-12-26 10:25:45,3372.0,112378867.0,0.0,24,0,,0,0,0,0,0
3374,2017-12-26 10:26:53,,185016948.0,0.0,24,0,,0,0,0,0,0
3375,2017-12-26 10:59:01,3374.0,112378867.0,0.0,24,0,,0,1,0,0,0
3376,2017-12-26 11:06:57,3375.0,185016948.0,0.0,24,0,,0,0,0,0,0
3377,2017-12-26 11:17:39,3376.0,112378867.0,0.0,24,0,,0,1,0,0,0
3378,2017-12-26 22:37:17,,247115316.0,0.0,24,0,,0,0,0,1,0
3379,2017-12-26 22:58:31,,277885254.0,0.0,24,0,,0,0,0,1,0
3380,2017-12-26 23:44:12,,393221693.0,0.0,24,0,,0,0,0,1,0
3381,2017-12-27 4:39:01,3379.0,390726802.0,0.0,24,0,,0,0,0,1,0
3382,2017-12-27 7:38:19,,109657291.0,1.0,25,0,,0,0,0,0,1
3383,2017-12-27 7:38:23,,109657291.0,0.0,25,0,,0,0,0,0,0
3384,2017-12-27 7:38:28,,109657291.0,0.0,25,0,,0,0,0,0,0
3385,2017-12-27 7:38:38,,109657291.0,0.0,25,0,,0,0,0,0,0
3387,2017-12-27 12:19:21,,247115316.0,0.0,25,0,,0,0,0,0,0
3388,2017-12-27 12:19:21,,247115316.0,0.0,25,0,,0,0,0,0,0
3390,2017-12-27 13:10:56,3388.0,434662485.0,0.0,25,0,,0,0,0,0,0
3391,2017-12-27 16:49:36,,463368075.0,1.0,26,0,,0,0,0,0,1
3392,2017-12-28 6:14:28,,192040908.0,1.0,27,0,,0,0,0,0,1
3393,2017-12-28 10:32:05,,200203797.0,0.0,27,0,,0,0,0,0,0
3394,2017-12-28 10:32:20,3391.0,108008464.0,0.0,26,0,,0,0,0,0,0
3395,2017-12-28 10:32:51,3393.0,200203797.0,0.0,27,0,,0,0,0,1,0
3396,2017-12-28 14:25:49,,247115316.0,0.0,28,0,,0,0,0,0,0
3398,2017-12-29 4:28:18,,247115316.0,0.0,28,0,,0,0,0,0,0
3400,2017-12-29 10:20:12,,247115316.0,0.0,28,0,,0,0,0,0,0
3401,2017-12-29 13:40:42,,112378867.0,1.0,29,0,,0,0,0,0,0
3402,2017-12-29 13:43:44,3401.0,185016948.0,0.0,29,1,,0,0,0,0,0
3403,2017-12-29 13:44:02,3402.0,112378867.0,0.0,29,0,,0,1,0,0,0
3404,2017-12-29 14:07:09,,273586290.0,1.0,30,0,,0,0,0,1,0
3406,2017-12-29 15:48:08,,273586290.0,0.0,30,0,,0,0,0,1,0
3408,2017-12-29 20:36:38,3405.0,411007244.0,0.0,31,0,,0,0,0,1,0
3409,2017-12-29 20:47:02,,247115316.0,0.0,31,0,,0,0,0,1,0
3410,2017-12-29 20:50:12,,247115316.0,0.0,31,0,,0,0,0,1,0
3411,2017-12-29 23:34:02,,247115316.0,0.0,31,0,,0,0,0,1,0
3412,2017-12-30 11:49:59,,93415986.0,0.0,31,0,,0,0,0,1,0
3413,2017-12-30 12:02:17,3412.0,132196073.0,0.0,31,0,,0,0,0,1,0
3414,2017-12-30 15:38:51,,280134066.0,1.0,32,0,,0,0,0,1,0
3415,2017-12-30 17:36:33,,164767243.0,0.0,32,0,,0,0,0,1,0
3416,2017-12-30 18:10:49,,200203797.0,0.0,32,0,,0,0,0,1,0
3417,2017-12-31 8:37:07,,164767243.0,0.0,33,0,,0,0,0,1,0
3418,2017-12-31 11:15:38,,411007244.0,0.0,34,0,,0,0,0,1,0
3419,2017-12-31 11:15:52,,411007244.0,0.0,34,0,,0,0,0,1,0
3420,2017-12-31 11:54:49,,192040908.0,0.0,34,0,,0,0,0,1,0
3421,2017-12-31 15:35:16,,322481644.0,0.0,34,0,,0,0,0,1,0
3422,2017-12-31 16:57:48,,150875607.0,0.0,34,0,,0,0,0,1,0
3424,2017-12-31 17:27:53,,200203797.0,0.0,34,0,,0,0,0,1,0
3426,2017-12-31 19:12:22,,110875689.0,0.0,34,0,,0,0,0,1,0
3427,2017-12-31 19:58:44,,390726802.0,0.0,34,0,,0,0,0,1,0
3428,2017-12-31 22:12:40,,361563132.0,0.0,34,0,,0,0,0,1,0
7546,2018-09-24 14:13:44,7542.0,438400107.0,0.0,35,0,,0,0,0,0,0
7548,2018-09-24 14:30:02,,128170565.0,0.0,35,1,,0,0,0,0,0
7549,2018-09-24 16:24:08,7548.0,174333977.0,0.0,35,0,,0,1,0,0,0
7550,2018-09-24 17:55:00,,466194129.0,0.0,35,0,,0,0,0,0,0
7551,2018-09-24 18:53:24,,247115316.0,0.0,35,0,,0,0,0,0,0
7552,2018-09-24 18:58:09,7551.0,401979491.0,0.0,35,0,,0,0,0,0,0
7553,2018-09-24 19:02:16,7552.0,247115316.0,0.0,35,0,,0,0,0,0,0
7554,2018-09-24 20:29:29,,128170565.0,0.0,35,0,,0,0,0,0,0
7555,2018-09-24 20:51:20,,174333977.0,0.0,35,1,,0,0,0,0,0
7556,2018-09-24 20:51:22,,174333977.0,0.0,35,1,,0,0,0,0,0
7557,2018-09-24 20:52:52,,174333977.0,0.0,35,1,,0,0,0,0,0
7558,2018-09-24 20:55:48,,174333977.0,0.0,35,1,,0,0,0,0,0
7560,2018-09-25 10:22:35,,466194129.0,0.0,35,0,,0,0,0,0,0
7561,2018-09-25 15:29:49,,466194129.0,0.0,35,0,,0,0,0,0,0
7562,2018-09-25 15:29:56,,466194129.0,0.0,35,0,,0,0,0,0,0
7563,2018-09-25 15:50:24,,365491237.0,0.0,35,0,,0,0,0,0,0
7564,2018-09-25 16:04:42,,347714447.0,0.0,35,0,,0,0,0,0,0
7566,2018-09-25 17:45:10,7546.0,373407505.0,0.0,35,0,,0,0,0,0,0
7567,2018-09-25 17:59:28,7540.0,373407505.0,0.0,36,0,,0,0,0,0,0
7570,2018-09-25 19:00:59,7568.0,405234586.0,0.0,37,0,,0,0,0,0,0
7572,2018-09-26 5:31:13,7571.0,405234586.0,0.0,38,0,,0,0,0,0,0
7573,2018-09-26 7:32:32,7568.0,220287482.0,0.0,39,0,,0,0,0,0,0
7574,2018-09-26 8:54:39,,384742058.0,1.0,40,0,,0,0,0,0,0
7575,2018-09-26 8:55:05,,384742058.0,0.0,40,0,,0,0,0,0,0
7576,2018-09-26 12:43:21,,293403102.0,1.0,41,0,,0,0,0,0,1
7577,2018-09-26 13:01:11,,182419509.0,1.0,42,0,,0,0,0,1,0
7578,2018-09-26 13:58:42,,466194129.0,0.0,42,0,,0,0,0,1,0
7579,2018-09-27 6:40:55,,682421894.0,1.0,43,0,,0,0,0,0,1
7580,2018-09-27 7:58:54,,365491237.0,0.0,43,1,,0,0,0,0,0
7582,2018-09-27 11:08:55,,466194129.0,0.0,43,0,,0,0,0,0,0
7588,2018-09-27 18:19:47,,541482291.0,0.0,44,0,,0,0,0,0,1
7589,2018-09-27 18:19:53,,541482291.0,0.0,44,0,,0,0,0,0,0
7590,2018-09-27 18:19:53,,541482291.0,0.0,44,0,,0,0,0,0,0
7591,2018-09-27 18:44:44,,466194129.0,0.0,44,0,,0,0,0,0,0
7594,2018-09-27 21:59:55,7592.0,449363379.0,0.0,45,0,,0,0,0,1,0
7595,2018-09-27 22:02:56,7592.0,449363379.0,0.0,46,1,,0,0,0,1,0
7597,2018-09-27 22:33:34,,466194129.0,0.0,46,1,,0,0,0,1,0
7598,2018-09-27 22:38:31,,466194129.0,0.0,46,0,,0,0,0,1,0
7600,2018-09-27 22:56:49,7598.0,370174211.0,0.0,46,0,,0,0,0,1,0
7601,2018-09-27 22:58:09,7600.0,466194129.0,0.0,46,0,,0,0,0,1,0
7602,2018-09-27 22:58:13,,466194129.0,0.0,46,0,,0,0,0,1,0
7605,2018-09-28 6:58:48,7591.0,346406748.0,0.0,44,0,,0,0,0,1,0
7606,2018-09-28 6:59:19,7598.0,346406748.0,0.0,46,0,,0,0,0,1,0
7607,2018-09-28 7:00:00,7602.0,346406748.0,0.0,46,0,,0,0,0,1,0
7608,2018-09-28 7:00:28,,346406748.0,0.0,46,0,,0,0,0,1,0
7609,2018-09-28 7:08:46,,405234586.0,0.0,46,0,,0,0,0,1,0
7610,2018-09-28 7:23:41,7592.0,273316976.0,1.0,47,0,,0,0,0,1,0
7611,2018-09-28 12:24:07,,247115316.0,0.0,47,0,,0,0,0,1,0
7612,2018-09-28 13:20:04,,466194129.0,0.0,47,0,,0,0,0,1,0
7613,2018-09-28 14:55:28,7611.0,346406748.0,0.0,47,0,,0,0,0,1,0
7615,2018-09-28 17:37:17,7613.0,401979491.0,0.0,47,0,,0,0,0,1,0
7616,2018-09-28 17:42:27,,346406748.0,0.0,48,0,,0,0,0,1,0
7617,2018-09-28 17:42:32,,346406748.0,0.0,48,0,,0,0,0,1,0
7622,2018-09-28 17:57:08,7617.0,247115316.0,0.0,48,0,,0,0,0,1,0
7623,2018-09-28 17:57:50,,247115316.0,0.0,48,0,,0,0,0,1,0
7624,2018-09-28 17:59:31,7622.0,346406748.0,0.0,48,0,,0,0,0,1,0
7625,2018-09-28 18:00:15,7623.0,346406748.0,0.0,48,0,,0,0,0,1,0
7627,2018-09-28 19:42:32,,385900353.0,1.0,49,0,,0,0,0,0,1
7628,2018-09-28 20:24:41,,466194129.0,0.0,49,0,,0,0,0,0,0
7629,2018-09-28 20:26:01,,405234586.0,0.0,49,0,,0,0,0,1,0
7630,2018-09-28 20:26:04,,405234586.0,0.0,49,0,,0,0,0,1,0
7633,2018-09-29 12:17:42,,466194129.0,0.0,49,0,,0,0,0,1,0
7634,2018-09-29 12:17:52,,466194129.0,0.0,49,0,,0,0,0,1,0
7636,2018-09-29 15:16:30,,247115316.0,0.0,49,0,,0,0,0,1,0
7637,2018-09-29 19:24:56,,494151473.0,1.0,50,0,,0,0,0,0,1
7638,2018-09-30 5:42:29,,346406748.0,0.0,50,0,,0,0,0,0,0
7639,2018-09-30 7:53:59,7568.0,84064407.0,0.0,51,0,,0,0,0,1,0
7641,2018-09-30 20:05:09,,466194129.0,0.0,51,0,,0,0,0,1,0
7643,2018-10-01 2:13:15,,247115316.0,0.0,51,0,,0,0,0,1,0
7644,2018-10-01 5:09:19,,346406748.0,0.0,51,0,,0,0,0,1,0
7647,2018-10-01 9:21:44,7641.0,182419509.0,0.0,51,0,,0,0,0,1,0
7648,2018-10-01 9:43:06,7643.0,35292085.0,0.0,51,0,,0,0,0,1,0
7650,2018-10-02 16:53:49,,401979491.0,1.0,52,0,,0,0,0,1,0
7651,2018-10-02 16:53:50,,401979491.0,0.0,52,0,,0,0,0,1,0
7652,2018-10-02 18:06:53,,132996413.0,0.0,52,0,,0,0,0,1,0
7653,2018-10-02 18:09:39,7652.0,418260565.0,0.0,52,0,,0,0,0,1,0
7656,2018-10-02 19:00:14,,452001465.0,1.0,53,0,,0,0,0,1,0
7657,2018-10-02 19:00:14,,452001465.0,0.0,53,0,,0,0,0,1,0
7658,2018-10-02 19:00:14,,452001465.0,0.0,53,0,,0,0,0,1,0
7659,2018-10-02 19:00:17,,452001465.0,0.0,53,0,,0,0,0,0,1
7660,2018-10-02 19:33:38,7659.0,247115316.0,0.0,53,1,,0,0,0,0,0
7661,2018-10-02 19:34:31,,452001465.0,0.0,53,0,,0,1,0,0,0
7669,2018-10-03 13:06:24,,405234586.0,0.0,54,0,,0,0,0,1,0
7670,2018-10-03 13:22:36,7668.0,346406748.0,0.0,54,0,,0,0,0,1,0
7672,2018-10-03 13:24:57,7671.0,476918118.0,0.0,54,0,,0,0,0,1,0
7673,2018-10-03 13:34:14,,405234586.0,0.0,54,0,,0,0,0,1,0
7675,2018-10-03 13:37:23,7671.0,346406748.0,0.0,54,0,,0,0,0,1,0
7676,2018-10-03 13:47:44,7675.0,405234586.0,0.0,54,0,,0,0,0,1,0
7678,2018-10-03 15:26:09,7659.0,473722077.0,0.0,53,1,,0,0,0,1,0
7679,2018-10-03 15:28:29,7678.0,452001465.0,0.0,53,0,,0,0,0,1,0
7680,2018-10-03 15:34:20,,473722077.0,0.0,53,0,,0,0,0,1,0
7681,2018-10-03 17:07:34,,466194129.0,0.0,53,0,,0,0,0,1,0
7682,2018-10-03 19:20:39,,418260565.0,1.0,55,0,,0,0,0,0,0
7683,2018-10-03 20:51:23,,357809819.0,0.0,55,0,,0,0,0,0,0
7684,2018-10-04 16:41:10,,346406748.0,1.0,56,0,,0,0,0,0,0
7685,2018-10-04 17:16:45,,466194129.0,0.0,56,0,,0,0,0,0,0
7686,2018-10-04 17:18:55,,346406748.0,0.0,56,0,,0,0,0,0,0
7687,2018-10-04 17:19:30,,346406748.0,0.0,56,0,,0,0,0,0,0
7688,2018-10-05 8:03:53,,164767243.0,0.0,56,0,,0,0,0,0,0
7691,2018-10-05 12:08:48,7688.0,346406748.0,0.0,56,0,,0,0,0,0,0
7692,2018-10-05 18:10:53,,466194129.0,0.0,56,0,,0,0,0,0,0
7696,2018-10-07 11:05:45,,247115316.0,0.0,56,0,,0,0,0,0,0
7697,2018-10-07 11:20:25,,439522559.0,1.0,57,0,,0,0,0,1,0
7698,2018-10-07 11:20:31,,439522559.0,0.0,57,0,,0,0,0,1,0
7699,2018-10-07 11:20:37,,439522559.0,0.0,57,0,,0,0,0,1,0
7700,2018-10-07 11:20:38,,439522559.0,0.0,57,0,,0,0,0,1,0
7701,2018-10-07 11:21:00,,439522559.0,0.0,57,0,,0,0,0,1,0
7702,2018-10-07 12:20:59,,466194129.0,0.0,57,0,,0,0,0,1,0
7704,2018-10-07 13:36:34,7701.0,370174211.0,0.0,57,1,,0,0,0,1,0
7705,2018-10-07 13:38:43,7701.0,100112260.0,0.0,57,1,,0,0,0,1,0
7706,2018-10-07 13:39:57,7705.0,449363379.0,0.0,57,0,,0,0,0,1,0
7707,2018-10-07 13:40:52,,384742058.0,0.0,57,1,,0,0,0,1,0
7708,2018-10-07 13:41:09,7706.0,100112260.0,0.0,57,0,,0,0,0,1,0
7709,2018-10-07 13:41:55,,383944140.0,0.0,57,0,,0,0,0,1,0
7710,2018-10-07 13:42:19,,383944140.0,0.0,57,0,,0,0,0,1,0
7711,2018-10-07 13:45:58,,198216966.0,0.0,58,0,,0,0,0,0,1
7712,2018-10-07 13:48:48,7708.0,449363379.0,0.0,57,0,,0,0,0,1,0
7713,2018-10-07 13:55:47,7700.0,370174211.0,0.0,57,0,,0,0,0,1,0
7714,2018-10-07 13:57:29,7698.0,370174211.0,0.0,57,0,,0,0,0,1,0
7715,2018-10-07 13:59:02,7697.0,370174211.0,0.0,57,0,,0,0,0,1,0
7716,2018-10-07 14:02:10,7715.0,306041500.0,0.0,57,0,,0,0,0,1,0
7717,2018-10-07 14:03:59,7716.0,370174211.0,0.0,57,0,,0,0,0,1,0
7718,2018-10-07 14:04:46,7717.0,306041500.0,0.0,57,0,,0,0,0,1,0
7719,2018-10-07 14:06:08,7718.0,370174211.0,0.0,57,0,,0,0,0,1,0
7720,2018-10-07 14:08:03,,306041500.0,0.0,57,0,,0,0,0,1,0
7721,2018-10-07 14:08:38,,306041500.0,0.0,57,0,,0,0,0,1,0
7722,2018-10-07 14:09:26,,100112260.0,0.0,57,0,,0,0,0,1,0
7723,2018-10-07 14:17:13,7722.0,370174211.0,0.0,57,0,,0,0,0,1,0
7724,2018-10-07 14:21:07,7716.0,370174211.0,0.0,57,0,,0,0,0,1,0
7725,2018-10-07 14:22:21,7724.0,306041500.0,0.0,57,0,,0,0,0,1,0
7726,2018-10-07 14:27:36,7725.0,370174211.0,0.0,57,0,,0,0,0,1,0
7727,2018-10-07 16:23:28,,200393804.0,0.0,57,0,,0,0,0,1,0
7728,2018-10-07 16:26:28,,200393804.0,0.0,57,0,,0,0,0,1,0
7729,2018-10-07 16:50:39,,466194129.0,0.0,57,0,,0,0,0,1,0
7730,2018-10-07 16:50:53,,439522559.0,0.0,57,0,,0,1,0,1,0
7731,2018-10-07 16:52:40,,439522559.0,0.0,57,0,,0,0,0,1,0
7732,2018-10-07 17:19:41,,466194129.0,0.0,56,0,,0,0,0,0,0
7733,2018-10-07 18:29:01,,247115316.0,0.0,56,0,,0,0,0,0,0
7734,2018-10-07 19:24:00,,466194129.0,0.0,56,0,,0,0,0,0,0
7736,2018-10-07 19:49:53,7700.0,418260565.0,0.0,57,1,,0,0,0,1,0
7737,2018-10-07 20:04:49,7697.0,402799980.0,0.0,57,0,,0,0,0,1,0
7738,2018-10-07 20:44:49,7700.0,365491237.0,0.0,57,0,,0,0,0,1,0
7740,2018-10-08 10:08:29,,346406748.0,0.0,57,0,,0,0,0,0,0
7741,2018-10-08 10:09:47,,346406748.0,0.0,56,0,,0,1,0,0,0
7744,2018-10-08 13:46:35,,346638227.0,1.0,59,0,,0,0,0,0,0
7745,2018-10-08 14:48:08,,247115316.0,0.0,59,0,,0,0,0,1,0
7746,2018-10-08 15:00:16,,200393804.0,0.0,59,0,,0,0,0,1,0
7747,2018-10-08 15:00:27,,200393804.0,0.0,59,0,,0,0,0,1,0
7748,2018-10-08 19:43:53,,466194129.0,0.0,59,0,,0,0,0,1,0
7749,2018-10-08 20:20:08,,200393804.0,0.0,59,0,,0,0,0,1,0
7750,2018-10-08 20:20:40,,200393804.0,0.0,59,0,,0,0,0,1,0
7751,2018-10-08 20:20:55,7749.0,306041500.0,0.0,59,0,,0,0,0,1,0
7752,2018-10-08 20:22:04,,200393804.0,0.0,59,0,,0,0,0,1,0
7753,2018-10-08 20:25:54,,200393804.0,0.0,59,0,,0,0,0,1,0
7754,2018-10-08 20:26:07,,200393804.0,0.0,59,0,,0,0,0,1,0
7755,2018-10-08 20:28:07,,200393804.0,0.0,59,0,,0,0,0,1,0
7759,2018-10-09 12:33:20,7741.0,301796799.0,0.0,56,0,,0,0,0,1,0
7760,2018-10-09 12:34:01,,221748734.0,1.0,60,0,,0,0,0,0,0
7761,2018-10-09 12:34:06,7759.0,346406748.0,0.0,56,0,,0,1,0,0,0
7762,2018-10-09 12:35:18,7760.0,346406748.0,0.0,60,0,,0,0,0,0,0
7763,2018-10-09 12:35:56,,221748734.0,0.0,60,0,,0,0,0,0,0
7764,2018-10-09 12:36:16,,221748734.0,0.0,60,0,,0,0,0,0,0
7765,2018-10-09 12:36:18,,221748734.0,0.0,60,0,,0,0,0,0,0
7766,2018-10-09 12:37:04,7760.0,346406748.0,0.0,60,1,,0,0,0,0,0
7767,2018-10-09 12:37:52,,346406748.0,0.0,60,1,,0,0,0,0,0
7768,2018-10-09 12:38:55,,221748734.0,0.0,60,0,,0,1,0,0,0
7769,2018-10-09 12:41:04,,346406748.0,0.0,60,1,,0,0,0,0,0
7770,2018-10-09 12:42:17,,221748734.0,0.0,60,0,,0,1,0,0,0
7771,2018-10-09 12:50:47,,346406748.0,0.0,60,1,,0,0,0,0,0
7772,2018-10-09 14:45:54,7760.0,370174211.0,0.0,60,1,,0,0,0,0,0
7773,2018-10-09 15:22:27,,221748734.0,0.0,60,0,,0,1,0,0,0
7775,2018-10-09 21:08:43,,653266145.0,0.0,60,0,,0,0,0,0,0
7776,2018-10-09 21:47:17,,29433864.0,0.0,60,0,,0,0,0,0,0
7777,2018-10-10 5:05:44,,127844538.0,1.0,61,0,,0,0,0,1,0
7778,2018-10-10 5:48:46,,128170565.0,0.0,61,0,,0,0,0,1,0
7779,2018-10-10 6:45:14,7776.0,346406748.0,0.0,60,0,,0,0,0,0,0
7780,2018-10-10 7:18:09,7775.0,370174211.0,0.0,60,0,,0,0,0,1,0
7781,2018-10-10 7:20:15,,370174211.0,0.0,60,0,,0,0,0,1,0
7783,2018-10-10 9:09:30,,346406748.0,0.0,60,0,,0,0,0,1,0
7784,2018-10-10 9:09:47,,346406748.0,0.0,60,0,,0,0,0,1,0
7785,2018-10-10 10:25:34,,339912669.0,0.0,62,0,,0,0,0,1,0
7786,2018-10-10 11:13:20,,301796799.0,0.0,62,0,,0,0,0,1,0
7787,2018-10-10 18:08:44,7785.0,401037781.0,0.0,62,0,,0,0,0,1,0
7789,2018-10-10 22:51:47,,466194129.0,0.0,62,0,,0,0,0,1,0
7790,2018-10-11 6:38:10,7789.0,127844538.0,0.0,62,0,,0,0,0,1,0
7793,2018-10-11 16:25:56,,247115316.0,0.0,62,0,,0,0,0,1,0
7794,2018-10-11 19:02:02,,243171544.0,1.0,63,0,,0,0,0,0,0
7795,2018-10-11 19:02:56,7794.0,247115316.0,0.0,63,0,,0,0,0,0,0
7796,2018-10-11 19:05:35,,243171544.0,0.0,63,0,,0,0,0,0,0
7797,2018-10-11 19:06:01,7794.0,243171544.0,0.0,63,0,,0,0,0,0,0
7798,2018-10-11 20:02:42,7777.0,667695028.0,0.0,61,0,,0,0,0,1,0
7799,2018-10-11 21:26:52,7794.0,171347563.0,0.0,63,1,,0,0,0,0,0
7800,2018-10-11 21:27:26,7799.0,243171544.0,0.0,63,0,,0,1,0,0,0
7802,2018-10-11 23:24:30,,11725094.0,1.0,64,0,,0,0,0,1,0
7803,2018-10-11 23:28:43,,596528372.0,0.0,64,0,,0,0,0,1,0
7804,2018-10-12 6:01:59,7795.0,346406748.0,0.0,63,0,,0,0,0,1,0
7805,2018-10-12 6:13:33,,346406748.0,0.0,63,0,,0,0,0,1,0
7808,2018-10-12 9:54:50,,247115316.0,0.0,63,0,,0,0,0,1,0
7809,2018-10-12 11:32:08,,346406748.0,0.0,63,0,,0,0,0,1,0
7810,2018-10-12 11:33:33,7794.0,214918350.0,0.0,63,0,,0,0,0,1,0
7811,2018-10-12 14:41:31,7810.0,370174211.0,0.0,63,0,,0,0,0,1,0
7814,2018-10-13 19:51:29,,466194129.0,0.0,63,0,,0,0,0,1,0
7816,2018-10-14 12:04:25,,130692646.0,1.0,65,0,,0,0,0,0,0
7817,2018-10-14 14:37:26,,247115316.0,0.0,65,0,,0,0,0,0,0
7818,2018-10-14 14:37:38,7816.0,247115316.0,0.0,65,0,,0,0,0,0,0
7819,2018-10-14 14:37:58,,247115316.0,0.0,65,0,,0,0,0,0,0
7820,2018-10-14 14:39:30,,247115316.0,0.0,65,0,,0,0,0,0,0
7821,2018-10-14 15:19:06,,341576149.0,1.0,66,0,,0,0,0,1,0
7822,2018-10-14 15:21:42,,259291709.0,0.0,66,0,,0,0,0,1,0
7823,2018-10-14 15:28:31,,667695028.0,0.0,66,0,,0,0,0,1,0
7824,2018-10-14 15:29:22,,667695028.0,0.0,66,0,,0,0,0,1,0
7825,2018-10-14 15:44:33,,184373589.0,0.0,66,0,,0,0,0,1,0
7826,2018-10-14 16:23:08,,418721076.0,0.0,66,0,,0,0,0,1,0
7829,2018-10-14 16:53:51,,150838750.0,0.0,66,0,,0,0,0,1,0
7830,2018-10-14 20:16:48,,183333637.0,0.0,66,0,,0,0,0,1,0
7831,2018-10-14 22:55:20,,361971963.0,0.0,66,0,,0,0,0,1,0
7832,2018-10-14 22:55:20,,361971963.0,0.0,66,0,,0,0,0,1,0
7833,2018-10-14 23:15:46,,247115316.0,0.0,66,0,,0,0,0,1,0
7834,2018-10-14 23:16:54,,319580367.0,0.0,66,0,,0,0,0,1,0
7835,2018-10-14 23:16:55,,319580367.0,0.0,66,0,,0,0,0,1,0
7836,2018-10-14 23:19:47,,319580367.0,0.0,66,0,,0,0,0,1,0
7837,2018-10-14 23:26:17,,319580367.0,0.0,66,0,,0,0,0,1,0
7838,2018-10-14 23:28:20,,319580367.0,0.0,66,0,,0,0,0,1,0
7839,2018-10-14 23:30:49,,319580367.0,0.0,66,0,,0,0,0,1,0
7840,2018-10-14 23:33:23,,319580367.0,0.0,66,0,,0,0,0,1,0
7841,2018-10-14 23:33:24,,319580367.0,0.0,66,0,,0,0,0,1,0
7842,2018-10-15 7:03:53,,450350394.0,0.0,66,0,,0,0,0,1,0
7843,2018-10-15 7:06:29,7842.0,367141560.0,0.0,66,0,,0,0,0,1,0
7844,2018-10-15 7:24:30,,339912669.0,0.0,66,0,,0,0,0,1,0
7845,2018-10-15 7:51:52,,334350128.0,0.0,66,0,,0,0,0,1,0
7846,2018-10-15 7:56:00,,303629986.0,0.0,66,0,,0,0,0,1,0
7847,2018-10-15 9:42:16,,348516604.0,0.0,66,0,,0,0,0,1,0
7848,2018-10-15 12:31:27,,206802883.0,1.0,67,0,,0,0,0,0,0
7850,2018-10-15 13:09:56,,667695028.0,0.0,67,0,,0,0,0,0,0
7851,2018-10-15 14:19:53,7841.0,200393804.0,0.0,66,0,,0,0,0,0,0
7852,2018-10-15 15:05:10,,241068363.0,1.0,68,0,,0,0,0,0,0
7853,2018-10-15 15:09:08,7848.0,466194129.0,0.0,67,0,,0,0,0,0,0
7854,2018-10-15 15:09:42,7853.0,206802883.0,0.0,67,0,,0,0,0,0,0
7855,2018-10-15 15:38:03,7852.0,418721076.0,0.0,68,1,,0,0,0,0,0
7856,2018-10-15 15:42:02,7855.0,241068363.0,0.0,68,0,,0,1,0,0,0
7857,2018-10-15 15:42:42,7852.0,418721076.0,0.0,68,1,,0,0,0,0,0
7859,2018-10-15 16:16:40,,466194129.0,0.0,68,0,,0,0,0,0,0
7863,2018-10-15 17:17:56,,200698352.0,0.0,68,0,,0,0,0,0,0
7864,2018-10-15 22:15:17,,112378867.0,1.0,69,0,,0,0,0,0,0
7865,2018-10-16 4:48:24,,509251337.0,1.0,70,0,,0,0,0,0,0
7868,2018-10-16 6:43:23,7866.0,509251337.0,0.0,70,0,,0,1,0,0,0
7870,2018-10-16 9:32:29,7865.0,247115316.0,0.0,70,1,,0,0,0,0,0
7871,2018-10-16 9:34:22,7870.0,509251337.0,0.0,70,0,,0,1,0,0,0
7879,2018-10-17 11:36:29,,466194129.0,0.0,70,0,,0,0,0,0,0
7882,2018-10-17 20:11:05,,326089938.0,1.0,71,0,,0,0,0,0,0
7884,2018-10-18 5:34:36,7864.0,373407505.0,0.0,69,0,,0,0,1,0,0
7887,2018-10-18 11:26:54,7864.0,185016948.0,0.0,69,1,,0,0,0,0,0
7888,2018-10-18 11:28:05,7887.0,112378867.0,0.0,69,0,,0,1,0,0,0
7889,2018-10-18 11:31:03,7888.0,185016948.0,0.0,69,1,,0,0,0,0,0
7890,2018-10-18 13:56:07,,476918118.0,1.0,72,0,,0,0,0,0,0
7891,2018-10-18 14:26:35,7890.0,247115316.0,0.0,72,1,,0,0,0,0,0
7892,2018-10-18 14:40:55,7890.0,214918350.0,0.0,72,1,,0,0,0,0,0
7893,2018-10-18 15:30:54,,476918118.0,0.0,72,0,,0,0,0,0,0
7894,2018-10-18 17:45:40,,559441570.0,1.0,73,0,,0,0,0,0,0
7896,2018-10-18 21:33:33,7894.0,138851481.0,0.0,73,1,,0,0,0,0,0
7897,2018-10-18 22:39:51,,559441570.0,0.0,73,0,,1,0,0,0,0
7898,2018-10-19 7:53:04,7894.0,185016948.0,0.0,73,1,,0,0,0,0,0
7899,2018-10-19 7:59:01,,559441570.0,0.0,73,0,,0,1,0,0,0
7902,2018-10-19 11:11:41,7899.0,185016948.0,0.0,73,1,,0,0,0,0,0
7904,2018-10-20 0:27:15,,249681291.0,1.0,74,0,,0,0,0,1,0
7906,2018-10-20 5:53:46,,682421894.0,1.0,75,0,,0,0,0,0,0
7909,2018-10-20 15:55:54,7906.0,476918118.0,0.0,75,0,,0,0,0,0,0
7911,2018-10-20 18:19:05,7906.0,162124731.0,0.0,75,0,,0,0,0,0,0
7913,2018-10-21 11:53:25,,247115316.0,0.0,75,0,,0,0,0,0,0
7915,2018-10-21 12:45:21,,367271207.0,1.0,76,0,,0,0,0,0,0
7917,2018-10-21 16:56:22,,247115316.0,0.0,76,0,,0,0,0,0,0
7922,2018-10-22 11:35:37,,466194129.0,0.0,76,0,,0,0,0,0,0
7924,2018-10-22 12:09:39,,339912669.0,1.0,77,0,,0,0,0,1,1
7925,2018-10-22 12:22:47,,266971092.0,0.0,77,0,,0,0,0,0,0
7929,2018-10-22 19:29:35,,380105472.0,1.0,78,0,,0,0,0,0,0
7930,2018-10-22 20:16:05,7924.0,193815616.0,0.0,77,0,,0,0,1,0,0
7932,2018-10-22 20:22:15,,253764053.0,0.0,77,0,,0,0,0,0,0
7934,2018-10-22 20:37:01,7930.0,361971963.0,0.0,77,0,,0,0,0,0,0
7936,2018-10-22 20:40:30,,646932206.0,1.0,79,0,,0,0,0,1,0
7937,2018-10-23 4:14:38,,249681291.0,1.0,80,0,,0,0,0,0,0
7938,2018-10-23 4:37:02,7915.0,214918350.0,0.0,76,1,,0,0,0,0,0
7939,2018-10-23 5:20:22,,467485149.0,1.0,81,0,,0,0,0,0,0
7940,2018-10-23 7:39:22,7938.0,367271207.0,0.0,76,0,,0,1,0,0,0
7941,2018-10-23 9:35:42,7935.0,344759405.0,0.0,82,0,,0,0,0,0,0
7945,2018-10-23 10:30:47,7939.0,247115316.0,0.0,81,1,,0,0,0,0,0
7949,2018-10-23 11:58:27,,112378867.0,0.0,81,0,,0,0,0,0,0
7950,2018-10-23 12:01:32,,277885254.0,0.0,81,0,,0,0,0,0,0
7952,2018-10-23 13:27:08,,190820605.0,1.0,83,0,,0,0,0,0,0
7955,2018-10-23 14:41:34,,469535455.0,1.0,84,0,,0,0,0,0,0
7956,2018-10-23 14:41:46,,469535455.0,0.0,84,0,,0,0,0,0,0
7960,2018-10-23 17:26:46,,418676717.0,1.0,85,0,,0,0,0,0,0
7965,2018-10-24 8:59:02,,396603469.0,1.0,86,0,,0,0,0,0,0
7968,2018-10-24 12:38:16,,646932206.0,0.0,86,0,,0,0,0,1,0
7970,2018-10-24 13:08:30,7969.0,646932206.0,0.0,87,0,,0,0,0,1,0
7971,2018-10-24 13:44:59,,696055269.0,0.0,87,0,,0,0,0,1,0
7972,2018-10-24 14:54:42,7968.0,230079668.0,0.0,86,0,,0,0,0,1,0
7973,2018-10-24 15:00:18,,466194129.0,0.0,86,0,,0,0,0,1,0
7974,2018-10-24 15:06:30,7972.0,646932206.0,0.0,86,0,,0,0,0,1,0
7975,2018-10-24 15:09:58,7972.0,646932206.0,0.0,86,0,,0,0,0,1,0
7980,2018-10-24 15:21:40,7975.0,418260565.0,0.0,86,0,,0,0,0,1,0
7981,2018-10-24 15:22:12,,326089938.0,1.0,88,0,,0,0,0,0,0
7986,2018-10-24 17:26:32,,404832161.0,1.0,89,0,,0,0,0,0,0
7988,2018-10-24 20:47:27,7981.0,547200274.0,0.0,88,0,,0,0,0,0,0
7989,2018-10-24 20:59:45,,595725336.0,1.0,90,0,,0,0,0,0,0
7990,2018-10-24 21:03:35,7989.0,247115316.0,0.0,90,0,,0,0,0,1,0
7991,2018-10-24 21:07:14,7981.0,157564990.0,0.0,88,0,,0,0,0,0,0
7993,2018-10-25 4:28:37,7990.0,595725336.0,0.0,90,0,,0,0,0,1,0
7994,2018-10-25 5:26:49,7993.0,696233528.0,0.0,90,0,,0,0,0,1,0
7995,2018-10-25 5:27:21,,595725336.0,0.0,90,0,,0,0,0,1,0
7996,2018-10-25 7:21:22,,373407505.0,1.0,91,0,,0,0,0,1,0
7997,2018-10-25 8:06:32,,1884609.0,0.0,91,0,,0,0,0,1,0
8000,2018-10-26 2:18:21,,418676717.0,1.0,92,0,,0,0,0,0,0
8001,2018-10-26 2:18:40,,418676717.0,0.0,92,0,,0,0,0,0,0
8002,2018-10-26 10:25:19,8000.0,228087125.0,0.0,92,0,,0,0,0,0,0
8003,2018-10-26 10:30:08,,454424057.0,1.0,93,0,,0,0,0,1,0
8004,2018-10-26 10:38:25,,149794483.0,1.0,94,0,,0,0,0,0,0
8005,2018-10-26 10:40:24,8004.0,370174211.0,0.0,94,1,,0,0,0,0,0
8006,2018-10-26 10:40:38,8005.0,149794483.0,0.0,94,0,,0,0,0,0,0
8007,2018-10-26 12:42:16,,243171544.0,1.0,95,0,,0,0,0,0,0
8008,2018-10-26 14:46:32,,185016948.0,1.0,96,0,,0,0,0,0,0
8010,2018-10-26 15:00:29,8009.0,185016948.0,0.0,97,0,,0,0,0,0,0
8014,2018-10-27 15:44:10,,215310978.0,1.0,98,0,,0,0,0,0,0
8015,2018-10-27 15:53:54,8014.0,1884609.0,0.0,98,0,,0,0,0,0,0
8017,2018-10-28 11:31:00,,346406748.0,1.0,99,0,,0,0,0,0,0
8018,2018-10-28 11:31:28,,346406748.0,0.0,99,0,,0,0,0,0,0
8021,2018-10-28 19:12:07,,259291709.0,1.0,100,0,,0,0,0,1,0
8022,2018-10-28 19:47:57,8021.0,127844538.0,0.0,100,0,,0,0,0,1,0
8023,2018-10-28 19:55:39,8022.0,117464693.0,0.0,100,0,,0,0,0,1,0
8024,2018-10-28 20:22:23,8023.0,247115316.0,0.0,100,0,,0,0,0,1,0
8026,2018-10-28 20:59:07,,437189438.0,1.0,101,0,,0,0,0,0,0
8027,2018-10-29 10:00:10,,347553191.0,1.0,102,0,,0,0,0,0,0
8030,2018-10-29 13:32:39,,291861764.0,0.0,102,0,,0,0,0,0,0
8032,2018-10-29 16:43:52,8031.0,402799980.0,0.0,103,0,,0,0,0,0,0
8034,2018-10-29 20:02:57,,467485149.0,1.0,104,0,,0,0,0,0,0
8037,2018-10-30 15:19:11,8021.0,346406748.0,0.0,100,0,,0,0,0,0,0
8038,2018-10-30 18:30:08,,259291709.0,0.0,100,0,,0,0,0,0,0
8041,2018-10-30 20:22:53,,146968168.0,1.0,105,0,,0,0,0,0,0
8043,2018-10-31 0:15:34,,384742058.0,1.0,106,0,,0,0,0,1,0
8044,2018-10-31 0:15:48,,384742058.0,0.0,106,0,,0,0,0,1,0
8045,2018-10-31 0:16:05,,384742058.0,0.0,106,0,,0,0,0,1,0
8046,2018-10-31 2:12:22,8041.0,247115316.0,0.0,105,1,,0,0,0,0,0
8047,2018-10-31 2:14:28,8046.0,146968168.0,0.0,105,0,,0,1,0,0,0
8049,2018-10-31 8:51:04,,346406748.0,1.0,107,0,,0,0,0,1,0
8050,2018-10-31 8:51:10,,346406748.0,0.0,107,0,,0,0,0,1,0
8051,2018-10-31 8:54:28,,346406748.0,0.0,107,0,,0,0,0,1,0
8060,2018-10-31 13:03:29,8058.0,128170565.0,0.0,108,0,,0,0,0,0,0
8061,2018-10-31 13:06:29,8057.0,128170565.0,0.0,109,0,,0,0,0,0,0
8074,2018-11-01 5:27:08,8031.0,457516061.0,0.0,110,0,,0,0,0,0,0
8078,2018-11-01 8:57:19,,265350084.0,1.0,111,0,,0,0,0,0,0
8080,2018-11-01 10:17:09,8075.0,438400107.0,0.0,112,0,,0,0,0,0,0
8081,2018-11-01 13:35:41,,472914158.0,1.0,113,0,,0,0,0,1,0
8082,2018-11-01 14:46:51,,466194129.0,0.0,113,0,,0,0,0,1,0
8083,2018-11-01 14:47:31,8078.0,346406748.0,0.0,111,0,,0,0,0,0,0
8084,2018-11-01 15:06:39,,247115316.0,0.0,111,0,,0,0,0,0,0
8091,2018-11-01 22:18:42,8090.0,3112153.0,0.0,114,0,,0,0,0,0,0
8093,2018-11-01 22:24:29,,3112153.0,0.0,114,0,,0,0,0,0,0
8094,2018-11-02 5:40:40,,457516061.0,1.0,115,0,,0,0,0,0,0
8095,2018-11-02 7:02:55,,247115316.0,0.0,115,1,,0,0,0,0,0
8097,2018-11-02 8:46:51,,346406748.0,1.0,116,0,,0,0,0,1,0
8098,2018-11-02 8:50:48,8097.0,301796799.0,0.0,116,0,,0,0,0,1,0
8099,2018-11-02 8:53:55,,128170565.0,1.0,117,0,,0,0,0,0,0
8100,2018-11-02 9:27:51,,243171544.0,1.0,118,0,,0,0,0,0,0
8101,2018-11-02 9:41:36,,185539990.0,1.0,119,0,,0,0,0,0,0
8104,2018-11-02 13:24:10,8097.0,1884609.0,0.0,116,0,,0,0,0,1,0
8106,2018-11-02 13:28:27,8104.0,346406748.0,0.0,116,0,,0,0,0,1,0
8114,2018-11-03 16:14:41,,346406748.0,1.0,120,0,,0,0,0,1,0
8115,2018-11-03 16:20:24,8114.0,301796799.0,0.0,120,0,,0,0,0,1,0
8116,2018-11-03 17:21:20,8114.0,98334256.0,0.0,120,0,,0,0,0,1,0
8118,2018-11-03 19:06:40,,247115316.0,1.0,121,0,,0,0,0,1,0
8123,2018-11-04 6:30:29,,247115316.0,1.0,122,0,,0,0,0,1,0
8125,2018-11-04 9:47:05,,417142814.0,1.0,123,0,,0,0,0,1,0
8128,2018-11-04 17:46:56,,346406748.0,0.0,123,0,,0,0,0,1,0
8129,2018-11-04 17:47:00,,346406748.0,0.0,123,0,,0,0,0,1,0
8130,2018-11-04 21:33:26,,247115316.0,1.0,124,0,,0,0,0,1,0
8131,2018-11-05 6:33:51,,515601050.0,1.0,125,0,,0,0,0,0,0
8134,2018-11-05 7:24:22,8130.0,402799980.0,0.0,124,0,,0,0,0,1,0
8136,2018-11-05 9:40:51,,367141560.0,1.0,126,0,,0,0,0,1,0
8137,2018-11-05 9:40:51,,367141560.0,0.0,126,0,,0,0,0,1,0
8138,2018-11-05 9:40:51,,367141560.0,0.0,126,0,,0,0,0,1,0
8139,2018-11-05 9:40:51,,367141560.0,0.0,126,0,,0,0,0,1,0
8140,2018-11-05 9:40:51,,367141560.0,0.0,126,0,,0,0,0,1,0
8141,2018-11-05 9:40:51,,367141560.0,0.0,126,0,,0,0,0,1,0
8142,2018-11-05 9:40:53,,367141560.0,0.0,126,0,,0,0,0,1,0
8143,2018-11-05 17:56:01,,466194129.0,0.0,126,0,,0,0,0,1,0
8145,2018-11-07 0:16:52,,657900344.0,1.0,127,0,,0,0,0,0,0
14917,2019-07-03 21:05:11,14916.0,247115316.0,0.0,128,0,,0,0,0,0,0
14918,2019-07-03 21:05:15,,379328703.0,0.0,128,0,,0,0,0,0,0
14919,2019-07-03 21:05:51,,470721916.0,0.0,129,0,,0,0,0,0,0
14920,2019-07-03 21:06:43,,379328703.0,0.0,129,0,,0,0,0,0,0
14922,2019-07-03 21:07:17,14919.0,247115316.0,0.0,129,0,,0,0,0,0,0
14923,2019-07-03 21:07:44,,470721916.0,0.0,129,0,,0,0,0,0,0
14924,2019-07-03 21:07:56,,247115316.0,0.0,129,0,,0,0,0,0,0
14925,2019-07-03 21:09:35,,247115316.0,0.0,129,0,,0,0,0,0,0
14926,2019-07-03 21:09:59,,470721916.0,0.0,129,0,,0,0,0,0,0
14928,2019-07-03 21:21:09,14926.0,57282141.0,0.0,129,0,,0,0,0,0,0
14929,2019-07-03 21:37:22,,470721916.0,0.0,129,0,,0,0,0,0,0
14931,2019-07-03 23:13:50,14907.0,458342016.0,0.0,130,0,,0,0,0,0,0
14932,2019-07-04 0:15:51,14931.0,247115316.0,0.0,130,0,,0,0,0,0,0
14934,2019-07-04 5:48:25,14931.0,346761345.0,0.0,130,0,,0,0,0,0,0
14937,2019-07-04 8:24:41,,436084.0,1.0,131,0,,0,0,0,1,0
14938,2019-07-04 8:24:54,,436084.0,0.0,131,0,,0,0,0,1,0
14939,2019-07-04 8:29:03,,167063475.0,0.0,131,0,,0,0,0,1,0
14940,2019-07-04 8:30:37,,247115316.0,0.0,131,0,,0,0,0,1,0
14941,2019-07-04 8:32:40,14940.0,522434125.0,0.0,131,0,,0,0,0,1,0
14942,2019-07-04 9:10:13,,129602754.0,0.0,131,0,,0,0,0,1,0
14943,2019-07-04 9:13:39,14942.0,247115316.0,0.0,131,0,,0,0,0,1,0
14945,2019-07-04 14:25:56,,564195723.0,1.0,132,0,,0,0,0,0,0
14946,2019-07-04 14:27:07,,564195723.0,0.0,132,0,,0,0,0,0,0
14947,2019-07-04 14:27:07,,564195723.0,0.0,132,0,,0,0,0,0,0
14948,2019-07-04 14:27:07,,564195723.0,0.0,132,0,,0,0,0,0,0
14949,2019-07-04 14:27:07,,564195723.0,0.0,132,0,,0,0,0,0,0
14950,2019-07-04 14:27:07,,564195723.0,0.0,132,0,,0,0,0,0,0
14951,2019-07-04 14:27:07,,564195723.0,0.0,132,0,,0,0,0,0,0
14952,2019-07-04 14:27:07,,564195723.0,0.0,132,0,,0,0,0,0,0
14953,2019-07-04 14:27:07,,564195723.0,0.0,132,0,,0,0,0,0,0
14954,2019-07-04 14:27:07,,564195723.0,0.0,132,0,,0,0,0,0,0
14955,2019-07-04 14:27:26,,564195723.0,0.0,132,0,,0,0,0,0,0
14956,2019-07-04 14:27:52,,564195723.0,0.0,132,0,,0,0,0,0,0
14957,2019-07-04 14:33:53,,132996413.0,0.0,132,1,,0,0,0,0,0
14958,2019-07-04 14:34:05,,132996413.0,0.0,132,1,,0,0,0,0,0
14959,2019-07-04 14:44:49,14955.0,247115316.0,0.0,132,1,,0,0,0,0,0
14960,2019-07-04 14:45:54,14957.0,564195723.0,0.0,132,0,,0,0,0,0,0
14961,2019-07-04 14:49:07,14960.0,370174211.0,0.0,132,1,,0,0,0,0,0
14962,2019-07-04 14:49:07,14919.0,476918118.0,0.0,129,0,,0,0,0,0,0
14963,2019-07-04 14:51:03,14962.0,470721916.0,0.0,129,0,,0,0,0,0,0
14964,2019-07-04 16:16:41,,327913856.0,1.0,133,0,,0,0,0,0,0
14981,2019-07-05 10:26:57,14955.0,29433864.0,0.0,132,1,,0,0,0,0,0
14982,2019-07-05 11:10:10,14981.0,247115316.0,0.0,132,0,,0,0,0,0,0
14983,2019-07-05 13:14:54,14982.0,879650795.0,0.0,132,0,,0,0,0,0,0
14984,2019-07-05 13:33:20,,490746113.0,1.0,134,0,,0,0,0,0,0
14987,2019-07-05 14:14:57,,126854373.0,1.0,135,0,,0,0,0,0,0
14988,2019-07-05 14:14:57,,126854373.0,0.0,135,0,,0,0,0,0,0
14989,2019-07-05 14:14:57,,126854373.0,0.0,135,0,,0,0,0,0,0
14990,2019-07-05 14:14:57,,126854373.0,0.0,135,0,,0,0,0,0,0
14991,2019-07-05 14:15:08,,126854373.0,0.0,135,0,,0,0,0,0,0
14992,2019-07-05 16:13:57,,427341499.0,0.0,135,1,,0,0,0,0,0
14993,2019-07-05 16:14:23,,427341499.0,0.0,135,1,,0,0,0,0,0
14994,2019-07-05 18:16:40,,247115316.0,1.0,136,0,,0,0,0,1,0
14995,2019-07-05 18:33:18,,346761345.0,0.0,136,0,,0,0,0,1,0
14998,2019-07-05 20:44:18,,422346765.0,1.0,137,0,,0,0,0,0,0
14999,2019-07-05 22:02:09,14994.0,697170210.0,0.0,136,0,,0,0,0,1,0
15002,2019-07-06 9:21:16,,87192057.0,0.0,137,0,,0,0,0,0,0
15003,2019-07-06 9:33:42,14981.0,564195723.0,0.0,132,1,,0,0,0,0,0
15004,2019-07-06 10:26:01,,476918118.0,1.0,138,0,,0,0,0,0,0
15005,2019-07-06 10:32:38,15003.0,107147471.0,0.0,132,0,,0,0,0,0,0
15008,2019-07-06 11:08:38,15005.0,564195723.0,0.0,132,0,,0,0,0,0,0
15015,2019-07-07 7:05:36,,462265102.0,1.0,139,0,,0,0,0,1,0
15017,2019-07-07 7:22:58,,490746113.0,1.0,140,0,,0,0,0,1,0
15018,2019-07-07 8:05:45,15015.0,679913406.0,0.0,139,1,,0,0,0,0,0
15021,2019-07-07 16:04:33,14998.0,306748784.0,0.0,137,1,,0,0,0,0,0
15025,2019-07-08 5:38:23,,447468982.0,1.0,141,0,,0,0,0,0,0
15026,2019-07-08 5:47:51,,162289783.0,0.0,141,1,,0,0,0,0,0
15029,2019-07-08 9:31:58,,200393804.0,1.0,142,0,,0,0,0,1,0
15030,2019-07-08 9:31:58,,200393804.0,0.0,142,0,,0,0,0,1,0
15032,2019-07-08 12:11:13,,162170960.0,1.0,143,0,,0,0,0,0,0
15038,2019-07-08 15:55:22,,200351992.0,1.0,144,0,,0,0,0,0,0
15046,2019-07-09 10:19:04,,420497631.0,1.0,145,0,,0,0,0,0,0
15047,2019-07-09 10:52:23,,157879392.0,0.0,145,0,,0,0,0,0,0
15048,2019-07-09 11:03:00,,420497631.0,0.0,145,0,,0,0,0,0,0
15049,2019-07-09 11:05:05,,476254505.0,0.0,145,0,,0,0,0,0,0
15050,2019-07-09 11:07:08,,431746655.0,0.0,145,0,,0,0,0,0,0
15052,2019-07-09 15:04:52,,247115316.0,1.0,146,0,,0,0,0,1,0
15053,2019-07-09 15:10:39,15052.0,127844538.0,0.0,146,0,,0,0,0,1,0
15054,2019-07-09 15:11:18,,697170210.0,0.0,146,0,,0,0,0,1,0
15055,2019-07-09 17:31:01,,436084.0,1.0,147,0,,0,0,0,1,0
15056,2019-07-10 8:40:52,,436084.0,1.0,148,0,,0,0,0,1,0
15057,2019-07-10 8:40:52,,436084.0,0.0,148,0,,0,0,0,1,0
15058,2019-07-10 15:03:39,,351140439.0,1.0,149,0,,0,0,0,0,0
15060,2019-07-10 16:18:18,,470721916.0,0.0,150,0,,0,0,0,0,0
15062,2019-07-10 16:28:38,15059.0,713737979.0,0.0,150,0,,0,0,0,1,0
15063,2019-07-10 16:36:02,15057.0,695978743.0,0.0,148,0,,0,0,0,0,0
15064,2019-07-10 18:40:55,,162289783.0,0.0,150,0,,0,0,0,1,0
15066,2019-07-10 20:15:44,,200393804.0,1.0,151,0,,0,0,0,0,0
15067,2019-07-10 20:16:31,15066.0,167063475.0,0.0,151,1,,0,0,0,0,0
15068,2019-07-10 20:18:59,,200393804.0,0.0,151,0,,0,1,0,0,0
15069,2019-07-10 20:19:33,,167063475.0,0.0,151,1,,0,0,0,0,0
15070,2019-07-11 8:25:15,15059.0,140181967.0,0.0,150,0,,0,0,0,1,0
15072,2019-07-11 9:56:51,,483072675.0,0.0,152,0,,0,0,0,0,0
15073,2019-07-11 10:12:28,15072.0,247115316.0,0.0,152,0,,0,0,0,0,0
15075,2019-07-11 12:36:27,,259291709.0,1.0,153,0,,0,0,0,1,0
15076,2019-07-11 12:57:49,,741473361.0,1.0,154,0,,0,0,0,0,0
15077,2019-07-11 13:37:54,,326089938.0,1.0,155,0,,0,0,0,0,0
15078,2019-07-11 13:45:17,,247115316.0,1.0,156,0,,0,0,0,0,0
15079,2019-07-11 15:23:15,,247115316.0,0.0,157,0,,0,0,0,1,0
15080,2019-07-11 15:28:01,,247115316.0,1.0,158,0,,0,0,0,1,0
15081,2019-07-11 15:35:14,,373407505.0,0.0,158,0,,0,0,0,1,0
15083,2019-07-11 16:12:45,15078.0,370174211.0,0.0,156,0,,0,0,0,1,0
15088,2019-07-11 19:09:56,,422346765.0,1.0,159,0,,0,0,0,0,0
15089,2019-07-11 19:12:54,,569688575.0,1.0,160,0,,0,0,0,0,0
15090,2019-07-11 19:17:57,15089.0,370174211.0,0.0,160,0,,0,0,0,0,0
15091,2019-07-11 19:34:24,,569688575.0,0.0,160,0,,0,0,0,0,0
15092,2019-07-11 19:34:50,15091.0,167063475.0,0.0,160,0,,0,0,0,0,0
15093,2019-07-11 19:35:57,,569688575.0,0.0,160,0,,0,0,0,0,0
15094,2019-07-11 19:35:57,,569688575.0,0.0,160,0,,0,0,0,0,0
15095,2019-07-11 19:35:57,,569688575.0,0.0,160,0,,0,0,0,0,0
15096,2019-07-11 19:35:57,,569688575.0,0.0,160,0,,0,0,0,0,0
15098,2019-07-11 21:21:21,15091.0,370174211.0,0.0,160,1,,0,0,0,0,0
15099,2019-07-11 22:05:20,,29433864.0,0.0,160,0,,0,0,0,0,0
15100,2019-07-12 5:17:07,15098.0,720307136.0,0.0,160,0,,0,0,0,1,0
15101,2019-07-12 5:19:33,15100.0,720307136.0,0.0,160,0,,0,0,0,1,0
15102,2019-07-12 6:08:16,15098.0,462265102.0,0.0,160,0,,0,0,0,0,0
15103,2019-07-12 6:15:40,,226783152.0,0.0,160,0,,0,0,0,0,0
15104,2019-07-12 6:39:23,15101.0,569688575.0,0.0,160,0,,0,0,0,0,0
15105,2019-07-12 6:40:06,,569688575.0,0.0,160,0,,0,0,0,0,0
15106,2019-07-12 6:47:50,,373407505.0,1.0,161,0,,0,0,0,0,0
15107,2019-07-12 6:48:08,,373407505.0,0.0,161,0,,0,0,0,0,0
15108,2019-07-12 6:54:44,,536173221.0,0.0,161,0,,0,0,0,0,0
15109,2019-07-12 6:55:53,,536173221.0,0.0,161,0,,0,0,0,0,0
15110,2019-07-12 6:58:32,15109.0,1049088.0,0.0,161,0,,0,0,0,0,0
15111,2019-07-12 6:59:24,,536173221.0,0.0,161,0,,0,0,0,0,0
15113,2019-07-12 7:51:45,15110.0,373407505.0,0.0,161,0,,0,0,0,0,0
15114,2019-07-12 7:52:56,15105.0,370174211.0,0.0,160,0,,0,0,0,0,0
15115,2019-07-12 8:02:09,15114.0,462265102.0,0.0,160,0,,0,0,0,0,0
15116,2019-07-12 8:48:38,,318443188.0,1.0,162,0,,0,0,0,0,0
15117,2019-07-12 9:43:04,15116.0,247115316.0,0.0,162,1,,0,0,0,0,0
15118,2019-07-12 10:48:08,,230356860.0,1.0,163,0,,0,0,0,0,0
15119,2019-07-12 11:10:15,15118.0,247115316.0,0.0,163,0,,0,0,0,0,0
15120,2019-07-12 11:11:11,15118.0,483072675.0,0.0,163,1,,0,0,0,0,0
15121,2019-07-12 11:11:44,,230356860.0,0.0,163,0,,0,0,0,0,0
15122,2019-07-12 11:13:42,15118.0,157879392.0,0.0,163,1,,0,0,0,0,0
15123,2019-07-12 11:13:50,,339912669.0,0.0,163,1,,0,0,0,0,0
15124,2019-07-12 11:14:08,15122.0,230356860.0,0.0,163,0,,0,0,0,0,0
15125,2019-07-12 14:08:53,,370174211.0,0.0,163,0,,0,0,0,0,0
15129,2019-07-13 6:14:42,,436084.0,1.0,164,0,,0,0,0,1,0
15131,2019-07-13 8:15:28,,247115316.0,0.0,165,0,,0,0,0,1,0
15132,2019-07-13 16:30:08,,1049088.0,0.0,165,0,,0,0,0,1,0
15133,2019-07-13 17:23:03,15091.0,823448277.0,0.0,160,1,,0,0,0,1,0
15136,2019-07-14 5:59:10,,720307136.0,0.0,160,0,,0,0,0,1,0
15138,2019-07-14 9:58:47,,509844197.0,1.0,166,0,,0,0,0,0,0
15145,2019-07-14 12:19:09,,267608021.0,1.0,167,0,,0,0,0,0,0
15146,2019-07-14 12:30:40,,281715600.0,1.0,168,0,,0,0,0,1,0
15147,2019-07-14 15:25:31,,436084.0,1.0,169,0,,0,0,0,1,0
15148,2019-07-14 17:45:13,,436084.0,1.0,170,0,,0,0,0,1,0
15149,2019-07-14 17:45:56,,436084.0,0.0,170,0,,0,0,0,1,0
15150,2019-07-14 18:58:42,15149.0,373407505.0,0.0,170,0,,0,0,0,1,0
15153,2019-07-15 7:21:23,15148.0,470721916.0,0.0,170,0,,0,0,0,1,0
15154,2019-07-15 8:42:13,,495234405.0,1.0,171,0,,0,0,0,0,0
15155,2019-07-15 9:41:05,,436084.0,1.0,172,0,,0,0,0,1,0
15156,2019-07-15 9:41:35,,436084.0,0.0,172,0,,0,0,0,1,0
15157,2019-07-15 9:45:07,,129602754.0,0.0,172,0,,0,0,0,1,0
15158,2019-07-15 11:20:57,15157.0,220287482.0,0.0,172,0,,0,0,0,1,0
15159,2019-07-15 11:40:32,,476918118.0,1.0,173,0,,0,0,0,0,0
15160,2019-07-15 11:46:13,15159.0,247115316.0,0.0,173,1,,0,0,0,0,0
15161,2019-07-15 11:46:19,,247115316.0,0.0,173,1,,0,0,0,0,0
15162,2019-07-15 13:39:38,,124352404.0,1.0,174,0,,0,0,0,0,0
15164,2019-07-15 14:21:10,15159.0,470721916.0,0.0,173,1,,0,0,0,0,0
15165,2019-07-15 14:30:43,,601813677.0,1.0,175,0,,0,0,0,0,0
15166,2019-07-15 15:24:52,,267608021.0,1.0,176,0,,0,0,0,0,0
15168,2019-07-15 21:16:41,15167.0,247115316.0,0.0,177,0,,0,0,0,0,0
15171,2019-07-15 21:24:15,,247115316.0,0.0,177,0,,0,0,0,0,0
15173,2019-07-16 8:37:41,,293628160.0,1.0,178,0,,0,0,0,0,0
15175,2019-07-16 14:27:08,,675878955.0,1.0,179,0,,0,0,0,0,0
15178,2019-07-16 18:01:43,,509844197.0,1.0,180,0,,0,0,0,0,0
15180,2019-07-16 18:36:34,,509844197.0,0.0,181,0,,0,0,0,1,0
15181,2019-07-16 18:38:03,,247115316.0,0.0,181,0,,0,0,0,1,0
15182,2019-07-16 19:23:00,,476918118.0,0.0,181,0,,0,0,0,1,0
15183,2019-07-16 19:23:11,,476918118.0,0.0,181,0,,0,0,0,1,0
15185,2019-07-16 21:30:06,15182.0,373407505.0,0.0,181,0,,0,0,0,1,0
15186,2019-07-16 21:32:40,15185.0,476918118.0,0.0,181,0,,0,0,0,1,0
15187,2019-07-16 21:38:13,,247115316.0,1.0,182,0,,0,0,0,1,0
15190,2019-07-17 7:20:09,,118663350.0,1.0,183,0,,0,0,0,0,0
15191,2019-07-17 7:41:39,15190.0,247115316.0,0.0,183,1,,0,0,0,0,0
15192,2019-07-17 8:03:07,,281715600.0,0.0,183,1,,0,0,0,0,0
15193,2019-07-17 8:17:21,15192.0,118663350.0,0.0,183,0,,0,0,0,0,0
15194,2019-07-17 8:18:46,15190.0,476918118.0,0.0,183,1,,0,0,0,0,0
15195,2019-07-17 8:20:38,,213722837.0,0.0,183,0,,0,0,0,0,0
15196,2019-07-17 8:25:58,15193.0,462265102.0,0.0,183,0,,0,0,0,0,0
15197,2019-07-17 8:26:38,15196.0,118663350.0,0.0,183,0,,0,0,0,0,0
15198,2019-07-17 8:42:03,15192.0,247115316.0,0.0,183,0,,0,0,0,0,0
15199,2019-07-17 13:01:50,15192.0,373407505.0,0.0,183,0,,0,0,0,0,0
15200,2019-07-17 13:04:41,,522434125.0,1.0,184,0,,0,0,0,1,0
15201,2019-07-17 13:26:48,15182.0,1049088.0,0.0,181,0,,0,0,0,0,0
15203,2019-07-17 14:59:02,,509844197.0,1.0,185,0,,0,0,0,0,0
15204,2019-07-17 15:25:56,,119415815.0,1.0,186,0,,0,0,0,0,0
15205,2019-07-17 18:34:15,,415316829.0,1.0,187,0,,0,0,0,0,0
15206,2019-07-17 18:53:40,15190.0,377266626.0,0.0,183,1,,0,0,0,0,0
15207,2019-07-17 20:39:34,15190.0,230360423.0,0.0,183,0,,0,0,0,0,0
15208,2019-07-17 20:45:48,15207.0,118663350.0,0.0,183,1,,0,0,0,0,0
15209,2019-07-17 22:07:21,,534815876.0,1.0,188,0,,0,0,0,0,0
15210,2019-07-18 7:02:32,,436084.0,1.0,189,0,,0,0,0,0,0
15211,2019-07-18 7:02:32,,436084.0,0.0,189,0,,0,0,0,1,0
15212,2019-07-18 8:29:53,15211.0,118663350.0,0.0,189,0,,0,0,0,1,0
15213,2019-07-18 8:30:42,,162289783.0,0.0,189,0,,0,0,0,1,0
15216,2019-07-18 11:51:21,,167592423.0,1.0,190,0,,0,0,0,0,0
15217,2019-07-18 12:22:23,,184289836.0,1.0,191,0,,0,0,0,0,0
15218,2019-07-18 12:22:28,,184289836.0,0.0,191,0,,0,0,0,0,0
15219,2019-07-18 12:29:38,15217.0,167592423.0,0.0,191,1,,0,0,0,0,0
15220,2019-07-18 12:55:10,,176825975.0,0.0,191,1,,0,0,0,0,0
15221,2019-07-18 12:59:29,,267608021.0,0.0,191,0,,0,0,0,0,0
15222,2019-07-18 12:59:53,,247115316.0,0.0,191,0,,0,0,0,0,0
15223,2019-07-18 13:01:15,,267608021.0,0.0,191,0,,0,0,0,0,0
15225,2019-07-18 13:31:04,,185016948.0,1.0,192,0,,0,0,0,1,0
15226,2019-07-18 14:04:11,15225.0,247115316.0,0.0,192,0,,0,0,0,1,0
15228,2019-07-18 14:05:22,15226.0,185016948.0,0.0,192,0,,0,0,0,1,0
15229,2019-07-18 14:06:34,15226.0,185016948.0,0.0,192,0,,0,0,0,1,0
15230,2019-07-18 14:57:26,,447468982.0,1.0,193,0,,0,0,0,0,0
15231,2019-07-18 15:13:12,15230.0,247115316.0,0.0,193,0,,0,0,0,0,0
15232,2019-07-18 15:14:54,,447468982.0,0.0,193,0,,0,0,0,0,0
15233,2019-07-18 16:02:01,,439163253.0,0.0,192,0,,0,0,0,1,0
15234,2019-07-18 16:02:39,,439163253.0,0.0,192,0,,0,0,0,1,0
15235,2019-07-18 16:02:42,,439163253.0,0.0,192,0,,0,0,0,1,0
15236,2019-07-18 16:08:06,15234.0,185016948.0,0.0,192,0,,0,0,0,1,0
15237,2019-07-18 16:08:51,,439163253.0,0.0,192,0,,0,0,0,1,0
15238,2019-07-18 16:10:29,,185016948.0,0.0,192,0,,0,0,0,1,0
15239,2019-07-18 16:33:04,,247115316.0,1.0,194,0,,0,0,0,1,0
15240,2019-07-18 16:34:46,,185016948.0,0.0,194,0,,0,0,0,1,0
15241,2019-07-18 16:35:55,,339912669.0,0.0,194,0,,0,0,0,1,0
15243,2019-07-18 20:09:30,15239.0,1049088.0,0.0,194,0,,0,0,0,1,0
15244,2019-07-19 7:30:16,,214382773.0,1.0,195,0,,0,0,0,1,0
15245,2019-07-19 8:23:20,,720307136.0,0.0,195,0,,0,0,0,1,0
15246,2019-07-19 8:23:41,,720307136.0,0.0,195,0,,0,0,0,1,0
15250,2019-07-19 9:36:42,,327247121.0,0.0,195,0,,0,0,0,1,0
15251,2019-07-19 9:36:48,,327247121.0,0.0,195,0,,0,0,0,1,0
15253,2019-07-19 10:03:41,15249.0,178030449.0,0.0,196,0,,0,0,0,0,0
15257,2019-07-19 11:38:45,,247115316.0,0.0,196,0,,0,0,0,0,0
15258,2019-07-19 12:52:28,,324573951.0,1.0,197,0,,0,0,0,0,0
15259,2019-07-19 13:08:13,,439701968.0,0.0,197,0,,0,0,0,0,0
15261,2019-07-19 14:02:41,,247115316.0,0.0,197,0,,0,0,0,0,0
15262,2019-07-19 14:11:04,,439701968.0,0.0,197,0,,0,0,0,0,0
15263,2019-07-19 15:07:55,,426590950.0,1.0,198,0,,0,0,0,0,0
15269,2019-07-20 11:36:08,,513102514.0,1.0,199,0,,0,0,0,0,0
15271,2019-07-20 12:58:49,,323407116.0,1.0,200,0,,0,0,0,0,0
15272,2019-07-20 15:44:21,,281574312.0,0.0,200,0,,0,0,0,1,0
15274,2019-07-20 21:34:24,,855707209.0,1.0,201,0,,0,0,0,0,0
15275,2019-07-20 21:42:55,15274.0,370174211.0,0.0,201,1,,0,0,0,0,0
15276,2019-07-20 21:43:36,,855707209.0,0.0,201,0,,0,1,0,0,0
15277,2019-07-20 21:43:50,,493061149.0,1.0,202,0,,0,0,0,0,0
15278,2019-07-21 8:07:07,,436084.0,1.0,203,0,,0,0,0,1,0
15279,2019-07-21 10:15:55,15278.0,185016948.0,1.0,204,0,,0,0,0,1,0
15280,2019-07-21 10:26:25,,775075510.0,1.0,205,0,,0,0,0,0,0
15281,2019-07-21 16:05:29,15280.0,536173221.0,0.0,205,1,,0,0,0,0,0
15282,2019-07-21 16:06:21,,171385329.0,0.0,205,1,,0,0,0,0,0
15283,2019-07-21 16:08:08,15280.0,132196073.0,0.0,205,1,,0,0,0,0,0
15284,2019-07-21 16:08:35,,789439705.0,1.0,206,0,,0,0,0,0,0
15285,2019-07-21 16:08:54,,132196073.0,0.0,205,1,,0,0,0,0,0
15286,2019-07-21 16:25:03,,370466925.0,1.0,207,0,,0,0,0,0,0
15288,2019-07-21 18:29:57,,402579227.0,1.0,208,0,,0,0,0,0,0
15289,2019-07-22 8:08:05,,664615810.0,1.0,209,0,,0,0,0,0,0
15290,2019-07-22 8:13:51,,157879392.0,0.0,209,1,,0,0,0,0,0
15291,2019-07-22 8:20:36,,324429026.0,1.0,210,0,,0,0,0,0,0
15292,2019-07-22 8:22:11,15291.0,247115316.0,0.0,210,1,,0,0,0,0,0
15293,2019-07-22 8:22:59,15291.0,247115316.0,0.0,210,0,,0,0,0,0,0
15294,2019-07-22 8:42:24,15288.0,324429026.0,0.0,208,1,,0,0,0,0,0
15296,2019-07-22 8:49:33,15294.0,402579227.0,0.0,208,0,,0,1,0,0,0
15297,2019-07-22 8:56:40,15291.0,132196073.0,0.0,210,1,,0,0,0,0,0
15300,2019-07-22 10:04:27,,292565647.0,1.0,211,0,,0,0,0,0,0
15302,2019-07-22 14:09:41,,204328296.0,1.0,212,0,,0,0,0,0,0
15303,2019-07-22 14:10:40,,204328296.0,0.0,212,0,,0,0,0,0,0
15309,2019-07-22 15:49:41,,330889589.0,1.0,213,0,,0,0,0,0,0
15310,2019-07-22 16:01:59,15300.0,476918118.0,0.0,211,1,,0,0,0,0,0
15320,2019-07-23 15:23:38,,516950042.0,1.0,214,0,,0,0,0,0,0
15321,2019-07-23 15:24:07,15320.0,247115316.0,0.0,214,1,,0,0,0,0,0
15322,2019-07-23 15:45:46,15321.0,516950042.0,0.0,214,0,,0,1,0,0,0
15324,2019-07-23 16:27:43,15321.0,132196073.0,0.0,214,1,,0,0,0,0,0
15325,2019-07-23 16:39:54,,247115316.0,1.0,215,0,,0,0,0,1,0
15326,2019-07-23 17:15:01,15325.0,370174211.0,0.0,215,0,,0,0,0,1,0
15327,2019-07-23 18:56:32,,451930924.0,1.0,216,0,,0,0,0,0,0
15328,2019-07-23 18:56:32,,451930924.0,0.0,216,0,,0,0,0,0,0
15329,2019-07-23 18:56:32,,451930924.0,0.0,216,0,,0,0,0,0,0
15336,2019-07-24 16:20:54,,323399671.0,1.0,217,0,,0,0,0,0,0
15337,2019-07-24 16:55:59,,278866127.0,1.0,218,0,,0,0,0,0,0
15338,2019-07-24 17:32:34,,57282141.0,1.0,219,0,,0,0,0,0,0
15339,2019-07-24 17:32:41,,57282141.0,0.0,219,0,,0,0,0,0,0
15340,2019-07-24 17:33:36,15338.0,247115316.0,0.0,219,1,,0,0,0,0,0
15341,2019-07-24 17:46:36,,509844197.0,1.0,220,0,,0,0,0,0,0
15342,2019-07-24 18:05:17,,436084.0,1.0,221,0,,0,0,0,1,0
15344,2019-07-24 20:16:20,15342.0,132996413.0,0.0,221,0,,0,0,0,1,0
15345,2019-07-25 7:26:14,,361152152.0,1.0,222,0,,0,0,0,0,0
15346,2019-07-25 7:37:41,,436084.0,1.0,223,0,,0,0,0,1,0
15347,2019-07-25 7:56:26,15346.0,127844538.0,0.0,223,0,,0,0,0,1,0
15348,2019-07-25 8:48:23,15346.0,150838750.0,0.0,223,0,,0,0,0,1,0
15349,2019-07-25 8:53:19,,247115316.0,0.0,223,0,,0,0,0,1,0
15350,2019-07-25 8:55:41,15337.0,536173221.0,0.0,218,1,,0,0,0,0,0
15351,2019-07-25 8:56:08,15336.0,536173221.0,0.0,217,0,,0,0,0,0,0
15352,2019-07-25 10:35:28,15351.0,323399671.0,0.0,217,0,,0,0,0,0,0
15353,2019-07-25 10:53:05,,789439705.0,1.0,224,0,,0,0,0,0,0
15355,2019-07-25 12:26:49,15346.0,1049088.0,0.0,223,0,,0,0,0,1,0
15356,2019-07-25 14:03:35,,247115316.0,1.0,20,0,,0,0,0,0,0
15358,2019-07-25 15:12:20,,720928098.0,1.0,225,0,,0,0,0,0,0
15359,2019-07-25 15:14:08,15358.0,247115316.0,0.0,225,0,,0,0,0,0,0
15360,2019-07-25 15:14:19,,720928098.0,0.0,225,0,,0,0,0,0,0
15362,2019-07-25 17:02:43,,247115316.0,0.0,225,0,,0,0,0,0,0
15363,2019-07-25 17:48:58,15348.0,449363379.0,0.0,223,0,,0,0,0,0,0
15364,2019-07-25 20:33:45,,509844197.0,1.0,226,0,,0,0,0,0,0
15365,2019-07-25 20:41:47,,281715600.0,0.0,226,1,,0,0,0,0,0
15366,2019-07-25 20:42:12,,281715600.0,0.0,226,0,,0,0,0,0,0
15367,2019-07-26 0:16:07,15362.0,373407505.0,0.0,225,0,,0,0,0,0,0
15368,2019-07-26 5:21:23,15366.0,370174211.0,0.0,226,0,,0,0,0,0,0
15369,2019-07-26 6:08:16,15366.0,476918118.0,0.0,226,0,,0,0,0,0,0
15376,2019-07-27 6:59:44,,293066973.0,1.0,227,0,,0,0,0,0,0
15377,2019-07-27 7:20:43,,436084.0,1.0,228,0,,0,0,0,1,0
15378,2019-07-27 7:21:11,,436084.0,0.0,228,0,,0,0,0,1,0
15379,2019-07-27 7:21:15,15377.0,127844538.0,0.0,228,0,,0,0,0,1,0
15380,2019-07-27 9:00:15,,29433864.0,0.0,228,0,,0,0,0,1,0
15381,2019-07-27 9:08:27,15380.0,336089593.0,0.0,228,0,,0,0,0,1,0
15382,2019-07-27 9:08:53,,336089593.0,0.0,228,0,,0,0,0,1,0
15383,2019-07-27 9:11:40,,29433864.0,0.0,228,0,,0,0,0,1,0
15384,2019-07-27 9:32:09,,336089593.0,0.0,228,0,,0,0,0,1,0
15387,2019-07-27 15:25:37,15380.0,447736164.0,0.0,228,0,,0,0,0,1,0
15388,2019-07-27 15:27:00,,447736164.0,0.0,228,0,,0,0,0,1,0
15390,2019-07-28 8:39:25,,247115316.0,1.0,229,0,,0,0,0,0,0
15391,2019-07-28 14:06:23,15257.0,697170210.0,0.0,196,0,,0,0,0,0,0
15392,2019-07-28 15:16:27,,436084.0,1.0,230,0,,0,0,0,1,0
15395,2019-07-28 22:12:01,,249681291.0,1.0,231,0,,0,0,0,0,0
15396,2019-07-29 1:33:01,,323244337.0,1.0,232,0,,0,0,0,0,0
15397,2019-07-29 2:05:28,15396.0,227946322.0,0.0,232,1,,0,0,0,0,0
15398,2019-07-29 2:38:40,,323244337.0,0.0,232,0,,0,1,0,0,0
15399,2019-07-29 3:22:39,,247115316.0,1.0,233,0,,0,0,0,1,0
15400,2019-07-29 9:55:14,,29433864.0,0.0,233,0,,0,0,0,1,0
15401,2019-07-29 9:55:18,,29433864.0,0.0,233,0,,0,0,0,1,0
15405,2019-07-29 11:11:11,,208968025.0,1.0,234,0,,0,0,0,0,0
15407,2019-07-29 12:08:09,,427341499.0,0.0,234,1,,0,0,0,0,0
15417,2019-07-29 19:09:05,,496357774.0,1.0,235,0,,0,0,0,0,0
15418,2019-07-29 19:14:47,,496357774.0,0.0,235,1,,0,0,0,0,0
15422,2019-07-30 7:00:51,,247115316.0,1.0,236,0,,0,0,0,1,0
15427,2019-07-30 14:02:35,15405.0,728147668.0,0.0,234,1,,0,0,0,0,0
15431,2019-07-30 14:30:02,,589805970.0,1.0,237,0,,0,0,0,0,0
15433,2019-07-30 14:58:26,15431.0,127844538.0,0.0,237,1,,0,0,0,0,0
15434,2019-07-30 14:59:45,15433.0,589805970.0,0.0,237,0,,0,1,0,0,0
15435,2019-07-30 15:07:22,15434.0,127844538.0,0.0,237,0,,0,0,0,0,0
15437,2019-07-30 15:14:17,,247115316.0,1.0,238,0,,0,0,0,1,1
15438,2019-07-30 15:26:28,,720307136.0,1.0,239,0,,0,0,0,1,1
15441,2019-07-30 16:49:16,15431.0,324429026.0,0.0,237,0,,0,0,0,0,0
15442,2019-07-30 16:53:57,,589805970.0,0.0,237,0,,0,1,0,0,0
15446,2019-07-30 18:09:57,15444.0,281715600.0,0.0,240,0,,0,0,0,0,0
15447,2019-07-30 18:32:47,15431.0,396995796.0,0.0,237,0,,0,0,0,0,0
15453,2019-07-30 20:37:13,,405048823.0,1.0,241,0,,0,0,0,0,0
15454,2019-07-30 20:37:34,15453.0,247115316.0,0.0,241,1,,0,0,0,0,0
15455,2019-07-30 20:37:55,,405048823.0,0.0,241,0,,0,0,1,0,0
15456,2019-07-30 20:38:04,,405048823.0,0.0,241,0,,0,0,0,0,0
15457,2019-07-30 20:39:25,,396995796.0,0.0,241,0,,0,0,0,1,0
15458,2019-07-30 20:55:51,15457.0,370174211.0,0.0,241,0,,0,0,0,1,0
15459,2019-07-30 20:57:03,15457.0,449363379.0,0.0,241,0,,0,0,0,1,0
15461,2019-07-30 21:04:36,,405048823.0,0.0,241,0,,0,0,0,1,0
15462,2019-07-30 21:04:43,,405048823.0,0.0,241,0,,0,0,0,1,0
15464,2019-07-30 21:05:41,15455.0,370174211.0,0.0,241,0,,0,0,0,1,0
15465,2019-07-30 21:06:15,15464.0,396995796.0,0.0,241,0,,0,0,1,1,0
15466,2019-07-30 21:06:57,,405048823.0,0.0,241,0,,0,0,0,1,0
15467,2019-07-30 21:07:42,15465.0,370174211.0,0.0,241,0,,0,0,0,1,0
15468,2019-07-30 21:08:36,,405048823.0,0.0,241,0,,0,0,0,1,0
15469,2019-07-30 21:09:20,15468.0,370174211.0,0.0,241,0,,0,0,0,1,0
15470,2019-07-30 21:15:13,15467.0,396995796.0,0.0,241,0,,0,0,0,1,0
15471,2019-07-30 21:21:37,15470.0,370174211.0,0.0,241,0,,0,0,0,1,0
15472,2019-07-30 21:24:41,15471.0,396995796.0,0.0,241,0,,0,0,0,1,0
15473,2019-07-30 21:30:17,15472.0,370174211.0,0.0,241,0,,0,0,0,1,0
15474,2019-07-30 21:31:08,15473.0,396995796.0,0.0,241,0,,0,0,0,1,0
15490,2019-07-31 6:12:17,15486.0,370174211.0,0.0,241,0,,0,0,0,1,0
15491,2019-07-31 6:35:28,,476918118.0,0.0,241,0,,0,0,0,1,0
15492,2019-07-31 7:07:38,,370174211.0,0.0,241,0,,0,0,0,1,0
15497,2019-07-31 9:26:40,,118663350.0,1.0,242,0,,0,0,0,0,0
15498,2019-07-31 10:42:42,,213722837.0,1.0,243,0,,0,0,0,0,0
15501,2019-07-31 14:09:18,15396.0,713009726.0,0.0,232,0,,0,0,0,0,0
15502,2019-07-31 14:10:07,15396.0,247115316.0,0.0,232,0,,0,0,0,0,0
15503,2019-07-31 18:47:15,,247115316.0,1.0,244,0,,0,0,0,1,1
15504,2019-07-31 18:51:13,,1049088.0,1.0,245,0,,0,0,0,0,0
15505,2019-07-31 18:59:28,15504.0,418260565.0,0.0,245,1,,0,0,0,0,0
15506,2019-07-31 19:02:43,15504.0,247115316.0,0.0,245,1,,0,0,0,0,0
15507,2019-07-31 19:04:05,,1049088.0,0.0,245,0,,0,0,0,0,0
15508,2019-07-31 19:04:33,15506.0,1049088.0,0.0,245,0,,0,0,0,0,0
15509,2019-07-31 19:04:50,15506.0,418260565.0,0.0,245,0,,0,0,0,0,0
15510,2019-07-31 19:09:08,15504.0,268425237.0,0.0,245,0,,0,0,0,0,0
15511,2019-07-31 19:18:38,15510.0,247115316.0,0.0,245,0,,0,0,0,0,0
15512,2019-07-31 19:21:28,,247115316.0,0.0,245,0,,0,0,0,0,0
15513,2019-07-31 19:34:50,15512.0,1049088.0,0.0,245,0,,0,0,0,0,0
15514,2019-07-31 19:38:44,15504.0,247115316.0,0.0,245,0,,0,0,1,0,0
15515,2019-07-31 19:44:17,15514.0,1049088.0,0.0,245,0,,0,0,0,0,0
15516,2019-07-31 19:46:54,15515.0,247115316.0,0.0,245,0,,0,0,0,0,0
15517,2019-07-31 19:47:37,,247115316.0,0.0,245,0,,0,0,0,0,0
15518,2019-07-31 19:47:51,,247115316.0,0.0,245,0,,0,0,0,0,0
15519,2019-07-31 19:52:05,,247115316.0,0.0,245,0,,0,0,0,0,0
15520,2019-07-31 19:54:06,,1049088.0,0.0,245,0,,0,0,0,0,0
15521,2019-07-31 19:55:52,15520.0,247115316.0,0.0,245,0,,0,0,0,0,0
15522,2019-07-31 19:56:52,,247115316.0,0.0,245,0,,0,0,0,0,0
15523,2019-07-31 20:03:43,15521.0,1049088.0,0.0,245,0,,0,0,0,0,0
15524,2019-07-31 20:07:17,,247115316.0,0.0,245,0,,0,0,0,0,0
15525,2019-07-31 20:09:58,15524.0,1049088.0,0.0,245,0,,0,0,0,0,0
15526,2019-07-31 20:10:36,15525.0,247115316.0,0.0,245,0,,0,0,0,0,0
15527,2019-07-31 20:11:11,,1049088.0,0.0,245,0,,0,0,0,0,0
15528,2019-07-31 20:11:13,,476918118.0,0.0,245,0,,0,0,1,0,0
15529,2019-07-31 20:12:44,,476918118.0,0.0,245,0,,0,0,0,0,0
15530,2019-07-31 20:49:16,15511.0,268425237.0,0.0,245,0,,0,0,0,0,0
15531,2019-07-31 20:50:47,15530.0,247115316.0,0.0,245,0,,0,0,0,0,0
15532,2019-07-31 20:51:59,,268425237.0,0.0,245,0,,0,0,0,0,0
15533,2019-07-31 23:52:17,,821189132.0,1.0,246,0,,0,0,0,0,0
15534,2019-07-31 23:53:32,15533.0,290109779.0,0.0,246,1,,0,0,0,0,0
15535,2019-07-31 23:53:51,,290109779.0,0.0,246,0,,0,0,0,0,0
15536,2019-08-01 0:48:27,,821189132.0,0.0,246,0,,0,0,0,0,0
15537,2019-08-01 0:48:43,,821189132.0,0.0,246,0,,0,0,0,0,0
15538,2019-08-01 0:50:34,15537.0,247115316.0,0.0,246,1,,0,0,0,0,0
15539,2019-08-01 6:19:28,15529.0,418260565.0,0.0,245,0,,0,0,0,0,0
15540,2019-08-01 7:37:32,,537892898.0,0.0,245,0,,0,0,0,0,0
15541,2019-08-01 8:28:11,,418260565.0,0.0,245,0,,0,0,0,0,0
67289,2020-07-09 19:40:36,67287.0,1037697993.0,0.0,247,0,,0,0,0,0,0
67290,2020-07-09 19:42:38,67259.0,483516160.0,0.0,247,0,,0,0,1,1,0
67291,2020-07-09 19:44:06,,483516160.0,0.0,247,0,,0,0,0,1,0
67292,2020-07-09 19:44:50,67111.0,474770907.0,0.0,247,0,,0,0,0,0,0
67293,2020-07-09 19:45:57,,1037697993.0,0.0,247,0,,0,0,1,1,0
67294,2020-07-09 19:51:11,67293.0,384742058.0,0.0,247,0,,0,0,0,1,0
67295,2020-07-09 19:51:19,,1037697993.0,0.0,247,0,,0,0,0,1,0
67296,2020-07-09 19:51:41,,384742058.0,0.0,247,0,,0,0,0,1,0
67297,2020-07-09 19:52:11,,384742058.0,0.0,247,0,,0,0,0,1,0
67298,2020-07-09 19:52:38,,1037697993.0,0.0,247,0,,0,0,0,1,0
67299,2020-07-09 19:53:08,67296.0,1037697993.0,0.0,247,0,,0,0,0,1,0
67300,2020-07-09 19:53:19,67299.0,384742058.0,0.0,247,0,,0,0,0,1,0
67301,2020-07-09 19:54:19,,1037697993.0,0.0,247,0,,0,0,0,1,0
67303,2020-07-09 19:55:13,67301.0,384742058.0,0.0,247,0,,0,0,0,1,0
67304,2020-07-09 19:55:57,67303.0,1037697993.0,0.0,247,0,,0,0,0,1,0
67305,2020-07-09 19:56:01,,384742058.0,0.0,247,0,,0,0,0,1,0
67306,2020-07-09 19:56:29,67305.0,1037697993.0,0.0,247,0,,0,0,0,1,0
67307,2020-07-09 19:56:40,67304.0,384742058.0,0.0,247,0,,0,0,0,1,0
67308,2020-07-09 19:57:03,,1037697993.0,0.0,247,0,,0,0,0,1,0
67309,2020-07-09 19:57:10,67306.0,384742058.0,0.0,247,0,,0,0,0,1,0
67310,2020-07-09 19:58:03,67309.0,1037697993.0,0.0,247,0,,0,0,0,1,0
67311,2020-07-09 19:59:26,67310.0,384742058.0,0.0,247,0,,0,0,0,1,0
67312,2020-07-09 20:00:01,67311.0,1037697993.0,0.0,247,0,,0,0,0,1,0
67313,2020-07-09 20:00:19,,384742058.0,0.0,247,0,,0,0,0,1,0
67314,2020-07-09 20:00:43,67313.0,1037697993.0,0.0,247,0,,0,0,0,1,0
67315,2020-07-09 20:03:26,67313.0,659301226.0,0.0,247,0,,0,0,0,1,0
67316,2020-07-09 20:03:57,67315.0,384742058.0,0.0,247,0,,0,0,0,1,0
67317,2020-07-09 20:04:18,67315.0,1037697993.0,0.0,247,0,,0,0,0,1,0
67318,2020-07-09 20:04:44,,384742058.0,0.0,247,0,,0,0,0,1,0
67319,2020-07-09 20:05:09,67316.0,659301226.0,0.0,247,0,,0,0,0,1,0
67320,2020-07-09 20:05:14,,384742058.0,0.0,247,0,,0,0,0,1,0
67321,2020-07-09 20:05:45,67319.0,384742058.0,0.0,247,0,,0,0,0,1,0
67322,2020-07-09 20:06:18,67321.0,659301226.0,0.0,247,0,,0,0,0,1,0
67323,2020-07-09 20:07:17,,384742058.0,0.0,247,0,,0,0,0,1,0
67324,2020-07-09 20:14:48,,272021796.0,1.0,248,0,,0,0,0,1,1
67325,2020-07-09 20:15:18,,272021796.0,0.0,248,0,,0,0,0,1,0
67326,2020-07-09 20:15:38,,1037697993.0,0.0,247,0,,0,0,0,1,0
67327,2020-07-09 20:18:10,67325.0,537892898.0,0.0,248,0,,0,0,0,1,0
67328,2020-07-09 20:20:06,,1037697993.0,0.0,247,0,,0,0,0,1,0
67329,2020-07-09 20:21:00,,384742058.0,0.0,248,0,,0,0,1,1,0
67331,2020-07-09 20:21:32,67328.0,384742058.0,0.0,247,0,,0,0,0,1,0
67334,2020-07-09 20:23:15,67331.0,1037697993.0,0.0,247,0,,0,0,0,1,0
67335,2020-07-09 20:23:55,,384742058.0,0.0,247,0,,0,0,0,1,0
67336,2020-07-09 20:24:31,67329.0,95705828.0,0.0,248,0,,0,0,0,1,0
67337,2020-07-09 20:24:52,67329.0,537892898.0,0.0,248,0,,0,0,0,1,0
67338,2020-07-09 20:25:47,,384742058.0,0.0,248,0,,0,0,0,1,0
67339,2020-07-09 20:26:18,,384742058.0,0.0,248,0,,0,0,0,1,0
67340,2020-07-09 20:27:13,67338.0,537892898.0,0.0,248,0,,0,0,0,1,0
67341,2020-07-09 20:28:07,,1037697993.0,0.0,248,0,,0,0,0,1,0
67342,2020-07-09 20:28:56,67329.0,272021796.0,0.0,248,0,,0,0,0,1,0
67343,2020-07-09 20:29:53,,272021796.0,1.0,249,0,,0,0,0,1,1
67344,2020-07-09 20:29:54,67342.0,384742058.0,0.0,248,0,,0,0,0,1,0
67345,2020-07-09 20:31:33,67343.0,1007929428.0,0.0,249,0,,0,0,0,1,0
67346,2020-07-09 20:32:01,67345.0,272021796.0,0.0,249,0,,0,0,0,1,0
67347,2020-07-09 20:32:23,,1007929428.0,0.0,247,0,,0,0,1,1,0
67348,2020-07-09 20:32:51,,384742058.0,0.0,247,1,,0,0,0,1,0
67349,2020-07-09 20:33:22,,384742058.0,0.0,247,1,,0,0,0,1,0
67350,2020-07-09 20:33:36,67346.0,1007929428.0,0.0,249,0,,0,0,0,1,0
67351,2020-07-09 20:34:17,,384742058.0,1.0,250,0,,0,0,0,1,1
67352,2020-07-09 20:34:17,,384742058.0,0.0,250,0,,0,0,0,1,0
67353,2020-07-09 20:34:32,,1007929428.0,0.0,247,0,,0,0,0,1,0
67354,2020-07-09 20:34:49,,384742058.0,0.0,250,0,,0,0,1,1,0
67355,2020-07-09 20:35:19,67350.0,272021796.0,0.0,249,0,,0,0,0,1,0
67356,2020-07-09 20:35:25,,1007929428.0,0.0,250,0,,0,0,0,1,0
67357,2020-07-09 20:35:57,67348.0,483516160.0,0.0,247,0,,0,0,0,1,0
67358,2020-07-09 20:36:10,,272021796.0,1.0,251,0,,0,0,0,1,1
67359,2020-07-09 20:36:36,67356.0,384742058.0,0.0,250,0,,0,0,0,1,0
67360,2020-07-09 20:37:00,67359.0,483516160.0,0.0,250,0,,0,0,0,1,0
67361,2020-07-09 20:37:41,67360.0,384742058.0,0.0,250,0,,0,0,0,1,0
67362,2020-07-09 20:39:08,67361.0,483516160.0,0.0,250,0,,0,0,0,1,0
67363,2020-07-09 20:39:14,,1007929428.0,0.0,250,0,,0,0,0,1,0
67364,2020-07-09 20:39:59,,1007929428.0,0.0,247,0,,0,0,1,1,0
67366,2020-07-09 20:40:02,,384742058.0,0.0,250,0,,0,0,0,1,0
67372,2020-07-09 20:41:17,,803643938.0,0.0,252,0,,0,0,0,0,0
67373,2020-07-09 20:41:24,,1007929428.0,0.0,250,0,,0,0,1,1,0
67374,2020-07-09 20:42:15,67373.0,483516160.0,0.0,250,0,,0,0,0,1,0
67375,2020-07-09 20:45:19,67374.0,1007929428.0,0.0,250,0,,0,0,0,1,0
67376,2020-07-09 20:48:08,67375.0,483516160.0,0.0,250,0,,0,0,0,1,0
67377,2020-07-09 20:48:43,,483516160.0,0.0,250,0,,0,0,0,1,0
67378,2020-07-09 20:49:33,67377.0,272021796.0,0.0,250,0,,0,0,0,1,0
67379,2020-07-09 20:51:44,67376.0,1007929428.0,0.0,250,0,,0,0,0,1,0
67380,2020-07-09 20:51:50,,537892898.0,0.0,250,0,,0,0,0,1,0
67385,2020-07-09 20:54:56,67380.0,483516160.0,0.0,250,0,,0,0,0,1,0
67386,2020-07-09 20:55:15,67385.0,537892898.0,0.0,250,0,,0,0,0,1,0
67389,2020-07-09 20:59:33,67381.0,272021796.0,0.0,253,0,,0,0,0,1,0
67390,2020-07-09 21:02:42,67389.0,537892898.0,0.0,253,0,,0,0,0,1,0
67391,2020-07-09 21:16:45,,659301226.0,1.0,254,0,,0,0,0,1,0
67392,2020-07-09 21:18:37,,221317694.0,1.0,255,0,,0,0,0,0,0
67393,2020-07-09 21:28:50,,345588807.0,0.0,255,1,,0,0,0,0,0
67394,2020-07-09 21:47:15,67393.0,221317694.0,0.0,255,0,,0,1,0,0,0
67403,2020-07-10 7:28:12,,1007929428.0,1.0,256,0,,0,0,0,1,1
67404,2020-07-10 7:30:48,67403.0,499876996.0,0.0,256,0,,0,0,0,1,0
67405,2020-07-10 7:31:04,,1007929428.0,1.0,257,0,,0,0,0,1,1
67406,2020-07-10 7:32:26,67404.0,1007929428.0,0.0,256,0,,0,0,0,1,0
67407,2020-07-10 7:34:42,67405.0,725912117.0,0.0,257,0,,0,0,0,1,0
67408,2020-07-10 7:34:57,67406.0,499876996.0,0.0,256,0,,0,0,0,1,0
67409,2020-07-10 7:36:37,67405.0,537892898.0,0.0,257,0,,0,0,1,1,0
67410,2020-07-10 7:41:54,67407.0,462265102.0,0.0,257,0,,0,0,0,1,0
67411,2020-07-10 7:50:10,67405.0,483516160.0,0.0,257,0,,0,0,0,1,0
67412,2020-07-10 7:52:53,67411.0,537892898.0,0.0,257,0,,0,0,0,1,0
67413,2020-07-10 7:54:17,67412.0,483516160.0,0.0,257,0,,0,0,0,1,0
67414,2020-07-10 7:54:32,,537892898.0,0.0,257,0,,0,0,0,1,0
67415,2020-07-10 8:01:35,,811752082.0,0.0,257,0,,0,0,0,1,0
67421,2020-07-10 8:13:26,67415.0,483516160.0,0.0,257,0,,0,0,0,1,0
67422,2020-07-10 8:14:11,67420.0,811752082.0,0.0,257,0,,0,0,0,1,0
67423,2020-07-10 8:28:01,67421.0,537892898.0,0.0,257,0,,0,0,0,1,0
67424,2020-07-10 8:40:36,67407.0,1007929428.0,0.0,257,0,,0,0,0,1,0
67425,2020-07-10 8:43:57,,1007929428.0,0.0,257,0,,0,0,1,1,0
67426,2020-07-10 8:45:25,67410.0,725912117.0,0.0,257,0,,0,0,0,1,0
67427,2020-07-10 8:45:55,,725912117.0,0.0,257,0,,0,0,0,1,0
67428,2020-07-10 8:49:11,67425.0,537892898.0,0.0,257,0,,0,0,0,1,0
67432,2020-07-10 9:30:06,,247115316.0,1.0,258,0,,0,0,0,1,1
67433,2020-07-10 9:43:09,,1007929428.0,0.0,258,0,,0,0,0,1,0
67434,2020-07-10 9:44:32,,1007929428.0,0.0,258,0,,0,0,0,1,0
67435,2020-07-10 9:51:59,,669540433.0,1.0,259,0,,0,0,0,0,0
67437,2020-07-10 10:43:57,,193815616.0,1.0,260,0,,0,0,0,0,0
67438,2020-07-10 10:46:21,67437.0,247115316.0,0.0,260,1,,0,0,0,0,0
67439,2020-07-10 10:54:44,67343.0,637707976.0,0.0,249,0,,0,0,0,1,0
67441,2020-07-10 11:08:11,,559539652.0,1.0,261,0,,0,0,0,0,0
67444,2020-07-10 11:10:46,67437.0,1049088.0,0.0,260,1,,0,0,0,0,0
67445,2020-07-10 11:11:10,67444.0,193815616.0,0.0,260,0,,0,0,0,0,0
67448,2020-07-10 11:21:38,67447.0,247115316.0,0.0,260,0,,0,0,0,0,0
67454,2020-07-10 11:35:05,67453.0,247115316.0,0.0,260,0,,0,0,0,0,0
67458,2020-07-10 12:02:06,,1007929428.0,0.0,260,1,,0,0,0,0,0
67459,2020-07-10 12:06:49,67458.0,247115316.0,0.0,260,0,,0,0,0,1,0
67460,2020-07-10 12:07:03,,247115316.0,0.0,260,0,,0,0,0,1,0
67461,2020-07-10 12:07:43,67459.0,1007929428.0,0.0,260,0,,0,0,0,1,0
67462,2020-07-10 12:08:25,,537892898.0,0.0,260,0,,0,0,0,0,0
67463,2020-07-10 12:08:56,,537892898.0,0.0,260,0,,0,0,0,0,0
67464,2020-07-10 12:09:36,67462.0,247115316.0,0.0,260,0,,0,0,0,0,0
67465,2020-07-10 12:18:52,,1007929428.0,1.0,262,0,,0,0,0,1,1
67466,2020-07-10 12:23:23,,247115316.0,1.0,263,0,,0,0,0,1,0
67467,2020-07-10 12:28:10,,1007929428.0,0.0,263,0,,0,0,0,1,0
67468,2020-07-10 12:30:21,,1007929428.0,0.0,260,0,,0,0,0,0,0
67469,2020-07-10 12:30:56,67462.0,1049088.0,0.0,260,0,,0,0,0,0,0
67470,2020-07-10 12:37:34,,258290206.0,0.0,260,0,,0,0,0,0,0
67471,2020-07-10 12:43:09,67465.0,537892898.0,0.0,262,0,,0,0,0,1,0
67472,2020-07-10 12:44:37,,537892898.0,0.0,262,0,,0,0,0,1,0
67473,2020-07-10 12:52:31,,1049088.0,0.0,260,0,,0,0,0,0,0
67474,2020-07-10 15:23:50,,537892898.0,1.0,264,0,,0,0,0,1,1
67475,2020-07-10 15:25:11,,537892898.0,0.0,264,0,,0,0,0,1,0
67476,2020-07-10 15:26:56,67475.0,483516160.0,0.0,264,0,,0,0,0,1,0
67477,2020-07-10 15:28:25,,483516160.0,0.0,264,0,,0,0,0,1,0
67478,2020-07-10 15:28:27,,1007929428.0,0.0,264,0,,0,0,0,1,0
67479,2020-07-10 15:29:02,,483516160.0,0.0,264,0,,0,0,0,1,0
67480,2020-07-10 15:29:22,67477.0,1007929428.0,0.0,264,0,,0,0,0,1,0
67481,2020-07-10 15:33:52,,537892898.0,0.0,264,0,,0,0,0,1,0
67482,2020-07-10 15:35:01,67481.0,483516160.0,0.0,264,0,,0,0,0,1,0
67483,2020-07-10 15:35:40,67481.0,1007929428.0,0.0,264,0,,0,0,0,1,0
67484,2020-07-10 15:38:13,67483.0,537892898.0,0.0,264,0,,0,0,0,1,0
67485,2020-07-10 15:40:49,67484.0,1007929428.0,0.0,264,0,,0,0,0,1,0
67487,2020-07-10 15:41:52,67485.0,537892898.0,0.0,264,0,,0,0,0,1,0
67488,2020-07-10 15:46:53,67487.0,1007929428.0,0.0,264,0,,0,0,0,1,0
67489,2020-07-10 15:48:11,,1007929428.0,0.0,262,0,,0,0,0,1,0
67491,2020-07-10 15:52:41,,1007929428.0,0.0,264,0,,0,0,0,1,0
67492,2020-07-10 15:55:29,,247115316.0,0.0,262,0,,0,0,0,1,0
67493,2020-07-10 15:56:34,,1007929428.0,1.0,265,0,,0,0,0,0,0
67494,2020-07-10 15:57:36,67492.0,1007929428.0,0.0,262,0,,0,0,0,1,0
67495,2020-07-10 15:57:54,67492.0,483516160.0,0.0,262,0,,0,0,0,1,0
67496,2020-07-10 15:58:21,67493.0,247115316.0,0.0,265,0,,0,0,0,0,0
67497,2020-07-10 15:58:34,,1007929428.0,0.0,262,0,,0,0,0,1,0
67498,2020-07-10 15:59:20,67496.0,1007929428.0,0.0,265,0,,0,0,0,0,0
67499,2020-07-10 16:01:33,67498.0,247115316.0,0.0,265,0,,0,0,0,0,0
67500,2020-07-10 16:03:00,67499.0,1007929428.0,0.0,265,0,,0,0,0,0,0
67501,2020-07-10 16:04:27,67500.0,247115316.0,0.0,265,0,,0,0,0,1,0
67502,2020-07-10 16:19:45,67501.0,483516160.0,0.0,265,0,,0,0,0,1,0
67503,2020-07-10 16:20:32,,483516160.0,0.0,265,0,,0,0,0,1,0
67504,2020-07-10 16:24:58,67502.0,247115316.0,0.0,265,0,,0,0,0,1,0
67505,2020-07-10 16:26:46,67502.0,1007929428.0,0.0,265,0,,0,0,0,1,0
67506,2020-07-10 16:33:17,,1007929428.0,0.0,265,0,,0,0,0,1,0
67507,2020-07-10 16:34:14,67506.0,247115316.0,0.0,265,0,,0,0,0,1,0
67508,2020-07-10 16:35:13,,247115316.0,0.0,265,0,,0,0,0,1,0
67509,2020-07-10 16:36:21,67507.0,1007929428.0,0.0,265,0,,0,0,0,1,0
67510,2020-07-10 16:37:05,67509.0,247115316.0,0.0,265,0,,0,0,1,1,0
67511,2020-07-10 16:37:25,67510.0,1007929428.0,0.0,265,0,,0,0,0,1,0
67512,2020-07-10 16:37:55,,1007929428.0,0.0,265,0,,0,0,0,1,0
67513,2020-07-10 16:38:42,,247115316.0,0.0,265,0,,0,0,0,1,0
67514,2020-07-10 16:39:40,,247115316.0,0.0,265,0,,0,0,0,1,0
67515,2020-07-10 16:39:40,,247115316.0,0.0,265,0,,0,0,0,1,0
67516,2020-07-10 16:40:17,67490.0,537892898.0,0.0,266,0,,0,0,0,1,0
67518,2020-07-10 16:44:51,67513.0,1007929428.0,0.0,265,0,,0,0,0,1,0
67521,2020-07-10 17:10:49,,1007929428.0,0.0,265,0,,0,0,0,1,0
67522,2020-07-10 17:46:22,,247115316.0,0.0,265,0,,0,0,0,1,0
67523,2020-07-10 17:46:22,,247115316.0,0.0,265,0,,0,0,0,1,0
67524,2020-07-10 18:23:47,,1007929428.0,0.0,265,0,,0,0,0,1,0
67525,2020-07-10 18:24:43,,1007929428.0,0.0,265,0,,0,0,0,1,0
67526,2020-07-10 18:27:17,67525.0,247115316.0,0.0,265,0,,0,0,0,1,0
67527,2020-07-10 18:27:26,67524.0,247115316.0,0.0,265,0,,0,0,0,1,0
67528,2020-07-10 18:27:59,,1007929428.0,0.0,265,0,,0,0,0,1,0
67529,2020-07-10 18:28:45,,1007929428.0,0.0,265,0,,0,0,0,1,0
67530,2020-07-10 18:29:53,67529.0,247115316.0,0.0,265,0,,0,0,0,1,0
67531,2020-07-10 18:30:24,,247115316.0,0.0,265,0,,0,0,0,1,0
67532,2020-07-10 18:31:02,,1007929428.0,0.0,265,0,,0,0,0,1,0
67533,2020-07-10 18:33:44,,29433864.0,0.0,265,0,,0,0,0,1,0
67535,2020-07-10 19:41:44,,537892898.0,1.0,267,0,,0,0,0,1,1
67536,2020-07-10 19:42:15,,537892898.0,0.0,267,0,,0,0,0,1,0
67537,2020-07-10 19:49:22,,307658538.0,0.0,267,1,,0,0,0,1,0
67538,2020-07-10 19:49:52,,307658538.0,0.0,267,1,,0,0,0,1,0
67539,2020-07-10 19:50:15,67535.0,1007929428.0,0.0,267,0,,0,0,0,1,0
67540,2020-07-10 19:53:34,67539.0,537892898.0,0.0,267,0,,0,0,0,1,0
67541,2020-07-10 19:59:25,67540.0,1007929428.0,0.0,267,0,,0,0,0,1,0
67542,2020-07-10 20:02:46,,1007929428.0,0.0,267,0,,0,0,0,1,0
67543,2020-07-10 20:03:30,,537892898.0,0.0,267,0,,0,0,1,1,0
67544,2020-07-10 20:07:59,,1007929428.0,0.0,267,0,,0,0,0,1,0
67546,2020-07-10 20:25:54,67545.0,537892898.0,0.0,267,0,,0,0,0,1,0
67549,2020-07-10 20:37:14,67545.0,1007929428.0,0.0,267,0,,0,0,0,1,0
67553,2020-07-10 21:05:45,,1007929428.0,1.0,268,0,,0,0,0,1,1
67554,2020-07-10 21:06:17,,1007929428.0,0.0,268,0,,0,0,0,1,0
67556,2020-07-10 22:11:26,,537892898.0,0.0,268,0,,0,0,0,1,0
67557,2020-07-10 22:11:56,67556.0,247115316.0,0.0,268,0,,0,0,0,1,0
67561,2020-07-11 3:50:51,,402799980.0,0.0,268,0,,0,0,0,1,0
67562,2020-07-11 4:44:28,,991443133.0,1.0,269,0,,0,0,0,0,1
67563,2020-07-11 4:47:24,67562.0,247115316.0,0.0,269,0,,0,0,0,0,0
67564,2020-07-11 5:24:14,67556.0,165459213.0,0.0,268,0,,0,0,0,1,0
67565,2020-07-11 6:29:22,67563.0,811752082.0,0.0,269,0,,0,0,0,1,0
67567,2020-07-11 7:20:43,67565.0,247115316.0,0.0,269,0,,0,0,0,1,0
67568,2020-07-11 7:22:11,67565.0,1007929428.0,0.0,269,0,,0,0,0,1,0
67569,2020-07-11 7:22:42,,1007929428.0,0.0,269,0,,0,0,0,1,0
67570,2020-07-11 7:30:49,67562.0,186954577.0,0.0,269,0,,0,0,0,1,0
67571,2020-07-11 7:50:19,67568.0,811752082.0,0.0,269,0,,0,0,0,1,0
67572,2020-07-11 7:54:02,67571.0,1007929428.0,0.0,269,0,,0,0,0,1,0
67573,2020-07-11 7:54:45,,811752082.0,0.0,269,0,,0,0,0,1,0
67574,2020-07-11 8:48:23,,537892898.0,1.0,270,0,,0,0,0,1,1
67575,2020-07-11 9:30:56,,565933619.0,1.0,271,0,,0,0,0,0,0
67576,2020-07-11 10:07:22,,1007929428.0,0.0,271,1,,0,0,0,0,0
67577,2020-07-11 10:14:28,67575.0,811752082.0,0.0,271,1,,0,0,0,0,0
67578,2020-07-11 10:18:37,,1007929428.0,0.0,271,0,,0,0,0,0,0
67579,2020-07-11 10:19:09,,1007929428.0,0.0,271,0,,0,0,0,0,0
67580,2020-07-11 10:19:31,67577.0,565933619.0,0.0,271,0,,0,0,1,0,0
67581,2020-07-11 10:21:24,67580.0,811752082.0,0.0,271,0,,0,0,0,0,0
67582,2020-07-11 10:23:20,,1007929428.0,0.0,271,0,,0,0,0,0,0
67583,2020-07-11 10:23:49,67582.0,170586684.0,0.0,271,0,,0,0,0,0,0
67584,2020-07-11 10:24:06,,565933619.0,0.0,271,0,,0,0,0,0,0
67585,2020-07-11 10:24:14,67582.0,247115316.0,0.0,271,0,,0,0,0,0,0
67586,2020-07-11 10:24:57,67583.0,1007929428.0,0.0,271,0,,0,0,0,0,0
67587,2020-07-11 10:25:30,67586.0,170586684.0,0.0,271,0,,0,0,0,0,0
67588,2020-07-11 10:26:15,,565933619.0,0.0,271,0,,0,0,1,0,0
67589,2020-07-11 10:27:31,67580.0,537892898.0,0.0,271,0,,0,0,0,0,0
67590,2020-07-11 10:27:52,67588.0,150643821.0,0.0,271,0,,0,0,0,0,0
67591,2020-07-11 10:28:37,67590.0,565933619.0,0.0,271,0,,0,0,1,0,0
67592,2020-07-11 10:28:53,67585.0,1007929428.0,0.0,271,0,,0,0,0,1,0
67593,2020-07-11 10:29:50,67591.0,150643821.0,0.0,271,0,,0,0,0,0,0
67594,2020-07-11 10:34:40,67592.0,247115316.0,0.0,271,0,,0,0,0,1,0
67601,2020-07-11 11:57:56,,247115316.0,1.0,272,0,,0,0,0,1,1
67606,2020-07-11 14:02:48,,1007929428.0,1.0,273,0,,0,0,0,1,1
67607,2020-07-11 14:44:16,,1007929428.0,0.0,273,0,,0,0,0,1,0
67608,2020-07-11 14:44:46,,1007929428.0,0.0,273,0,,0,0,0,1,0
67613,2020-07-11 15:51:43,,346554160.0,1.0,274,0,,0,0,0,0,0
67615,2020-07-11 15:52:20,,346554160.0,0.0,274,0,,0,0,0,0,0
67616,2020-07-11 15:52:52,,346554160.0,0.0,274,0,,0,0,0,0,0
67617,2020-07-11 15:53:36,,346554160.0,0.0,274,0,,0,0,0,0,0
67618,2020-07-11 16:08:25,,1007929428.0,1.0,275,0,,0,0,0,1,1
67621,2020-07-11 16:26:33,,368863039.0,1.0,276,0,,0,0,0,0,0
67622,2020-07-11 16:27:07,67621.0,364747472.0,0.0,276,0,,0,0,0,1,0
67623,2020-07-11 16:30:31,67622.0,186954577.0,0.0,276,0,,0,0,1,1,0
67624,2020-07-11 16:31:06,,186954577.0,0.0,276,0,,0,0,0,1,0
67625,2020-07-11 16:31:53,,537892898.0,0.0,276,0,,0,0,0,1,0
67626,2020-07-11 16:32:36,67625.0,272021796.0,0.0,276,0,,0,0,0,1,0
67627,2020-07-11 16:33:44,67625.0,186954577.0,0.0,276,0,,0,0,0,1,0
67628,2020-07-11 16:35:39,,368863039.0,0.0,276,0,,0,0,0,1,0
67629,2020-07-11 16:39:07,67628.0,272021796.0,0.0,276,0,,0,0,0,1,0
67633,2020-07-11 16:45:07,67621.0,272021796.0,0.0,276,1,,0,0,0,0,0
67634,2020-07-11 16:45:19,67629.0,368863039.0,0.0,276,0,,0,0,0,0,0
67635,2020-07-11 16:45:49,67633.0,368863039.0,0.0,276,0,,0,1,0,0,0
67636,2020-07-11 16:47:15,,1007929428.0,1.0,277,0,,0,0,0,1,0
67637,2020-07-11 16:52:48,67635.0,272021796.0,0.0,276,0,,0,0,0,1,0
67638,2020-07-11 16:54:31,67637.0,368863039.0,0.0,276,0,,0,0,0,1,0
67639,2020-07-11 16:54:37,,221317694.0,1.0,278,0,,0,0,0,0,0
67640,2020-07-11 16:55:00,67638.0,272021796.0,0.0,276,0,,0,0,0,1,0
67641,2020-07-11 16:55:00,67640.0,1092919751.0,0.0,276,0,,0,0,0,1,0
67642,2020-07-11 16:55:36,67641.0,272021796.0,0.0,276,0,,0,0,0,1,0
67643,2020-07-11 16:56:32,67642.0,537892898.0,0.0,276,0,,0,0,0,1,0
67644,2020-07-11 17:01:45,67613.0,485660944.0,0.0,274,1,,0,0,0,0,0
67645,2020-07-11 17:02:45,67641.0,485660944.0,0.0,276,0,,0,0,0,1,0
67646,2020-07-11 17:04:35,67645.0,247115316.0,0.0,276,0,,0,0,0,1,0
67647,2020-07-11 17:05:13,67646.0,485660944.0,0.0,276,0,,0,0,0,1,0
67648,2020-07-11 17:05:44,67645.0,272021796.0,0.0,276,0,,0,0,0,1,0
67649,2020-07-11 17:06:17,67617.0,476918118.0,0.0,274,1,,0,0,0,0,0
67650,2020-07-11 17:07:35,,1007929428.0,1.0,279,0,,0,0,0,1,0
67651,2020-07-11 17:09:11,67649.0,346554160.0,0.0,274,0,,0,0,0,0,0
67652,2020-07-11 17:10:09,67649.0,346554160.0,0.0,274,0,,0,0,0,0,0
67653,2020-07-11 17:11:08,67647.0,247115316.0,0.0,276,0,,0,0,0,1,0
67654,2020-07-11 17:11:10,67652.0,476918118.0,0.0,274,0,,0,0,0,0,0
67655,2020-07-11 17:11:29,67654.0,346554160.0,0.0,274,0,,0,0,0,1,0
67656,2020-07-11 17:12:25,67654.0,346554160.0,0.0,274,0,,0,0,0,0,0
67657,2020-07-11 17:12:37,,247115316.0,0.0,276,0,,0,0,0,1,0
67658,2020-07-11 17:12:39,67656.0,476918118.0,0.0,274,0,,0,0,0,0,0
67659,2020-07-11 17:13:24,67657.0,346554160.0,0.0,276,0,,0,0,0,1,0
67660,2020-07-11 17:21:08,67659.0,247115316.0,0.0,276,0,,0,0,0,1,0
67661,2020-07-11 17:21:27,,346554160.0,0.0,276,0,,0,0,0,1,0
67667,2020-07-11 17:33:11,67646.0,537892898.0,0.0,276,0,,0,0,0,1,0
67668,2020-07-11 17:37:04,67657.0,811752082.0,0.0,276,0,,0,0,0,1,0
67676,2020-07-11 18:01:40,67656.0,485660944.0,0.0,274,0,,0,0,0,0,0
67677,2020-07-11 18:04:11,67653.0,1007929428.0,0.0,276,0,,0,0,0,1,0
67678,2020-07-11 18:06:20,,1007929428.0,1.0,280,0,,0,0,0,1,1
67679,2020-07-11 18:06:55,,1007929428.0,0.0,280,0,,0,0,0,1,0
67680,2020-07-11 18:12:06,67678.0,247115316.0,0.0,280,0,,0,0,0,1,0
67681,2020-07-11 18:13:10,,1007929428.0,0.0,280,0,,0,0,0,1,0
67682,2020-07-11 18:51:45,,384742058.0,1.0,281,0,,0,0,0,0,0
67683,2020-07-11 18:52:34,,384742058.0,0.0,281,0,,0,0,0,0,0
67687,2020-07-11 18:58:43,67683.0,742268193.0,0.0,281,1,,0,0,0,0,0
67688,2020-07-11 19:03:26,67687.0,384742058.0,0.0,281,0,,0,0,0,0,0
67689,2020-07-11 19:08:16,67687.0,1007929428.0,0.0,281,1,,0,0,0,0,0
67690,2020-07-11 19:09:34,67689.0,742268193.0,0.0,281,0,,0,0,0,0,0
67691,2020-07-11 19:14:17,,1007929428.0,0.0,281,0,,0,0,0,0,0
67698,2020-07-11 19:56:19,,1007929428.0,0.0,282,0,,0,0,0,1,0
67699,2020-07-11 19:56:36,67693.0,272021796.0,0.0,282,0,,0,0,0,1,0
67700,2020-07-11 19:58:26,67693.0,537892898.0,0.0,282,0,,0,0,0,1,0
67704,2020-07-11 20:01:58,,1007929428.0,0.0,282,0,,0,0,0,1,0
67706,2020-07-11 20:02:38,67703.0,537892898.0,0.0,283,0,,0,0,0,0,0
67707,2020-07-11 20:03:14,,892505231.0,1.0,284,0,,0,0,0,1,0
67710,2020-07-11 20:05:28,,892505231.0,0.0,284,0,,0,0,0,1,0
67711,2020-07-11 20:05:43,,1007929428.0,0.0,284,1,,0,0,0,1,0
67712,2020-07-11 20:06:01,,892505231.0,0.0,284,0,,0,0,0,1,0
67715,2020-07-11 20:08:01,,247115316.0,0.0,284,0,,0,0,0,1,0
67723,2020-07-11 20:38:36,67646.0,150643821.0,0.0,276,0,,0,0,0,1,0
67724,2020-07-11 20:41:16,67723.0,165946184.0,0.0,276,0,,0,0,0,1,0
67725,2020-07-11 20:41:31,67724.0,150643821.0,0.0,276,0,,0,0,0,1,0
67726,2020-07-11 20:41:48,,165946184.0,0.0,276,0,,0,0,0,1,0
67728,2020-07-11 21:25:51,67727.0,150643821.0,0.0,285,0,,0,0,0,1,0
67730,2020-07-11 21:47:27,67729.0,537892898.0,0.0,286,0,,0,0,0,1,0
67731,2020-07-11 22:25:21,67730.0,537892898.0,0.0,286,0,,0,0,0,1,0
67732,2020-07-11 22:32:17,67731.0,272021796.0,0.0,286,0,,0,0,0,1,0
67733,2020-07-11 22:33:43,,272021796.0,0.0,286,0,,0,0,0,1,0
67736,2020-07-11 22:37:48,67732.0,537892898.0,0.0,286,0,,0,0,0,1,0
67738,2020-07-11 22:39:47,67737.0,272021796.0,0.0,286,0,,0,0,0,1,0
67739,2020-07-11 22:39:50,,537892898.0,0.0,286,0,,0,0,0,1,0
67741,2020-07-11 22:40:42,67739.0,272021796.0,0.0,286,0,,0,0,0,1,0
67742,2020-07-11 22:41:02,67740.0,537892898.0,0.0,286,0,,0,0,0,1,0
67743,2020-07-11 22:41:33,67741.0,537892898.0,0.0,286,0,,0,0,0,1,0
67745,2020-07-11 22:42:12,67744.0,537892898.0,0.0,286,0,,0,0,0,1,0
67747,2020-07-11 22:48:27,,1007929428.0,0.0,286,0,,0,0,0,1,0
67748,2020-07-11 22:54:47,67747.0,537892898.0,0.0,286,0,,0,0,0,1,0
67749,2020-07-11 22:56:14,,170586684.0,0.0,286,0,,0,0,0,1,0
67750,2020-07-11 22:57:47,67749.0,537892898.0,0.0,286,0,,0,0,0,1,0
67751,2020-07-11 22:57:55,67748.0,316793585.0,0.0,286,0,,0,0,0,1,0
67752,2020-07-11 22:58:21,67750.0,170586684.0,0.0,286,0,,0,0,0,1,0
67753,2020-07-11 22:59:35,,170586684.0,1.0,287,0,,0,0,0,0,0
67754,2020-07-11 22:59:49,67751.0,537892898.0,0.0,286,0,,0,0,0,1,0
67755,2020-07-11 23:01:17,,272021796.0,0.0,286,0,,0,0,0,1,0
67756,2020-07-11 23:01:22,67754.0,170586684.0,0.0,286,0,,0,0,0,1,0
67757,2020-07-11 23:01:24,67754.0,316793585.0,0.0,286,0,,0,0,0,1,0
67758,2020-07-11 23:01:54,67755.0,170586684.0,0.0,286,0,,0,0,0,1,0
67759,2020-07-11 23:01:55,67755.0,316793585.0,0.0,286,0,,0,0,0,1,0
67760,2020-07-11 23:02:11,,537892898.0,0.0,286,0,,0,0,0,1,0
67761,2020-07-11 23:03:51,,170586684.0,0.0,286,0,,0,0,0,1,0
67762,2020-07-11 23:04:09,67755.0,405570765.0,0.0,286,0,,0,0,0,1,0
67763,2020-07-11 23:04:24,67753.0,316793585.0,0.0,287,1,,0,0,0,0,0
67764,2020-07-11 23:05:16,67763.0,170586684.0,0.0,287,0,,0,0,0,0,0
67765,2020-07-11 23:05:41,67764.0,316793585.0,0.0,287,0,,0,0,0,0,0
67766,2020-07-11 23:07:00,,537892898.0,0.0,286,0,,0,0,0,1,0
67769,2020-07-11 23:11:08,67762.0,272021796.0,0.0,286,0,,0,0,0,0,0
67770,2020-07-11 23:11:12,67755.0,170586684.0,0.0,286,0,,0,0,1,1,0
67771,2020-07-11 23:11:17,67767.0,537892898.0,0.0,286,0,,0,0,0,1,0
67772,2020-07-11 23:11:43,67770.0,272021796.0,0.0,286,1,,0,0,0,1,0
67773,2020-07-11 23:12:05,67772.0,170586684.0,0.0,286,0,,0,0,0,1,0
67774,2020-07-11 23:12:32,67769.0,405570765.0,0.0,286,0,,0,0,0,1,0
67775,2020-07-11 23:12:32,67769.0,537892898.0,0.0,286,0,,0,0,0,1,0
67776,2020-07-11 23:12:48,67769.0,316793585.0,0.0,286,0,,0,0,0,1,0
67777,2020-07-11 23:13:22,67769.0,405570765.0,0.0,286,0,,0,0,0,1,0
67778,2020-07-11 23:13:23,67774.0,272021796.0,0.0,286,0,,0,0,0,1,0
67780,2020-07-11 23:14:17,67777.0,537892898.0,0.0,286,0,,0,0,0,1,0
67781,2020-07-11 23:14:29,67778.0,405570765.0,0.0,286,0,,0,0,0,1,0
67783,2020-07-11 23:14:56,67779.0,170586684.0,0.0,286,0,,0,0,0,1,0
67784,2020-07-11 23:15:00,67777.0,272021796.0,0.0,286,0,,0,0,0,1,0
67785,2020-07-11 23:15:05,67779.0,537892898.0,0.0,286,0,,0,0,0,1,0
67787,2020-07-11 23:16:02,67786.0,537892898.0,0.0,286,0,,0,0,0,1,0
67789,2020-07-11 23:17:06,,272021796.0,0.0,286,0,,0,0,0,1,0
67790,2020-07-11 23:17:16,67788.0,537892898.0,0.0,286,0,,0,0,0,1,0
67791,2020-07-11 23:17:33,67789.0,1007929428.0,0.0,286,0,,0,0,0,1,0
67792,2020-07-11 23:17:56,67790.0,170586684.0,0.0,286,0,,0,0,0,1,0
67793,2020-07-11 23:18:07,,1007929428.0,0.0,286,0,,0,0,0,1,0
67795,2020-07-11 23:18:37,67792.0,537892898.0,0.0,286,0,,0,0,0,1,0
67797,2020-07-11 23:19:21,67796.0,537892898.0,0.0,286,0,,0,0,0,1,0
67798,2020-07-11 23:19:23,,1007929428.0,0.0,286,0,,0,0,0,1,0
67800,2020-07-11 23:21:00,67799.0,537892898.0,0.0,286,0,,0,0,0,1,0
67801,2020-07-11 23:21:44,,1007929428.0,0.0,286,0,,0,0,0,1,0
67803,2020-07-11 23:22:31,67802.0,1007929428.0,0.0,286,0,,0,0,0,1,0
67805,2020-07-11 23:24:25,67804.0,1007929428.0,0.0,286,0,,0,0,0,1,0
67806,2020-07-11 23:25:23,67805.0,170586684.0,0.0,286,0,,0,0,0,1,0
67807,2020-07-11 23:26:29,,170586684.0,0.0,286,0,,0,0,0,1,0
67809,2020-07-11 23:27:54,67808.0,1007929428.0,0.0,286,0,,0,0,0,1,0
67811,2020-07-11 23:28:38,,1007929428.0,0.0,286,0,,0,0,0,1,0
67814,2020-07-11 23:30:02,,1007929428.0,0.0,286,0,,0,0,0,1,0
67816,2020-07-11 23:30:36,67801.0,537892898.0,0.0,286,0,,0,0,0,1,0
67817,2020-07-11 23:31:06,67810.0,170586684.0,0.0,286,0,,0,0,0,1,0
67824,2020-07-11 23:35:46,67823.0,170586684.0,0.0,286,0,,0,0,0,1,0
67825,2020-07-11 23:36:16,67824.0,1007929428.0,0.0,286,0,,0,0,0,1,0
67827,2020-07-11 23:38:09,67822.0,1007929428.0,0.0,286,0,,0,0,0,1,0
67828,2020-07-11 23:38:37,67826.0,537892898.0,0.0,288,0,,0,0,0,1,0
67830,2020-07-11 23:39:27,,537892898.0,0.0,288,0,,0,0,0,1,0
67831,2020-07-11 23:40:24,67830.0,1007929428.0,0.0,288,0,,0,0,0,1,0
67833,2020-07-11 23:42:01,67832.0,170586684.0,0.0,289,0,,0,0,0,1,0
67834,2020-07-11 23:42:07,67832.0,537892898.0,0.0,290,0,,0,0,0,1,0
67837,2020-07-11 23:43:17,,170586684.0,0.0,289,0,,0,0,0,1,0
67839,2020-07-11 23:45:40,67838.0,170586684.0,0.0,289,0,,0,0,0,1,0
67841,2020-07-11 23:47:07,67840.0,170586684.0,0.0,289,0,,0,0,0,1,0
67846,2020-07-12 0:25:17,67830.0,811752082.0,0.0,288,0,,0,0,0,1,0
67850,2020-07-12 1:53:47,,1007929428.0,0.0,291,0,,0,0,0,0,0
67851,2020-07-12 2:13:52,,1007929428.0,0.0,291,1,,0,0,0,0,0
67852,2020-07-12 4:05:27,,1007929428.0,1.0,292,0,,0,0,0,1,1
67853,2020-07-12 4:08:54,,1007929428.0,0.0,292,0,,0,0,0,1,0
67854,2020-07-12 4:16:44,,1007929428.0,0.0,292,0,,0,0,0,1,0
67859,2020-07-12 6:39:48,,247115316.0,1.0,293,0,,0,0,0,1,1
67861,2020-07-12 7:09:35,,1007929428.0,1.0,294,0,,0,0,0,1,1
67862,2020-07-12 7:10:25,,247115316.0,1.0,295,0,,0,0,0,1,1
67863,2020-07-12 7:10:42,,1007929428.0,0.0,294,0,,0,0,0,1,0
67864,2020-07-12 7:14:29,,423914680.0,0.0,294,0,,0,0,0,1,0
67865,2020-07-12 7:14:40,,1007929428.0,0.0,294,0,,0,0,1,1,0
67866,2020-07-12 7:15:31,67864.0,1007929428.0,0.0,294,0,,0,0,0,1,0
67867,2020-07-12 7:16:40,67866.0,423914680.0,0.0,294,0,,0,0,0,1,0
67869,2020-07-12 7:21:43,67867.0,1007929428.0,0.0,294,0,,0,0,0,1,0
67870,2020-07-12 7:22:27,,1007929428.0,0.0,294,0,,0,0,0,1,0
67871,2020-07-12 7:23:14,67869.0,423914680.0,0.0,294,0,,0,0,0,1,0
67872,2020-07-12 7:23:50,67871.0,1007929428.0,0.0,294,0,,0,0,0,1,0
67873,2020-07-12 7:24:04,67867.0,375886550.0,0.0,294,0,,0,0,0,1,0
67874,2020-07-12 7:26:27,67872.0,423914680.0,0.0,294,0,,0,0,0,1,0
67875,2020-07-12 7:29:23,,1007929428.0,0.0,294,0,,0,0,0,1,0
67876,2020-07-12 7:31:38,67875.0,423914680.0,0.0,294,0,,0,0,0,1,0
67879,2020-07-12 7:47:07,,247115316.0,0.0,294,0,,0,0,0,1,0
67880,2020-07-12 7:51:18,,1007929428.0,0.0,294,0,,0,0,0,1,0
67881,2020-07-12 7:52:47,67880.0,167063475.0,0.0,294,0,,0,0,0,1,0
67882,2020-07-12 7:54:54,67881.0,1007929428.0,0.0,294,0,,0,0,0,1,0
67884,2020-07-12 8:22:52,67636.0,186954577.0,0.0,277,0,,0,0,0,1,0
67885,2020-07-12 8:50:23,67884.0,405570765.0,0.0,277,0,,0,0,1,0,0
67886,2020-07-12 8:50:49,67885.0,186954577.0,0.0,277,0,,0,0,0,0,0
67887,2020-07-12 8:52:26,67886.0,405570765.0,0.0,277,0,,0,0,0,0,0
67888,2020-07-12 8:52:43,67887.0,186954577.0,0.0,277,0,,0,0,0,0,0
67889,2020-07-12 8:54:15,67887.0,247115316.0,0.0,277,0,,0,0,0,1,0
67890,2020-07-12 8:55:58,,247115316.0,0.0,277,0,,0,0,0,1,0
67891,2020-07-12 8:59:03,67889.0,186954577.0,0.0,277,0,,0,0,0,1,0
67892,2020-07-12 8:59:13,,247115316.0,0.0,277,0,,0,0,0,1,0
67893,2020-07-12 8:59:37,67890.0,186954577.0,0.0,277,0,,0,0,0,1,0
67894,2020-07-12 9:04:39,67893.0,247115316.0,0.0,277,0,,0,0,0,1,0
67895,2020-07-12 9:04:54,67894.0,186954577.0,0.0,277,0,,0,0,0,1,0
67901,2020-07-12 9:30:54,67880.0,423914680.0,0.0,294,0,,0,0,0,1,0
67911,2020-07-12 9:35:24,,123120635.0,1.0,296,0,,0,0,0,0,0