id,date,reply_to_msg_id,from_id,is_root,dialog_number,is_answer,debatable_answer,not_solved,satisfaction,new_subtopic,flood,dialog_type,detailed_question
645918,2018-09-07 20:45:29,645915.0,160900344.0,0.0,0,0,,0,0,0,0,0,
645919,2018-09-07 20:45:53,645910.0,103808859.0,0.0,0,0,,0,0,0,0,0,
645920,2018-09-07 20:46:20,,103808859.0,0.0,0,0,,0,0,0,0,0,
645921,2018-09-07 20:47:47,645918.0,611317205.0,0.0,0,0,,0,0,0,0,0,
645922,2018-09-07 20:48:26,,43022119.0,0.0,0,0,,0,0,0,0,0,
645923,2018-09-07 20:48:29,645919.0,611317205.0,0.0,0,0,,0,0,0,0,0,
645924,2018-09-07 20:48:34,,43022119.0,0.0,0,0,,0,0,0,0,0,
645925,2018-09-07 20:48:46,645922.0,103808859.0,0.0,0,0,,0,0,0,0,0,
645926,2018-09-07 20:49:09,645923.0,103808859.0,0.0,0,0,,0,0,0,0,0,
645927,2018-09-07 20:49:35,645926.0,611317205.0,0.0,0,0,,0,0,0,0,0,
645928,2018-09-07 20:49:54,,103808859.0,0.0,0,0,,0,0,0,0,0,
645929,2018-09-07 20:49:59,,611317205.0,0.0,0,0,,0,0,0,0,0,
645930,2018-09-07 20:51:13,645929.0,103808859.0,0.0,0,0,,0,0,0,0,0,
645931,2018-09-07 20:51:48,,103808859.0,0.0,0,0,,0,0,0,0,0,
645932,2018-09-07 20:52:22,,611317205.0,0.0,0,0,,0,0,0,0,0,
645933,2018-09-07 20:52:47,,611317205.0,0.0,0,0,,0,0,0,0,0,
645936,2018-09-07 21:03:22,,58766542.0,1.0,1,0,,0,0,0,1,0,1
645937,2018-09-07 21:04:23,,58766542.0,0.0,1,0,,0,0,0,1,0,
645938,2018-09-07 21:05:40,645936.0,107810369.0,0.0,1,1,,0,0,0,1,0,
645939,2018-09-07 21:06:59,645936.0,461379309.0,0.0,1,1,,0,0,0,1,0,
645940,2018-09-07 21:07:15,645939.0,58766542.0,0.0,1,0,,0,1,0,1,0,
645941,2018-09-07 21:07:29,645940.0,461379309.0,0.0,1,0,,0,0,0,1,0,
645942,2018-09-07 21:28:44,,267773819.0,1.0,2,0,,0,0,0,0,0,1
645943,2018-09-07 21:29:41,,267773819.0,0.0,2,0,,0,0,0,0,0,
645944,2018-09-07 21:30:27,,267773819.0,0.0,2,0,,0,0,0,0,0,
645945,2018-09-07 21:33:17,,182315381.0,0.0,2,1,,0,0,0,0,0,
645946,2018-09-07 21:34:08,,182315381.0,0.0,2,1,,0,0,0,0,0,
645947,2018-09-07 21:34:20,,182315381.0,0.0,2,1,,0,0,0,0,0,
645948,2018-09-07 21:35:07,,267773819.0,0.0,2,0,,0,0,0,0,0,
645949,2018-09-07 21:35:25,,182315381.0,0.0,2,0,,0,0,0,0,0,
645950,2018-09-07 21:35:37,,182315381.0,0.0,2,0,,0,0,0,0,0,
645951,2018-09-07 21:41:11,,523062282.0,0.0,2,0,,0,0,0,0,0,
645952,2018-09-07 21:41:40,,182315381.0,0.0,2,0,,0,0,0,0,0,
645953,2018-09-07 21:41:53,,182315381.0,0.0,2,0,,0,0,0,0,0,
645954,2018-09-07 21:42:34,,182315381.0,0.0,2,0,,0,0,0,0,0,
645955,2018-09-07 21:43:09,,182315381.0,0.0,2,0,,0,0,0,0,0,
645956,2018-09-07 21:44:20,,182315381.0,0.0,2,0,,0,0,0,0,0,
645957,2018-09-07 21:44:58,,182315381.0,0.0,2,0,,0,0,0,0,0,
645958,2018-09-07 21:45:07,,182315381.0,0.0,2,0,,0,0,0,0,0,
645959,2018-09-07 21:45:21,,267773819.0,0.0,2,0,,0,0,0,0,0,
645960,2018-09-07 21:45:49,,182315381.0,0.0,2,0,,0,0,0,0,0,
645961,2018-09-07 21:46:10,,182315381.0,0.0,2,0,,0,0,0,0,0,
645962,2018-09-07 21:46:55,,182315381.0,0.0,2,0,,0,0,0,0,0,
645963,2018-09-07 21:46:59,,182315381.0,0.0,2,0,,0,0,0,0,0,
645965,2018-09-07 23:06:06,,88291948.0,1.0,3,0,,0,0,0,0,0,0
645966,2018-09-07 23:06:24,,88291948.0,0.0,3,0,,0,0,0,0,0,
645967,2018-09-07 23:06:58,,88291948.0,0.0,3,0,,0,0,0,0,0,
645968,2018-09-07 23:19:51,,288974274.0,0.0,3,0,,0,0,0,0,0,
645970,2018-09-08 0:20:35,645965.0,352346680.0,0.0,3,1,,0,0,0,0,0,
645971,2018-09-08 0:27:53,,88291948.0,0.0,3,0,,0,0,0,0,0,
645972,2018-09-08 0:32:01,645971.0,123823070.0,0.0,3,1,,0,0,0,0,0,
645973,2018-09-08 0:33:19,645970.0,123823070.0,0.0,3,0,,0,0,0,1,0,
645974,2018-09-08 0:33:47,645973.0,352346680.0,0.0,3,0,,0,0,0,1,0,
645975,2018-09-08 0:33:53,,123823070.0,0.0,3,0,,0,0,0,1,0,
645976,2018-09-08 0:34:11,,352346680.0,0.0,3,0,,0,0,0,1,0,
645977,2018-09-08 0:34:26,645974.0,123823070.0,0.0,3,0,,0,0,0,1,0,
645978,2018-09-08 0:35:06,645977.0,352346680.0,0.0,3,0,,0,0,0,1,0,
645979,2018-09-08 0:35:40,645978.0,123823070.0,0.0,3,0,,0,0,0,1,0,
645980,2018-09-08 4:31:08,,415034470.0,1.0,4,0,,0,0,0,0,0,0
645981,2018-09-08 4:32:54,,415034470.0,0.0,4,0,,0,0,0,0,0,
645982,2018-09-08 4:46:57,,180829827.0,1.0,5,0,,0,0,0,0,0,0
645983,2018-09-08 4:57:15,645982.0,149264095.0,0.0,5,1,,0,0,0,0,0,
645984,2018-09-08 4:57:34,,180829827.0,0.0,5,0,,0,1,0,0,0,
645992,2018-09-08 7:41:03,,592906405.0,1.0,6,0,,0,0,0,1,1,0
645995,2018-09-08 8:01:21,,180829827.0,1.0,7,0,,0,0,0,0,0,1
645996,2018-09-08 8:02:22,,43022119.0,0.0,7,0,,0,0,0,0,0,
645997,2018-09-08 8:03:40,645995.0,44072265.0,0.0,7,1,,0,0,0,0,0,
645998,2018-09-08 8:04:19,,180829827.0,0.0,7,0,,0,0,0,0,0,
645999,2018-09-08 8:05:27,645998.0,44072265.0,0.0,7,1,,0,0,0,0,0,
646000,2018-09-08 8:05:37,,180829827.0,0.0,7,0,,0,1,0,0,0,
646001,2018-09-08 8:05:58,,44072265.0,0.0,7,1,,0,0,0,0,0,
646002,2018-09-08 8:06:21,,44072265.0,0.0,7,1,,0,0,0,0,0,
646005,2018-09-08 8:41:01,,292126439.0,1.0,8,0,,0,0,0,0,0,0
646013,2018-09-08 9:23:48,,43022119.0,1.0,9,0,,0,0,0,1,1,1
646023,2018-09-08 9:26:39,646013.0,352346680.0,0.0,9,0,,0,0,0,1,0,
646026,2018-09-08 9:30:04,,200919570.0,0.0,10,0,,0,0,0,1,0,
646027,2018-09-08 9:30:16,,362089194.0,0.0,10,0,,0,0,0,1,0,
646029,2018-09-08 9:34:20,646026.0,44072265.0,0.0,10,0,,0,0,0,1,0,
646030,2018-09-08 9:35:55,,200919570.0,0.0,10,0,,0,0,0,1,0,
646035,2018-09-08 10:01:06,,538583520.0,0.0,10,0,,0,0,0,1,0,
646037,2018-09-08 11:14:09,,205800463.0,1.0,11,0,,0,0,0,0,0,0
646038,2018-09-08 11:15:52,,205800463.0,0.0,11,0,,0,0,0,0,0,
646040,2018-09-08 11:28:05,,157234202.0,1.0,12,0,,0,0,0,0,0,0
646041,2018-09-08 11:31:25,,267519921.0,0.0,12,1,,0,0,0,0,0,
646042,2018-09-08 12:09:00,,157234202.0,0.0,12,0,,0,1,0,0,0,
646044,2018-09-08 12:09:50,,267519921.0,0.0,12,0,,0,0,0,0,0,
646045,2018-09-08 12:09:54,,62076869.0,0.0,12,1,,0,0,0,0,0,
646046,2018-09-08 12:10:32,,267519921.0,0.0,12,0,,0,0,0,0,0,
646047,2018-09-08 12:10:43,,267519921.0,0.0,12,0,,0,0,0,0,0,
646048,2018-09-08 12:12:42,646040.0,523062282.0,0.0,12,0,,0,0,0,0,0,
646049,2018-09-08 12:15:34,,373649910.0,1.0,13,0,,0,0,0,0,0,0
646050,2018-09-08 12:15:46,,373649910.0,0.0,13,0,,0,0,0,0,0,
646051,2018-09-08 12:16:26,646049.0,160900344.0,0.0,13,0,,0,0,0,0,0,
646052,2018-09-08 12:16:44,,373649910.0,0.0,13,0,,0,0,0,0,0,
646053,2018-09-08 12:16:58,,373649910.0,0.0,13,0,,0,0,0,0,0,
646054,2018-09-08 12:17:22,,160900344.0,0.0,13,0,,0,0,0,0,0,
646056,2018-09-08 12:19:47,,37229645.0,1.0,14,0,,0,0,0,0,0,0
646057,2018-09-08 12:19:58,,373649910.0,0.0,13,0,,0,0,0,0,0,
646058,2018-09-08 12:20:34,646049.0,162744295.0,0.0,13,0,,0,0,0,0,0,
646059,2018-09-08 12:20:48,646057.0,160900344.0,0.0,13,0,,0,0,0,0,0,
646060,2018-09-08 12:21:04,,373649910.0,0.0,13,0,,0,0,0,0,0,
646061,2018-09-08 12:21:20,646059.0,162744295.0,0.0,13,0,,0,0,0,0,0,
646062,2018-09-08 12:21:40,646060.0,162744295.0,0.0,13,0,,0,0,0,0,0,
646063,2018-09-08 12:22:03,646049.0,373649910.0,0.0,13,0,,0,0,0,0,0,
646064,2018-09-08 12:22:15,,162744295.0,0.0,13,0,,0,0,0,0,0,
646065,2018-09-08 12:22:17,646060.0,160900344.0,0.0,13,0,,0,0,0,0,0,
646066,2018-09-08 12:22:33,,373649910.0,0.0,13,0,,0,0,0,0,0,
646067,2018-09-08 12:22:48,,373649910.0,0.0,13,0,,0,0,0,0,0,
646068,2018-09-08 12:22:48,,373649910.0,0.0,13,0,,0,0,0,0,0,
646069,2018-09-08 12:22:55,,162744295.0,0.0,13,0,,0,0,0,0,0,
646070,2018-09-08 12:23:01,,160900344.0,0.0,13,0,,0,0,0,0,0,
646071,2018-09-08 12:23:18,,162744295.0,0.0,13,0,,0,0,0,0,0,
646072,2018-09-08 12:23:45,,373649910.0,0.0,13,0,,0,0,0,1,0,
646073,2018-09-08 12:23:54,,373649910.0,0.0,13,0,,0,0,0,1,0,
646074,2018-09-08 12:23:58,,162744295.0,0.0,13,0,,0,0,0,1,0,
646075,2018-09-08 12:24:32,646073.0,162744295.0,0.0,13,0,,0,0,0,1,0,
646076,2018-09-08 12:24:33,,162744295.0,0.0,13,0,,0,0,0,1,0,
646078,2018-09-08 12:29:38,,352346680.0,0.0,13,0,,0,0,0,1,0,
646079,2018-09-08 12:29:56,,43543351.0,0.0,13,0,,0,0,0,1,0,
646080,2018-09-08 12:30:06,646079.0,162744295.0,0.0,13,0,,0,0,0,1,0,
646081,2018-09-08 12:30:28,,96378817.0,1.0,15,0,,0,0,0,0,0,0
646082,2018-09-08 12:31:19,,37229645.0,0.0,14,0,,0,0,0,0,0,
646083,2018-09-08 12:31:23,,162744295.0,0.0,15,1,,0,0,0,0,0,
646084,2018-09-08 12:31:31,,162744295.0,0.0,15,1,,0,0,0,0,0,
646085,2018-09-08 12:31:59,646083.0,96378817.0,0.0,15,0,,0,0,0,0,0,
646086,2018-09-08 12:32:05,,162744295.0,0.0,15,0,,0,0,0,0,0,
646087,2018-09-08 12:32:59,,96378817.0,0.0,15,0,,0,0,0,0,0,
646088,2018-09-08 12:40:20,646041.0,43022119.0,0.0,12,1,,0,0,0,0,0,
646089,2018-09-08 12:40:53,646081.0,43022119.0,0.0,15,1,,0,0,0,0,0,
646090,2018-09-08 12:41:23,,96378817.0,0.0,15,0,,0,0,0,0,0,
646091,2018-09-08 12:41:27,,96378817.0,0.0,15,0,,0,0,0,0,0,
646092,2018-09-08 12:42:09,646091.0,43022119.0,0.0,15,0,,0,0,0,0,0,
646093,2018-09-08 12:42:16,,96378817.0,0.0,15,0,,0,0,0,0,0,
646094,2018-09-08 12:42:41,646093.0,43022119.0,0.0,15,0,,0,0,0,0,0,
646095,2018-09-08 12:43:00,,278317432.0,1.0,16,0,,0,0,0,0,0,0
646096,2018-09-08 12:43:19,646092.0,96378817.0,0.0,15,0,,0,0,0,0,0,
646097,2018-09-08 12:43:48,,96378817.0,0.0,15,0,,0,0,0,0,0,
646098,2018-09-08 12:46:26,,43022119.0,0.0,15,0,,0,0,0,0,0,
646099,2018-09-08 12:46:55,,43022119.0,0.0,15,0,,0,0,0,0,0,
646100,2018-09-08 12:47:28,,43022119.0,0.0,15,0,,0,0,0,0,0,
646101,2018-09-08 12:51:03,,180829827.0,1.0,17,0,,0,0,0,0,0,1
646102,2018-09-08 12:53:30,,292126439.0,1.0,18,0,,0,0,0,0,0,0
646103,2018-09-08 12:53:33,,292126439.0,0.0,18,0,,0,0,0,0,0,
646104,2018-09-08 12:53:59,,458437923.0,0.0,18,0,,0,0,0,0,0,
646105,2018-09-08 12:54:24,,292126439.0,0.0,18,0,,0,0,0,0,0,
646106,2018-09-08 12:56:55,646102.0,523062282.0,0.0,18,1,,0,0,0,0,0,
646107,2018-09-08 13:01:03,646106.0,292126439.0,0.0,18,0,,0,0,0,0,0,
646109,2018-09-08 13:04:10,646107.0,523062282.0,0.0,18,0,,0,0,0,0,0,
646110,2018-09-08 13:07:45,646101.0,523062282.0,0.0,17,1,,0,0,0,0,0,
646111,2018-09-08 13:17:21,646109.0,292126439.0,0.0,18,0,,0,0,0,0,0,
646112,2018-09-08 13:18:03,,415034470.0,0.0,18,0,,0,0,0,0,0,
646113,2018-09-08 13:20:50,646111.0,523062282.0,0.0,18,1,,0,0,0,0,0,
646114,2018-09-08 13:37:45,,232673077.0,1.0,19,0,,0,0,0,0,0,0
646115,2018-09-08 13:40:15,,75532053.0,0.0,19,1,,0,0,0,0,0,
646116,2018-09-08 13:40:54,,583672.0,0.0,19,0,,0,0,0,0,0,
646118,2018-09-08 13:42:03,646116.0,75532053.0,0.0,19,0,,0,0,0,0,0,
646119,2018-09-08 13:47:07,,75532053.0,0.0,19,1,,0,0,0,0,0,
646120,2018-09-08 13:48:39,,160900344.0,0.0,19,0,,0,0,0,1,0,
646121,2018-09-08 13:51:27,646120.0,200919570.0,0.0,19,0,,0,0,0,1,0,
646122,2018-09-08 13:52:15,,200919570.0,0.0,19,0,,0,0,0,1,0,
646123,2018-09-08 13:52:23,646121.0,160900344.0,0.0,19,0,,0,0,0,1,0,
646124,2018-09-08 13:53:14,646123.0,123823070.0,0.0,19,0,,0,0,0,1,0,
646125,2018-09-08 13:54:10,,200919570.0,0.0,19,0,,0,0,0,1,0,
646126,2018-09-08 13:54:28,646124.0,160900344.0,0.0,19,0,,0,0,0,1,0,
646127,2018-09-08 13:54:55,,200919570.0,0.0,19,0,,0,0,0,1,0,
646128,2018-09-08 13:55:12,646127.0,160900344.0,0.0,19,0,,0,0,0,1,0,
646129,2018-09-08 13:55:16,646126.0,123823070.0,0.0,19,0,,0,0,0,1,0,
646130,2018-09-08 13:56:07,646128.0,200919570.0,0.0,19,0,,0,0,0,1,0,
646131,2018-09-08 13:56:13,646127.0,160900344.0,0.0,19,0,,0,0,0,1,0,
646132,2018-09-08 13:57:00,,123823070.0,0.0,19,0,,0,0,0,1,0,
646133,2018-09-08 13:57:02,646131.0,200919570.0,0.0,19,0,,0,0,0,1,0,
646134,2018-09-08 13:57:18,,160900344.0,0.0,19,0,,0,0,0,1,0,
646135,2018-09-08 13:57:24,,43543351.0,0.0,19,0,,0,0,0,1,0,
646136,2018-09-08 13:57:36,,43543351.0,0.0,19,0,,0,0,0,1,0,
646137,2018-09-08 13:57:40,,43543351.0,0.0,19,0,,0,0,0,1,0,
646138,2018-09-08 13:58:03,646136.0,200919570.0,0.0,19,0,,0,0,0,1,0,
646139,2018-09-08 13:58:22,646135.0,123823070.0,0.0,19,0,,0,0,0,1,0,
646140,2018-09-08 13:58:33,,75532053.0,0.0,19,0,,0,0,0,1,0,
646141,2018-09-08 13:58:53,,43543351.0,0.0,19,0,,0,0,0,1,0,
646142,2018-09-08 13:59:00,646140.0,200919570.0,0.0,19,0,,0,0,0,1,0,
646143,2018-09-08 13:59:31,646140.0,123823070.0,0.0,19,0,,0,0,0,1,0,
646144,2018-09-08 13:59:49,,75532053.0,0.0,19,1,,0,0,0,0,0,
646145,2018-09-08 13:59:59,646143.0,200919570.0,0.0,19,0,,0,0,0,0,0,
646146,2018-09-08 14:00:01,,43543351.0,0.0,19,0,,0,0,0,0,0,
646147,2018-09-08 14:00:06,646143.0,313340621.0,0.0,19,0,,0,0,0,0,0,
646148,2018-09-08 14:00:09,,43543351.0,0.0,19,0,,0,0,0,0,0,
646149,2018-09-08 14:00:20,,75532053.0,0.0,19,0,,0,0,0,0,0,
646150,2018-09-08 14:00:32,646147.0,123823070.0,0.0,19,0,,0,0,0,1,0,
646151,2018-09-08 14:00:49,,200919570.0,0.0,19,0,,0,0,0,1,0,
646152,2018-09-08 14:00:52,,43543351.0,0.0,19,0,,0,0,0,1,0,
646153,2018-09-08 14:01:10,,43543351.0,0.0,19,0,,0,0,0,1,0,
646154,2018-09-08 14:02:44,,313340621.0,0.0,19,0,,0,0,0,0,0,
646155,2018-09-08 14:02:53,,123823070.0,0.0,19,0,,0,0,0,0,0,
646156,2018-09-08 14:02:56,,313340621.0,0.0,19,0,,0,0,0,1,0,
646157,2018-09-08 14:03:15,,123823070.0,0.0,19,0,,0,0,0,1,0,
646158,2018-09-08 14:03:23,,43543351.0,0.0,19,0,,0,0,0,0,0,
646159,2018-09-08 14:03:46,,43543351.0,0.0,19,0,,0,0,0,0,0,
646160,2018-09-08 14:04:06,,200919570.0,0.0,19,0,,0,0,0,0,0,
646161,2018-09-08 14:04:48,646159.0,123823070.0,0.0,19,0,,0,0,0,0,0,
646162,2018-09-08 14:05:12,,200919570.0,0.0,19,0,,0,0,0,0,0,
646163,2018-09-08 14:05:58,,313340621.0,0.0,19,0,,0,0,0,1,0,
646164,2018-09-08 14:06:35,,200919570.0,0.0,19,0,,0,0,0,1,0,
646165,2018-09-08 14:06:40,646163.0,123823070.0,0.0,19,0,,0,0,0,1,0,
646167,2018-09-08 14:07:03,,200919570.0,0.0,19,0,,0,0,0,1,0,
646168,2018-09-08 14:07:50,646167.0,123823070.0,0.0,19,0,,0,0,0,1,0,
646169,2018-09-08 14:08:01,,200919570.0,0.0,19,0,,0,0,0,1,0,
646170,2018-09-08 14:08:32,646168.0,200919570.0,0.0,19,0,,0,0,0,1,0,
646171,2018-09-08 14:09:25,646165.0,313340621.0,0.0,19,0,,0,0,0,1,0,
646172,2018-09-08 14:10:00,,43543351.0,0.0,19,0,,0,0,0,1,0,
646174,2018-09-08 14:11:01,,200919570.0,0.0,19,0,,0,0,0,1,0,
646176,2018-09-08 14:11:30,,123823070.0,0.0,19,0,,0,0,0,1,0,
646177,2018-09-08 14:11:34,,200919570.0,0.0,19,0,,0,0,0,1,0,
646179,2018-09-08 14:13:47,646178.0,123823070.0,0.0,20,0,,0,0,0,1,0,
646181,2018-09-08 14:14:41,646180.0,123823070.0,0.0,21,0,,0,0,0,1,0,
646183,2018-09-08 14:15:12,646178.0,523062282.0,0.0,20,0,,0,0,0,0,0,
646186,2018-09-08 14:17:41,,523062282.0,0.0,22,0,,0,0,0,1,0,
646188,2018-09-08 14:20:59,646187.0,123823070.0,0.0,22,0,,0,0,0,1,0,
646190,2018-09-08 14:22:46,,523062282.0,0.0,22,0,,0,0,0,0,0,
646193,2018-09-08 14:23:10,646187.0,135828764.0,0.0,22,0,,0,0,0,1,0,
646195,2018-09-08 14:23:58,646190.0,123823070.0,0.0,22,0,,0,0,0,1,0,
646197,2018-09-08 14:24:34,646196.0,123823070.0,0.0,22,0,,0,0,0,1,0,
646198,2018-09-08 14:24:55,,43543351.0,0.0,22,0,,0,0,0,1,0,
646200,2018-09-08 14:25:31,646198.0,123823070.0,0.0,22,0,,0,0,0,1,0,
646201,2018-09-08 14:25:38,646184.0,313340621.0,0.0,22,0,,0,0,0,1,0,
646202,2018-09-08 14:26:13,646201.0,123823070.0,0.0,22,0,,0,0,0,1,0,
646203,2018-09-08 14:26:21,,43543351.0,0.0,22,0,,0,0,0,1,0,
646204,2018-09-08 14:26:45,646202.0,313340621.0,0.0,22,0,,0,0,0,1,0,
646207,2018-09-08 14:29:42,646206.0,123823070.0,0.0,22,0,,0,0,0,1,0,
646208,2018-09-08 14:30:08,646205.0,313340621.0,0.0,22,0,,0,0,0,1,0,
646209,2018-09-08 14:30:17,646199.0,135828764.0,0.0,22,0,,0,0,0,1,0,
646212,2018-09-08 14:31:07,646209.0,523062282.0,0.0,22,0,,0,0,0,1,0,
646213,2018-09-08 14:31:11,,43543351.0,0.0,22,0,,0,0,0,0,0,
646215,2018-09-08 14:33:32,,135828764.0,0.0,22,0,,0,0,0,1,0,
646217,2018-09-08 14:34:35,646216.0,123823070.0,0.0,22,0,,0,0,0,1,0,
646218,2018-09-08 14:35:03,646216.0,54115672.0,0.0,22,0,,0,0,0,1,0,
646220,2018-09-08 14:35:26,,43543351.0,0.0,22,0,,0,0,0,1,0,
646221,2018-09-08 14:35:28,646218.0,135828764.0,0.0,22,0,,0,0,0,1,0,
646222,2018-09-08 14:35:30,,135828764.0,0.0,22,0,,0,0,0,1,0,
646223,2018-09-08 14:35:35,646218.0,123823070.0,0.0,22,0,,0,0,0,1,0,
646225,2018-09-08 14:35:41,646218.0,43543351.0,0.0,22,0,,0,0,0,1,0,
646226,2018-09-08 14:35:53,,54115672.0,0.0,22,0,,0,0,0,1,0,
646227,2018-09-08 14:35:54,,43543351.0,0.0,22,0,,0,0,0,1,0,
646229,2018-09-08 14:36:01,,54115672.0,0.0,22,0,,0,0,0,1,0,
646230,2018-09-08 14:36:13,646220.0,123823070.0,0.0,22,0,,0,0,0,1,0,
646232,2018-09-08 14:36:31,646225.0,54115672.0,0.0,22,0,,0,0,0,1,0,
646233,2018-09-08 14:36:43,,54115672.0,0.0,22,0,,0,0,0,1,0,
646234,2018-09-08 14:37:15,,123823070.0,0.0,22,0,,0,0,0,1,0,
646236,2018-09-08 14:38:00,,54115672.0,0.0,22,0,,0,0,0,1,0,
646237,2018-09-08 14:38:17,646230.0,43543351.0,0.0,22,0,,0,0,0,0,0,
646239,2018-09-08 14:39:25,646237.0,123823070.0,0.0,22,0,,0,0,0,0,0,
646241,2018-09-08 14:40:44,,436038497.0,1.0,23,0,,0,0,0,0,0,1
646242,2018-09-08 14:40:45,,43543351.0,0.0,23,0,,0,0,0,0,0,
646243,2018-09-08 14:42:08,646241.0,123823070.0,0.0,23,1,,0,0,0,0,0,
646244,2018-09-08 14:42:09,646241.0,135828764.0,0.0,23,1,,0,0,0,0,0,
646246,2018-09-08 14:42:46,646245.0,135828764.0,0.0,23,0,,0,0,0,0,0,
646247,2018-09-08 14:43:14,646244.0,436038497.0,0.0,23,0,,0,0,0,0,0,
646248,2018-09-08 14:43:41,646244.0,123823070.0,0.0,23,0,,0,0,0,0,0,
646249,2018-09-08 14:44:15,646247.0,123823070.0,0.0,23,0,,0,0,0,0,0,
646250,2018-09-08 14:44:19,,292126439.0,1.0,24,0,,0,0,0,0,0,0
646251,2018-09-08 14:44:29,,436038497.0,0.0,24,0,,0,0,0,0,0,
646252,2018-09-08 14:45:28,646251.0,123823070.0,0.0,24,0,,0,0,0,0,0,
646253,2018-09-08 14:46:01,646250.0,123823070.0,0.0,24,0,,0,0,0,0,0,
646255,2018-09-08 14:46:40,,135828764.0,0.0,23,1,,0,0,0,0,0,
646256,2018-09-08 14:47:06,646255.0,436038497.0,0.0,23,0,,0,1,0,0,0,
646257,2018-09-08 14:47:13,646255.0,123823070.0,0.0,23,0,,0,0,0,1,0,
646258,2018-09-08 14:47:21,,135828764.0,0.0,23,0,,0,0,0,1,0,
646259,2018-09-08 14:48:21,646257.0,436038497.0,0.0,23,0,,0,0,0,1,0,
646260,2018-09-08 14:48:22,646258.0,123823070.0,0.0,23,0,,0,0,0,1,0,
646261,2018-09-08 14:48:57,,135828764.0,0.0,23,0,,0,0,0,1,0,
646262,2018-09-08 14:49:05,646259.0,123823070.0,0.0,23,0,,0,0,0,1,0,
646264,2018-09-08 14:49:56,646262.0,436038497.0,0.0,23,0,,0,0,0,1,0,
646266,2018-09-08 14:50:54,646264.0,123823070.0,0.0,23,0,,0,0,0,1,0,
646267,2018-09-08 14:51:22,646264.0,135828764.0,0.0,23,0,,0,0,0,1,0,
646268,2018-09-08 14:52:03,646267.0,123823070.0,0.0,23,0,,0,0,0,1,0,
646269,2018-09-08 14:52:03,,135828764.0,0.0,23,0,,0,0,0,1,0,
646270,2018-09-08 14:52:12,,123823070.0,0.0,23,0,,0,0,0,1,0,
646271,2018-09-08 14:52:54,646268.0,135828764.0,0.0,23,0,,0,0,0,1,0,
646272,2018-09-08 14:52:59,,135828764.0,0.0,23,0,,0,0,0,1,0,
646273,2018-09-08 14:53:47,646271.0,123823070.0,0.0,23,0,,0,0,0,1,0,
646274,2018-09-08 14:54:01,,123823070.0,0.0,23,0,,0,0,0,1,0,
646275,2018-09-08 14:55:56,,135828764.0,0.0,23,0,,0,0,0,1,0,
646277,2018-09-08 15:11:32,646275.0,123823070.0,0.0,23,0,,0,0,0,1,0,
646278,2018-09-08 15:29:22,,135828764.0,0.0,23,0,,0,0,0,1,0,
646279,2018-09-08 15:33:54,646236.0,304148996.0,0.0,22,0,,0,0,0,1,0,
646280,2018-09-08 15:35:00,,495395508.0,1.0,25,0,,0,0,0,0,0,0
646281,2018-09-08 15:38:12,646280.0,136652097.0,0.0,25,1,,0,0,0,0,0,
646283,2018-09-08 15:40:35,646281.0,495395508.0,0.0,25,0,,0,0,0,0,0,
646284,2018-09-08 15:40:58,646283.0,136652097.0,0.0,25,0,,0,0,0,0,0,
646285,2018-09-08 15:42:27,,495395508.0,0.0,25,0,,0,0,0,0,0,
646286,2018-09-08 15:43:55,646285.0,136652097.0,0.0,25,1,,0,0,0,0,0,
646288,2018-09-08 15:46:28,646286.0,495395508.0,0.0,25,0,,0,0,0,0,0,
646289,2018-09-08 15:58:30,,373649910.0,1.0,26,0,,0,0,0,0,0,0
646290,2018-09-08 15:58:32,,373649910.0,0.0,26,0,,0,0,0,0,0,
646291,2018-09-08 15:59:14,,373649910.0,0.0,26,0,,0,0,0,0,0,
646292,2018-09-08 15:59:16,,255180006.0,1.0,27,0,,0,0,0,0,0,0
646293,2018-09-08 16:06:59,,43022119.0,0.0,27,1,,0,0,0,0,0,
646294,2018-09-08 16:07:31,,43022119.0,0.0,27,0,,0,0,0,0,0,
646295,2018-09-08 16:11:16,646294.0,255180006.0,0.0,27,0,,0,0,0,0,0,
646296,2018-09-08 16:13:18,646295.0,43022119.0,0.0,27,1,,0,0,0,0,0,
646297,2018-09-08 16:14:01,646295.0,43022119.0,0.0,27,1,,0,0,0,0,0,
646298,2018-09-08 16:16:13,,255180006.0,0.0,27,0,,0,0,0,0,0,
646299,2018-09-08 16:16:27,,255180006.0,0.0,27,0,,0,0,0,0,0,
646300,2018-09-08 16:16:42,,255180006.0,0.0,27,0,,0,0,0,0,0,
646301,2018-09-08 16:17:17,646298.0,43022119.0,0.0,27,0,,0,0,0,0,0,
646302,2018-09-08 16:19:10,,255180006.0,0.0,27,0,,0,1,0,0,0,
646307,2018-09-08 17:07:19,,195274214.0,1.0,28,0,,0,0,0,0,0,0
646308,2018-09-08 17:07:34,,43543351.0,0.0,28,1,,0,0,0,0,0,
646309,2018-09-08 17:08:24,,195274214.0,0.0,28,0,,0,1,0,0,0,
646310,2018-09-08 17:21:30,646308.0,300903692.0,0.0,28,0,,0,0,0,0,0,
646311,2018-09-08 17:21:43,646309.0,300903692.0,0.0,28,1,,0,0,0,0,0,
646312,2018-09-08 17:23:24,,43543351.0,0.0,28,0,,0,0,0,0,0,
646314,2018-09-08 17:33:31,,291089407.0,1.0,29,0,,0,0,0,0,0,0
646315,2018-09-08 17:33:56,,291089407.0,0.0,29,0,,0,0,0,0,0,
646316,2018-09-08 17:35:45,,43543351.0,0.0,29,1,,0,0,0,0,0,
646320,2018-09-08 17:40:58,,291089407.0,0.0,29,1,,0,0,0,0,0,
646321,2018-09-08 17:41:05,,291089407.0,0.0,29,0,,0,0,0,0,0,
646323,2018-09-08 17:41:09,,3595399.0,0.0,29,0,,0,0,0,0,0,
646327,2018-09-08 17:43:11,,291089407.0,0.0,29,0,,0,0,0,0,0,
646328,2018-09-08 17:43:19,,47490292.0,0.0,29,0,,0,0,0,0,0,
646330,2018-09-08 17:44:08,,232673077.0,1.0,30,0,,0,0,0,0,0,0
646331,2018-09-08 17:44:14,,232673077.0,0.0,30,0,,0,0,0,0,0,
646332,2018-09-08 18:06:41,646331.0,326166097.0,0.0,30,1,,0,0,0,0,0,
646333,2018-09-08 18:07:00,,307782020.0,1.0,31,0,,0,0,0,0,0,0
646334,2018-09-08 18:07:11,646333.0,300903692.0,0.0,31,0,,0,0,0,0,0,
646335,2018-09-08 18:07:34,646333.0,326166097.0,0.0,31,1,,0,0,0,1,0,
646337,2018-09-08 18:07:46,646335.0,300903692.0,0.0,31,1,,0,0,0,1,0,
646338,2018-09-08 18:07:47,646334.0,307782020.0,0.0,31,0,,0,0,0,0,0,
646339,2018-09-08 18:08:07,646337.0,326166097.0,0.0,31,0,,0,0,0,0,0,
646340,2018-09-08 18:08:23,646338.0,300903692.0,0.0,31,0,,0,0,0,0,0,
646341,2018-09-08 18:08:46,,300903692.0,0.0,31,0,,0,0,0,0,0,
646342,2018-09-08 18:08:51,646340.0,307782020.0,0.0,31,0,,0,0,0,0,0,
646343,2018-09-08 18:09:06,,54115672.0,0.0,31,1,,0,0,0,0,0,
646344,2018-09-08 18:09:09,646341.0,326166097.0,0.0,31,0,,0,0,0,0,0,
646345,2018-09-08 18:09:11,646343.0,300903692.0,0.0,31,0,,0,0,0,0,0,
646346,2018-09-08 18:09:50,,307782020.0,0.0,31,0,,0,0,0,0,0,
646347,2018-09-08 18:10:01,646346.0,300903692.0,0.0,31,1,,0,0,0,0,0,
646348,2018-09-08 18:10:23,,54115672.0,0.0,31,1,,0,0,0,0,0,
646349,2018-09-08 18:10:24,,54115672.0,0.0,31,1,,0,0,0,0,0,
646350,2018-09-08 18:10:33,,326166097.0,0.0,31,1,,0,0,0,0,0,
646351,2018-09-08 18:10:43,,307782020.0,0.0,31,0,,0,1,0,0,0,
646352,2018-09-08 18:10:59,,300903692.0,0.0,31,0,,0,0,0,0,0,
646353,2018-09-08 18:11:34,,326166097.0,0.0,31,1,,0,0,0,0,0,
646354,2018-09-08 18:13:12,,307782020.0,0.0,31,0,,0,1,0,0,0,
646355,2018-09-08 18:35:01,646338.0,107810369.0,0.0,31,1,,0,0,0,1,0,
646356,2018-09-08 18:35:39,646355.0,326166097.0,0.0,31,0,,0,0,0,1,0,
646357,2018-09-08 18:36:02,646356.0,107810369.0,0.0,31,0,,0,0,0,1,0,
646358,2018-09-08 18:36:28,,326166097.0,0.0,31,0,,0,0,0,1,0,
646359,2018-09-08 18:49:23,,692168069.0,1.0,32,0,,0,0,0,0,0,1
646360,2018-09-08 18:57:13,,43022119.0,0.0,32,1,,0,0,0,0,0,
646361,2018-09-08 18:57:20,646359.0,43022119.0,0.0,32,0,,0,0,0,0,0,
646362,2018-09-08 18:57:56,646360.0,692168069.0,0.0,32,0,,0,0,0,0,0,
646364,2018-09-08 18:58:53,646361.0,692168069.0,0.0,32,0,,0,0,0,0,0,
646365,2018-09-08 19:06:55,,107810369.0,0.0,32,1,,0,0,0,0,0,
646366,2018-09-08 19:22:24,646362.0,43022119.0,0.0,32,0,,0,0,0,0,0,
646367,2018-09-08 19:23:51,,260123709.0,1.0,33,0,,0,0,0,1,0,0
646368,2018-09-08 19:24:02,,260123709.0,0.0,33,0,,0,0,0,1,0,
646369,2018-09-08 19:27:57,,292126439.0,1.0,34,0,,0,0,0,0,0,0
646370,2018-09-08 19:29:12,646367.0,142533261.0,0.0,33,0,,0,0,0,1,0,
646372,2018-09-08 19:43:53,,623112.0,1.0,35,0,,0,0,0,0,0,0
646373,2018-09-08 19:46:04,,326166097.0,0.0,35,0,,0,0,0,1,0,
646374,2018-09-08 19:46:51,646373.0,623112.0,0.0,35,0,,0,0,0,1,0,
646375,2018-09-08 19:47:04,,623112.0,0.0,35,0,,0,0,0,0,0,
646376,2018-09-08 19:47:07,646374.0,326166097.0,0.0,35,0,,0,0,0,1,0,
646377,2018-09-08 19:47:19,646375.0,326166097.0,0.0,35,0,,0,0,0,1,0,
646378,2018-09-08 19:47:53,,623112.0,0.0,35,0,,0,0,0,1,0,
646379,2018-09-08 19:48:31,,326166097.0,0.0,35,0,,0,0,0,1,0,
646380,2018-09-08 19:48:33,646372.0,300903692.0,0.0,35,0,,0,0,0,1,0,
646381,2018-09-08 19:48:53,646379.0,300903692.0,0.0,35,0,,0,0,0,1,0,
646382,2018-09-08 19:48:58,646380.0,623112.0,0.0,35,0,,0,0,0,1,0,
646383,2018-09-08 19:49:04,646379.0,623112.0,0.0,35,0,,0,0,0,1,0,
646384,2018-09-08 19:49:07,646382.0,300903692.0,0.0,35,0,,0,0,0,0,0,
646385,2018-09-08 19:49:30,646366.0,107810369.0,0.0,32,0,,0,0,0,1,0,
646386,2018-09-08 19:49:37,,326166097.0,0.0,35,0,,0,0,0,1,0,
646387,2018-09-08 19:50:10,646386.0,300903692.0,0.0,35,0,,0,0,0,1,0,
646388,2018-09-08 19:50:26,646385.0,43022119.0,0.0,32,0,,0,0,0,1,0,
646389,2018-09-08 19:50:39,646388.0,107810369.0,0.0,32,0,,0,0,0,1,0,
646390,2018-09-08 19:51:23,646389.0,43022119.0,0.0,32,0,,0,0,0,0,0,
646391,2018-09-08 19:51:28,646387.0,326166097.0,0.0,35,0,,0,0,0,0,0,
646392,2018-09-08 19:51:54,646390.0,107810369.0,0.0,32,0,,0,0,0,1,0,
646393,2018-09-08 19:52:31,646391.0,300903692.0,0.0,35,0,,0,0,0,1,0,
646394,2018-09-08 19:52:52,,692168069.0,0.0,32,0,,0,0,0,0,0,
646395,2018-09-08 19:53:00,646393.0,326166097.0,0.0,35,0,,0,0,0,1,0,
646396,2018-09-08 19:53:16,,326166097.0,0.0,35,0,,0,0,0,1,0,
646397,2018-09-08 19:53:38,,692168069.0,0.0,35,0,,0,0,0,1,0,
646398,2018-09-08 19:53:43,646396.0,300903692.0,0.0,35,0,,0,0,0,1,0,
646399,2018-09-08 19:53:59,646398.0,326166097.0,0.0,35,0,,0,0,0,1,0,
646400,2018-09-08 19:54:13,,300903692.0,0.0,35,0,,0,0,0,1,0,
646401,2018-09-08 19:54:43,,54115672.0,0.0,35,0,,0,0,0,1,0,
646402,2018-09-08 19:54:47,,326166097.0,0.0,35,0,,0,0,0,1,0,
646403,2018-09-08 19:54:53,646400.0,346535788.0,0.0,35,0,,0,0,0,1,0,
646404,2018-09-08 19:55:09,646403.0,326166097.0,0.0,35,0,,0,0,0,1,0,
646405,2018-09-08 19:55:46,646403.0,300903692.0,0.0,35,0,,0,0,0,1,0,
646406,2018-09-08 19:57:00,,346535788.0,0.0,35,0,,0,0,0,1,0,
646407,2018-09-08 19:57:40,646405.0,326166097.0,0.0,35,0,,0,0,0,1,0,
646408,2018-09-08 19:59:45,646407.0,300903692.0,0.0,35,0,,0,0,0,1,0,
646409,2018-09-08 20:07:09,646408.0,326166097.0,0.0,35,0,,0,0,0,1,0,
646410,2018-09-08 20:18:47,646398.0,2240006.0,0.0,35,0,,0,0,0,1,0,
646411,2018-09-08 20:31:15,646392.0,43022119.0,0.0,32,0,,0,0,0,1,0,
646412,2018-09-08 20:31:49,646411.0,107810369.0,0.0,32,0,,0,0,0,1,0,
646415,2018-09-08 20:37:38,646412.0,43022119.0,0.0,32,0,,0,0,0,0,0,
646416,2018-09-08 20:38:10,646415.0,107810369.0,0.0,32,0,,0,0,0,0,0,
646417,2018-09-08 20:39:21,646416.0,43022119.0,0.0,32,0,,0,0,0,0,0,
646418,2018-09-08 20:46:34,,373649910.0,1.0,36,0,,0,0,0,0,0,0
646419,2018-09-08 20:47:34,646418.0,160900344.0,0.0,36,0,,0,0,0,1,0,
646420,2018-09-08 20:48:29,,373649910.0,0.0,36,0,,0,0,0,1,0,
646421,2018-09-08 20:51:44,646417.0,107810369.0,0.0,32,0,,0,0,0,0,0,
646427,2018-09-08 21:43:40,,448325881.0,1.0,37,0,,0,0,0,1,1,0
646428,2018-09-08 21:43:54,,448325881.0,0.0,37,0,,0,0,0,1,0,
646429,2018-09-08 21:43:59,,54115672.0,0.0,37,0,,0,0,0,1,0,
646430,2018-09-08 21:44:00,,54115672.0,0.0,37,0,,0,0,0,1,0,
646431,2018-09-08 21:44:15,,54115672.0,0.0,37,0,,0,0,0,1,0,
646433,2018-09-08 21:44:34,,448325881.0,0.0,37,0,,0,0,0,1,0,
646435,2018-09-08 21:45:35,,448325881.0,0.0,37,0,,0,0,0,1,0,
646436,2018-09-08 21:45:52,,448325881.0,0.0,37,0,,0,0,0,1,0,
646437,2018-09-08 21:46:11,,448325881.0,0.0,37,0,,0,0,0,1,0,
646439,2018-09-08 21:46:24,,448325881.0,0.0,37,0,,0,0,0,1,0,
646440,2018-09-08 21:46:40,646438.0,448325881.0,0.0,37,0,,0,0,0,1,0,
646443,2018-09-08 22:39:37,,326166097.0,0.0,37,0,,0,0,0,1,0,
646448,2018-09-08 23:20:12,,326166097.0,0.0,37,0,,0,0,0,1,0,
646450,2018-09-08 23:23:05,646447.0,54115672.0,0.0,38,0,,0,0,0,1,0,
646451,2018-09-08 23:24:57,646449.0,54115672.0,0.0,38,0,,0,0,0,1,0,
646455,2018-09-08 23:37:14,,54115672.0,0.0,38,0,,0,0,0,1,0,
646458,2018-09-08 23:38:19,,54115672.0,0.0,38,0,,0,0,0,1,0,
646463,2018-09-09 4:29:20,,292126439.0,1.0,39,0,,0,0,0,0,0,0
646464,2018-09-09 4:33:36,,345004669.0,0.0,39,1,,0,0,0,0,0,
646466,2018-09-09 4:36:53,,433117737.0,0.0,39,1,,0,0,0,1,0,
646467,2018-09-09 4:51:43,,191751434.0,1.0,40,0,,0,0,0,1,0,0
646468,2018-09-09 4:57:44,646467.0,420310721.0,0.0,40,1,,0,0,0,1,0,
646469,2018-09-09 5:51:35,646467.0,177509780.0,0.0,40,1,,0,0,0,1,0,
646470,2018-09-09 5:55:47,646467.0,75532053.0,0.0,40,0,,0,0,0,1,0,
646471,2018-09-09 5:59:42,646470.0,352346680.0,0.0,40,0,,0,0,0,1,0,
646472,2018-09-09 6:00:23,,330262470.0,0.0,40,0,,0,0,0,1,0,
646474,2018-09-09 6:02:23,,180829827.0,1.0,41,0,,0,0,0,0,0,0
646475,2018-09-09 6:05:26,646470.0,177509780.0,0.0,40,0,,0,0,0,1,0,
646476,2018-09-09 6:06:07,,177509780.0,0.0,40,0,,0,0,0,1,0,
646477,2018-09-09 6:06:32,,180829827.0,0.0,40,0,,0,0,0,1,0,
646478,2018-09-09 6:06:50,,180829827.0,0.0,40,0,,0,0,0,1,0,
646479,2018-09-09 6:08:17,,446464531.0,1.0,42,0,,0,0,0,0,0,1
646480,2018-09-09 6:13:15,646479.0,97702445.0,0.0,42,1,,0,0,0,0,0,
646481,2018-09-09 6:21:07,646480.0,446464531.0,0.0,42,0,,0,0,0,0,0,
646482,2018-09-09 6:21:29,646481.0,97702445.0,0.0,42,0,,0,0,0,0,0,
646483,2018-09-09 6:21:57,646482.0,446464531.0,0.0,42,0,,0,0,0,0,0,
646486,2018-09-09 7:03:29,,37229645.0,1.0,43,0,,0,0,0,0,0,0
646487,2018-09-09 7:04:17,,37229645.0,0.0,43,0,,0,0,0,0,0,
646488,2018-09-09 7:06:17,,326166097.0,0.0,43,0,,0,0,0,0,0,
646489,2018-09-09 7:16:25,646488.0,300903692.0,0.0,43,0,,0,0,0,1,0,
646490,2018-09-09 7:23:55,,583672.0,0.0,43,0,,0,0,0,0,0,
646491,2018-09-09 7:25:59,646490.0,326166097.0,0.0,43,0,,0,0,0,1,0,
646492,2018-09-09 7:28:04,646491.0,583672.0,0.0,43,1,,0,0,0,0,0,1
646493,2018-09-09 7:28:56,646492.0,326166097.0,0.0,43,0,,0,0,0,1,0,
646494,2018-09-09 8:05:27,646493.0,97702445.0,0.0,43,0,,0,0,0,1,0,
646497,2018-09-09 8:36:16,,342466438.0,1.0,44,0,,0,0,0,0,0,1
646498,2018-09-09 8:36:59,,267519921.0,0.0,44,1,,0,0,0,0,0,
646500,2018-09-09 8:42:50,,411891283.0,1.0,45,0,,0,0,0,1,1,0
646501,2018-09-09 8:43:31,,411891283.0,0.0,45,0,,0,0,0,1,0,
646502,2018-09-09 8:43:42,,411891283.0,0.0,45,0,,0,0,0,1,0,
646503,2018-09-09 8:46:32,646501.0,326166097.0,0.0,45,0,,0,0,0,1,0,
646504,2018-09-09 8:47:01,,411891283.0,0.0,45,0,,0,0,0,1,0,
646505,2018-09-09 8:47:06,,411891283.0,0.0,45,0,,0,0,0,1,0,
646506,2018-09-09 8:47:36,,411891283.0,0.0,45,0,,0,0,1,1,0,
646507,2018-09-09 8:48:05,646506.0,326166097.0,0.0,45,0,,0,0,0,1,0,
646508,2018-09-09 8:48:17,,411891283.0,0.0,45,0,,0,0,0,1,0,
646509,2018-09-09 8:48:25,,411891283.0,0.0,45,0,,0,0,0,1,0,
646510,2018-09-09 8:48:28,,216917442.0,0.0,45,0,,0,0,0,1,0,
646511,2018-09-09 8:48:40,,216917442.0,0.0,45,0,,0,0,0,1,0,
646512,2018-09-09 8:49:14,,216917442.0,0.0,45,0,,0,0,0,1,0,
646513,2018-09-09 8:49:30,,411891283.0,0.0,45,0,,0,0,0,1,0,
646514,2018-09-09 8:49:46,,216917442.0,0.0,45,0,,0,0,0,1,0,
646515,2018-09-09 8:49:52,,216917442.0,0.0,45,0,,0,0,0,1,0,
646516,2018-09-09 8:49:57,,411891283.0,0.0,45,0,,0,0,0,1,0,
646517,2018-09-09 8:50:01,,216917442.0,0.0,45,0,,0,0,0,1,0,
646518,2018-09-09 8:50:10,,216917442.0,0.0,45,0,,0,0,0,1,0,
646519,2018-09-09 8:50:19,,411891283.0,0.0,45,0,,0,0,0,1,0,
646520,2018-09-09 8:50:23,,216917442.0,0.0,45,0,,0,0,0,1,0,
646521,2018-09-09 8:50:33,,411891283.0,0.0,45,0,,0,0,0,1,0,
646522,2018-09-09 8:50:43,646521.0,216917442.0,0.0,45,0,,0,0,0,1,0,
646523,2018-09-09 8:51:00,,411891283.0,0.0,45,0,,0,0,0,1,0,
646524,2018-09-09 8:51:04,,411891283.0,0.0,45,0,,0,0,0,1,0,
646525,2018-09-09 8:51:15,,411891283.0,0.0,45,0,,0,0,0,1,0,
646526,2018-09-09 8:51:19,646516.0,563185097.0,0.0,45,0,,0,0,0,1,0,
646527,2018-09-09 8:51:32,,330262470.0,0.0,45,0,,0,0,0,1,0,
646528,2018-09-09 8:51:37,,411891283.0,0.0,45,0,,0,0,0,1,0,
646529,2018-09-09 8:51:59,,330262470.0,0.0,45,0,,0,0,0,1,0,
646530,2018-09-09 8:52:04,646527.0,563185097.0,0.0,45,0,,0,0,0,1,0,
646531,2018-09-09 8:52:37,,411891283.0,0.0,45,0,,0,0,0,1,0,
646532,2018-09-09 8:52:42,,330262470.0,0.0,45,0,,0,0,0,1,0,
646533,2018-09-09 8:52:46,,411891283.0,0.0,45,0,,0,0,0,1,0,
646535,2018-09-09 8:52:54,646518.0,326166097.0,0.0,45,0,,0,0,0,1,0,
646536,2018-09-09 8:53:38,646534.0,326166097.0,0.0,45,0,,0,0,0,1,0,
646538,2018-09-09 8:53:54,,411891283.0,0.0,45,0,,0,0,0,1,0,
646539,2018-09-09 8:53:58,,411891283.0,0.0,45,0,,0,0,0,1,0,
646540,2018-09-09 8:54:06,,411891283.0,0.0,45,0,,0,0,0,1,0,
646542,2018-09-09 8:54:53,,411891283.0,0.0,45,0,,0,0,0,1,0,
646543,2018-09-09 8:55:03,,411891283.0,0.0,45,0,,0,0,0,1,0,
646544,2018-09-09 8:55:23,646541.0,326166097.0,0.0,45,0,,0,0,0,1,0,
646545,2018-09-09 8:56:10,646541.0,563185097.0,0.0,45,0,,0,0,0,1,0,
646546,2018-09-09 8:56:15,,326166097.0,0.0,45,0,,0,0,0,1,0,
646548,2018-09-09 8:56:57,,411891283.0,0.0,45,0,,0,0,0,1,0,
646550,2018-09-09 8:57:20,,411891283.0,0.0,45,0,,0,0,0,1,0,
646551,2018-09-09 8:57:29,,411891283.0,0.0,45,0,,0,0,0,1,0,
646552,2018-09-09 8:57:31,646538.0,300903692.0,0.0,45,0,,0,0,0,1,0,
646553,2018-09-09 8:57:38,646545.0,326166097.0,0.0,45,0,,0,0,0,1,0,
646554,2018-09-09 8:58:14,,330262470.0,0.0,45,0,,0,0,0,1,0,
646555,2018-09-09 9:01:23,,411891283.0,0.0,45,0,,0,0,1,1,0,
646556,2018-09-09 9:01:40,646555.0,300903692.0,0.0,45,0,,0,0,0,1,0,
646557,2018-09-09 9:01:41,646555.0,326166097.0,0.0,45,0,,0,0,0,1,0,
646558,2018-09-09 9:01:52,,300903692.0,0.0,45,0,,0,0,0,1,0,
646559,2018-09-09 9:02:04,,352346680.0,0.0,45,0,,0,0,0,1,0,
646560,2018-09-09 9:02:29,,411891283.0,0.0,45,0,,0,0,0,1,0,
646561,2018-09-09 9:02:35,,330262470.0,0.0,45,0,,0,0,0,1,0,
646562,2018-09-09 9:03:36,,326166097.0,0.0,45,0,,0,0,0,1,0,
646563,2018-09-09 9:04:29,646562.0,411891283.0,0.0,45,0,,0,0,0,1,0,
646564,2018-09-09 9:05:43,,411891283.0,0.0,45,0,,0,0,0,1,0,
646565,2018-09-09 9:05:43,,411891283.0,0.0,45,0,,0,0,0,1,0,
646566,2018-09-09 9:05:43,,411891283.0,0.0,45,0,,0,0,0,1,0,
646567,2018-09-09 9:06:00,646563.0,326166097.0,0.0,45,0,,0,0,0,1,0,
646568,2018-09-09 9:06:19,,326166097.0,0.0,45,0,,0,0,0,1,0,
646569,2018-09-09 9:07:36,,411891283.0,0.0,45,0,,0,0,0,1,0,
646571,2018-09-09 9:08:19,,411891283.0,0.0,45,0,,0,0,1,1,0,
646572,2018-09-09 9:08:37,,411891283.0,0.0,45,0,,0,0,0,1,0,
646573,2018-09-09 9:09:16,646565.0,326166097.0,0.0,45,0,,0,0,0,1,0,
646574,2018-09-09 9:10:21,,326166097.0,0.0,45,0,,0,0,0,1,0,
646575,2018-09-09 9:10:24,646540.0,216917442.0,0.0,45,0,,0,0,1,1,0,
646576,2018-09-09 9:10:28,,216917442.0,0.0,45,0,,0,0,0,1,0,
646577,2018-09-09 9:10:43,646575.0,326166097.0,0.0,45,0,,0,0,0,1,0,
646578,2018-09-09 9:10:50,,216917442.0,0.0,45,0,,0,0,0,1,0,
646580,2018-09-09 9:11:15,,352346680.0,0.0,45,0,,0,0,0,1,0,
646581,2018-09-09 9:11:29,,352346680.0,0.0,45,0,,0,0,0,1,0,
646583,2018-09-09 9:12:03,646579.0,352346680.0,0.0,45,0,,0,0,0,1,0,
646584,2018-09-09 9:12:08,,216917442.0,0.0,45,0,,0,0,0,1,0,
646585,2018-09-09 9:12:28,646584.0,352346680.0,0.0,45,0,,0,0,0,1,0,
646588,2018-09-09 9:12:48,646585.0,216917442.0,0.0,45,0,,0,0,0,1,0,
646590,2018-09-09 9:12:58,646578.0,326166097.0,0.0,45,0,,0,0,0,1,0,
646591,2018-09-09 9:13:15,646588.0,352346680.0,0.0,45,0,,0,0,0,1,0,
646592,2018-09-09 9:13:16,646590.0,216917442.0,0.0,45,0,,0,0,0,1,0,
646593,2018-09-09 9:13:39,646591.0,216917442.0,0.0,45,0,,0,0,0,1,0,
646595,2018-09-09 9:13:55,646589.0,352346680.0,0.0,45,0,,0,0,0,1,0,
646596,2018-09-09 9:14:36,646594.0,352346680.0,0.0,45,0,,0,0,0,1,0,
646597,2018-09-09 9:15:21,646596.0,326166097.0,0.0,45,0,,0,0,0,1,0,
646598,2018-09-09 9:15:31,,352346680.0,0.0,45,0,,0,0,0,1,0,
646600,2018-09-09 9:15:55,646599.0,352346680.0,0.0,45,0,,0,0,0,1,0,
646603,2018-09-09 9:17:50,,352346680.0,0.0,45,0,,0,0,0,1,0,
646605,2018-09-09 9:18:20,646596.0,216917442.0,0.0,45,0,,0,0,0,1,0,
646607,2018-09-09 9:18:40,646603.0,326166097.0,0.0,45,0,,0,0,0,1,0,
646609,2018-09-09 9:19:16,646608.0,352346680.0,0.0,45,0,,0,0,0,1,0,
646610,2018-09-09 9:19:22,646607.0,216917442.0,0.0,45,0,,0,0,0,1,0,
646611,2018-09-09 9:19:37,646610.0,352346680.0,0.0,45,0,,0,0,0,1,0,
646613,2018-09-09 9:20:42,646555.0,135828764.0,0.0,45,0,,0,0,0,1,0,
646614,2018-09-09 9:20:49,646610.0,326166097.0,0.0,45,0,,0,0,0,1,0,
646615,2018-09-09 9:21:12,646614.0,216917442.0,0.0,45,0,,0,0,0,1,0,
646618,2018-09-09 9:21:43,,216917442.0,0.0,45,0,,0,0,0,1,0,
646620,2018-09-09 9:21:59,646618.0,326166097.0,0.0,45,0,,0,0,0,1,0,
646622,2018-09-09 9:22:40,646621.0,216917442.0,0.0,45,0,,0,0,0,1,0,
646624,2018-09-09 9:23:15,646620.0,216917442.0,0.0,45,0,,0,0,0,1,0,
646625,2018-09-09 9:23:29,646623.0,326166097.0,0.0,45,0,,0,0,0,1,0,
646626,2018-09-09 9:23:29,646623.0,216917442.0,0.0,45,0,,0,0,0,1,0,
646627,2018-09-09 9:23:36,646623.0,352346680.0,0.0,45,0,,0,0,0,1,0,
646628,2018-09-09 9:23:46,,352346680.0,0.0,45,0,,0,0,0,1,0,
646629,2018-09-09 9:23:55,,216917442.0,0.0,45,0,,0,0,0,1,0,
646631,2018-09-09 9:24:04,,352346680.0,0.0,45,0,,0,0,0,1,0,
646633,2018-09-09 9:24:12,,326166097.0,0.0,45,0,,0,0,0,1,0,
646635,2018-09-09 9:24:42,,216917442.0,0.0,45,0,,0,0,0,1,0,
646636,2018-09-09 9:24:48,646630.0,326166097.0,0.0,45,0,,0,0,0,1,0,
646637,2018-09-09 9:24:48,,216917442.0,0.0,45,0,,0,0,0,1,0,
646638,2018-09-09 9:25:22,,326166097.0,0.0,45,0,,0,0,0,1,0,
646640,2018-09-09 9:27:44,,326166097.0,0.0,45,0,,0,0,0,1,0,
646641,2018-09-09 9:27:57,,43543351.0,0.0,45,0,,0,0,0,1,0,
646642,2018-09-09 9:28:16,,326166097.0,0.0,45,0,,0,0,0,1,0,
646643,2018-09-09 9:28:26,,216917442.0,0.0,45,0,,0,0,0,1,0,
646644,2018-09-09 9:28:33,,216917442.0,0.0,45,0,,0,0,0,1,0,
646646,2018-09-09 9:29:28,,216917442.0,0.0,45,0,,0,0,0,1,0,
646647,2018-09-09 9:33:48,646645.0,414020764.0,0.0,45,0,,0,0,0,1,0,
646649,2018-09-09 9:37:57,,326166097.0,0.0,45,0,,0,0,0,1,0,
646650,2018-09-09 9:40:05,,326166097.0,1.0,46,0,,0,0,0,1,0,1
646651,2018-09-09 9:40:23,,326166097.0,0.0,46,0,,0,0,0,0,0,
646652,2018-09-09 9:40:51,,326166097.0,0.0,46,0,,0,0,0,0,0,
646653,2018-09-09 9:50:58,,170929556.0,1.0,47,0,,0,0,0,0,0,1
646654,2018-09-09 9:51:31,,170929556.0,0.0,47,0,,0,0,0,0,0,
646655,2018-09-09 9:51:38,,170929556.0,0.0,47,0,,0,0,0,0,0,
646656,2018-09-09 9:51:46,,170929556.0,0.0,47,0,,0,0,0,0,0,
646657,2018-09-09 9:51:49,646654.0,326166097.0,0.0,47,1,,0,0,0,0,0,
646658,2018-09-09 9:52:09,,170929556.0,0.0,47,0,,0,0,1,0,0,
646659,2018-09-09 9:52:47,,156397844.0,1.0,48,0,,0,0,0,0,0,0
646660,2018-09-09 9:52:58,646654.0,303986717.0,0.0,47,1,,0,0,0,0,0,
646661,2018-09-09 9:53:34,646658.0,326166097.0,0.0,47,0,,0,0,0,0,0,
646664,2018-09-09 9:55:30,646663.0,303986717.0,0.0,49,0,,0,0,0,0,0,
646665,2018-09-09 9:55:41,646663.0,326166097.0,0.0,49,0,,0,0,0,1,0,
646667,2018-09-09 9:58:32,,170929556.0,0.0,47,0,,0,0,1,0,0,
646668,2018-09-09 9:59:14,,170929556.0,0.0,47,0,,0,0,0,0,0,
646669,2018-09-09 9:59:24,,170929556.0,0.0,47,0,,0,0,0,0,0,
646670,2018-09-09 9:59:50,646667.0,326166097.0,0.0,47,1,,0,0,0,0,0,
646671,2018-09-09 10:01:15,,267773819.0,1.0,50,0,,0,0,0,0,0,1
646673,2018-09-09 10:07:44,,330262470.0,0.0,50,0,,0,0,0,0,0,
646674,2018-09-09 10:09:44,646671.0,166332705.0,0.0,50,1,,0,0,0,0,0,
646675,2018-09-09 10:10:00,,166332705.0,0.0,50,1,,0,0,0,1,0,
646676,2018-09-09 10:13:30,646674.0,267773819.0,0.0,50,0,,0,0,0,0,0,
646677,2018-09-09 10:15:17,,267773819.0,0.0,50,0,,0,0,0,0,0,
646679,2018-09-09 10:28:43,,425439946.0,1.0,51,0,,0,0,0,0,0,1
646681,2018-09-09 10:56:58,,170929556.0,1.0,52,0,,0,0,0,0,0,0
646684,2018-09-09 11:02:08,646681.0,105390624.0,0.0,52,1,,0,0,0,0,0,
646685,2018-09-09 11:08:37,,170929556.0,0.0,52,0,,0,1,0,0,0,
646689,2018-09-09 12:17:27,646679.0,43543351.0,0.0,51,1,,0,0,0,0,0,
646690,2018-09-09 12:17:31,,43543351.0,0.0,51,0,,0,0,0,0,0,
646691,2018-09-09 12:19:25,,307782020.0,1.0,53,0,,0,0,0,0,0,0
646692,2018-09-09 12:19:50,,307782020.0,0.0,53,0,,0,0,0,0,0,
646693,2018-09-09 12:20:10,,307782020.0,0.0,53,0,,0,0,0,0,0,
646694,2018-09-09 12:29:06,,213447542.0,1.0,54,0,,0,0,0,0,0,0
646695,2018-09-09 12:30:47,646692.0,43022119.0,0.0,53,1,,0,0,0,0,0,
646696,2018-09-09 12:36:24,646695.0,307782020.0,0.0,53,0,,0,0,0,0,0,
646697,2018-09-09 12:36:46,,43022119.0,0.0,53,1,,0,0,0,0,0,
646698,2018-09-09 12:37:15,,43022119.0,0.0,53,1,,0,0,0,0,0,
646699,2018-09-09 12:37:28,,307782020.0,0.0,53,0,,0,1,0,0,0,
646700,2018-09-09 12:37:44,,43022119.0,0.0,53,0,,0,0,0,0,0,
646701,2018-09-09 12:38:15,,307782020.0,0.0,53,0,,0,1,0,0,0,
646708,2018-09-09 13:14:06,,369383935.0,1.0,55,0,,0,0,0,0,0,0
646709,2018-09-09 13:14:48,,369383935.0,0.0,55,0,,0,0,0,0,0,
646710,2018-09-09 13:15:09,,398307189.0,0.0,55,1,,0,0,0,0,0,
646711,2018-09-09 13:17:27,,359139376.0,0.0,55,1,,0,0,0,0,0,
646712,2018-09-09 13:17:33,,359139376.0,0.0,55,1,,0,0,0,0,0,
646713,2018-09-09 13:19:17,646708.0,583672.0,0.0,55,0,,0,0,0,0,0,
646714,2018-09-09 13:20:31,,43022119.0,0.0,55,0,,0,0,0,0,0,
646715,2018-09-09 13:20:47,,369383935.0,0.0,55,0,,0,0,1,0,0,
646716,2018-09-09 13:21:14,646714.0,359139376.0,0.0,55,0,,0,0,0,1,0,
646717,2018-09-09 13:22:00,646715.0,359139376.0,0.0,55,0,,0,0,0,0,0,
646718,2018-09-09 13:22:16,,326463153.0,1.0,56,0,,0,0,0,0,0,0
646719,2018-09-09 13:22:16,,326463153.0,0.0,56,0,,0,0,0,0,0,
646720,2018-09-09 13:22:16,,326463153.0,0.0,56,0,,0,0,0,0,0,
646721,2018-09-09 13:22:46,646716.0,43022119.0,0.0,55,0,,0,0,0,0,0,
646722,2018-09-09 13:26:31,646708.0,135828764.0,0.0,55,1,,0,0,0,0,0,
646723,2018-09-09 13:26:33,646709.0,116121008.0,0.0,55,0,,0,0,0,0,0,
646724,2018-09-09 13:26:39,,135828764.0,0.0,55,0,,0,0,0,0,0,
646725,2018-09-09 13:26:42,,116121008.0,0.0,55,0,,0,0,0,0,0,
646726,2018-09-09 13:28:05,,116121008.0,0.0,55,0,,0,0,0,0,0,
646727,2018-09-09 13:43:45,646700.0,307782020.0,0.0,53,0,,0,0,0,0,0,
646728,2018-09-09 13:45:02,,307782020.0,0.0,53,0,,0,0,1,0,0,
646729,2018-09-09 13:45:52,,43022119.0,0.0,53,0,,0,0,0,0,0,
646730,2018-09-09 13:50:04,646728.0,136652097.0,0.0,53,1,,0,0,0,0,0,
646731,2018-09-09 13:54:24,646718.0,88930007.0,0.0,56,1,,0,0,0,0,0,
646733,2018-09-09 13:56:40,646730.0,307782020.0,0.0,53,0,,1,0,0,0,0,
646734,2018-09-09 14:07:13,646731.0,326463153.0,0.0,56,0,,0,0,0,0,0,
646735,2018-09-09 14:07:35,646734.0,88930007.0,0.0,56,0,,0,0,0,0,0,
646736,2018-09-09 14:07:43,,88930007.0,0.0,56,0,,0,0,0,0,0,
646737,2018-09-09 14:07:54,,88930007.0,0.0,56,0,,0,0,0,0,0,
646742,2018-09-09 14:32:48,,160900344.0,1.0,57,0,,0,0,0,0,0,0
646743,2018-09-09 14:34:08,646742.0,300903692.0,0.0,57,1,,0,0,0,0,0,
646744,2018-09-09 14:35:25,646743.0,160900344.0,0.0,57,0,,0,0,0,0,0,
646745,2018-09-09 14:35:40,,300903692.0,0.0,57,0,,0,0,0,0,0,
646746,2018-09-09 14:35:49,,300903692.0,0.0,57,0,,0,0,0,0,0,
646747,2018-09-09 14:36:22,,160900344.0,0.0,57,0,,0,0,0,0,0,
646748,2018-09-09 14:36:24,646744.0,105390624.0,0.0,57,1,,0,0,0,0,0,
646749,2018-09-09 14:37:48,,105390624.0,0.0,57,1,,0,0,0,0,0,
646750,2018-09-09 14:39:38,646749.0,160900344.0,0.0,57,0,,0,0,0,0,0,
646751,2018-09-09 14:40:43,,160900344.0,0.0,57,0,,0,0,0,0,0,
646752,2018-09-09 14:41:21,,160900344.0,0.0,57,0,,0,0,0,0,0,
646753,2018-09-09 14:42:42,,105390624.0,0.0,57,1,,0,0,0,0,0,
646754,2018-09-09 14:43:05,,105390624.0,0.0,57,1,,0,0,0,0,0,
646755,2018-09-09 14:43:56,,105390624.0,0.0,57,1,,0,0,0,0,0,
646756,2018-09-09 14:44:31,,105390624.0,0.0,57,1,,0,0,0,0,0,
646757,2018-09-09 14:46:27,646754.0,160900344.0,0.0,57,0,,0,0,0,0,0,
646759,2018-09-09 14:51:18,,208768221.0,1.0,58,0,,0,0,0,0,0,1
646760,2018-09-09 14:54:44,,352346680.0,0.0,58,1,,0,0,0,0,0,
646761,2018-09-09 14:56:12,646760.0,208768221.0,0.0,58,0,,0,0,0,0,0,
646762,2018-09-09 14:58:17,646761.0,352346680.0,0.0,58,1,,0,0,0,0,0,
646764,2018-09-09 14:59:42,,352346680.0,0.0,58,1,,0,0,0,0,0,
646766,2018-09-09 15:08:33,646759.0,160900344.0,0.0,58,1,,0,0,0,0,0,
646767,2018-09-09 15:08:44,,160900344.0,0.0,58,1,,0,0,0,0,0,
646768,2018-09-09 15:11:46,646761.0,538583520.0,0.0,58,1,,0,0,0,0,0,
646769,2018-09-09 15:12:20,646768.0,208768221.0,0.0,58,0,,0,0,0,0,0,
646770,2018-09-09 15:12:37,646766.0,208768221.0,0.0,58,0,,0,0,0,0,0,
646771,2018-09-09 15:13:28,,352346680.0,0.0,58,1,,0,0,0,0,0,
646772,2018-09-09 15:14:10,,352346680.0,0.0,58,1,,0,0,0,0,0,
646774,2018-09-09 15:15:16,,160900344.0,0.0,58,1,,0,0,0,0,0,
646775,2018-09-09 15:17:11,,538583520.0,0.0,58,0,,0,0,0,0,0,
646776,2018-09-09 15:17:11,,538583520.0,0.0,58,0,,0,0,0,0,0,
646777,2018-09-09 15:18:44,646736.0,326463153.0,0.0,56,0,,0,0,0,0,0,
646780,2018-09-09 16:01:53,,243699728.0,1.0,59,0,,0,0,0,0,0,0
646781,2018-09-09 16:02:27,646780.0,326166097.0,0.0,59,1,,0,0,0,0,0,
646782,2018-09-09 16:03:17,646781.0,243699728.0,0.0,59,0,,0,0,0,0,0,
646784,2018-09-09 16:03:33,,243699728.0,0.0,59,0,,0,0,0,0,0,
646785,2018-09-09 16:03:55,,278317432.0,1.0,60,0,,0,0,0,0,0,0
646786,2018-09-09 16:04:40,,278317432.0,0.0,60,0,,0,0,0,0,0,
646787,2018-09-09 16:04:46,,326166097.0,0.0,60,0,,0,0,0,1,0,
646788,2018-09-09 16:06:00,646787.0,243699728.0,0.0,60,0,,0,0,0,1,0,
646789,2018-09-09 16:09:44,,75532053.0,1.0,61,0,,0,0,0,0,0,0
646790,2018-09-09 16:11:06,646692.0,571916765.0,0.0,53,1,,0,0,0,0,0,
646791,2018-09-09 16:13:07,646790.0,307782020.0,0.0,53,0,,1,0,0,0,0,
1046161,2019-10-23 9:31:32,1046157.0,43022119.0,0.0,62,0,,0,0,0,0,0,
1046162,2019-10-23 9:31:41,1046160.0,221523833.0,0.0,63,0,,0,0,0,0,0,
1046163,2019-10-23 9:31:43,1046160.0,43022119.0,0.0,64,0,,0,0,0,0,0,
1046164,2019-10-23 9:32:09,,221523833.0,0.0,64,0,,0,0,0,0,0,
1046165,2019-10-23 9:32:12,,214334796.0,0.0,64,0,,0,0,0,0,0,
1046166,2019-10-23 9:32:27,,454709994.0,0.0,64,0,,0,0,0,0,0,
1046167,2019-10-23 9:32:36,1046144.0,43022119.0,0.0,65,0,,0,0,0,0,0,
1046168,2019-10-23 9:32:38,,454709994.0,0.0,64,0,,0,0,0,0,0,
1046170,2019-10-23 9:32:44,1046166.0,43022119.0,0.0,64,0,,0,0,0,0,0,
1046172,2019-10-23 9:33:05,,214334796.0,0.0,66,0,,0,0,0,0,0,
1046173,2019-10-23 9:33:12,1046171.0,43022119.0,0.0,66,0,,0,0,0,0,0,
1046174,2019-10-23 9:33:27,,255927546.0,1.0,67,0,,0,0,0,0,0,0
1046175,2019-10-23 9:33:31,1046170.0,454709994.0,0.0,64,0,,0,0,0,0,0,
1046176,2019-10-23 9:33:54,1046175.0,43022119.0,0.0,64,0,,0,0,0,0,0,
1046178,2019-10-23 9:34:26,1046177.0,43022119.0,0.0,68,0,,0,0,0,0,0,
1046180,2019-10-23 9:34:39,1046176.0,454709994.0,0.0,64,0,,0,0,0,0,0,
1046183,2019-10-23 9:36:24,1046180.0,43022119.0,0.0,64,0,,0,0,0,0,0,
1046184,2019-10-23 9:37:19,,201501278.0,1.0,69,0,,0,0,0,0,0,1
1046185,2019-10-23 9:37:40,,214334796.0,0.0,69,1,,0,0,0,0,0,
1046186,2019-10-23 9:37:58,1046184.0,43022119.0,0.0,69,0,,0,0,0,0,0,
1046187,2019-10-23 9:38:01,,201501278.0,0.0,69,0,,0,0,0,0,0,
1046188,2019-10-23 9:38:09,,43022119.0,0.0,69,0,,0,0,0,0,0,
1046189,2019-10-23 9:38:17,1046186.0,201501278.0,0.0,69,0,,0,0,0,0,0,
1046190,2019-10-23 9:38:28,1046189.0,43022119.0,0.0,69,0,,0,0,0,1,0,
1046191,2019-10-23 9:38:29,,201501278.0,0.0,69,0,,0,0,0,0,0,
1046192,2019-10-23 9:38:32,,43022119.0,0.0,69,0,,0,0,0,0,0,
1046193,2019-10-23 9:38:40,,201501278.0,0.0,69,0,,0,0,0,0,0,
1046194,2019-10-23 9:38:42,1046183.0,454709994.0,0.0,64,0,,0,0,0,0,0,
1046195,2019-10-23 9:38:48,1046194.0,43022119.0,0.0,64,0,,0,0,0,0,0,
1046196,2019-10-23 9:38:58,,43022119.0,0.0,64,0,,0,0,0,0,0,
1046197,2019-10-23 9:39:03,,201501278.0,0.0,64,0,,0,0,0,0,0,
1046198,2019-10-23 9:39:20,1046197.0,43022119.0,0.0,64,0,,0,0,0,0,0,
1046199,2019-10-23 9:39:23,,201501278.0,0.0,64,0,,0,0,0,0,0,
1046200,2019-10-23 9:39:39,1046195.0,454709994.0,0.0,64,0,,0,0,0,0,0,
1046201,2019-10-23 9:39:50,,454709994.0,0.0,64,0,,0,0,0,0,0,
1046202,2019-10-23 9:39:54,1046200.0,43022119.0,0.0,64,0,,0,0,0,0,0,
1046203,2019-10-23 9:40:01,1046183.0,284834237.0,0.0,64,0,,0,0,0,0,0,
1046204,2019-10-23 9:40:09,1046199.0,182520296.0,0.0,64,0,,0,0,0,0,0,
1046205,2019-10-23 9:40:33,1046203.0,43022119.0,0.0,64,0,,0,0,0,0,0,
1046206,2019-10-23 9:40:43,1046200.0,43022119.0,0.0,64,0,,0,0,0,0,0,
1046207,2019-10-23 9:40:51,,43022119.0,0.0,64,0,,0,0,0,0,0,
1046208,2019-10-23 9:40:52,,201501278.0,0.0,64,0,,0,0,0,0,0,
1046209,2019-10-23 9:40:58,,284834237.0,0.0,64,0,,0,0,0,0,0,
1046210,2019-10-23 9:41:00,1046209.0,43022119.0,0.0,64,0,,0,0,0,0,0,
1046211,2019-10-23 9:41:03,,43022119.0,0.0,64,0,,0,0,0,0,0,
1046212,2019-10-23 9:41:10,,284834237.0,0.0,64,0,,0,0,0,0,0,
1046213,2019-10-23 9:41:30,1046212.0,43022119.0,0.0,64,0,,0,0,0,0,0,
1046214,2019-10-23 9:41:54,,284834237.0,0.0,64,0,,0,0,0,1,0,
1046215,2019-10-23 9:41:57,,43022119.0,0.0,64,0,,0,0,0,1,0,
1046216,2019-10-23 9:42:05,,284834237.0,0.0,64,0,,0,0,0,1,0,
1046217,2019-10-23 9:42:08,1046216.0,43022119.0,0.0,64,0,,0,0,0,1,0,
1046218,2019-10-23 9:42:16,,309570373.0,0.0,64,0,,0,0,0,0,0,
1046219,2019-10-23 9:42:22,,43022119.0,0.0,64,0,,0,0,0,0,0,
1046222,2019-10-23 9:42:32,,454709994.0,0.0,64,0,,0,0,0,0,0,
1046223,2019-10-23 9:42:32,,255927546.0,0.0,67,0,,0,0,0,0,0,
1046224,2019-10-23 9:42:39,1046157.0,422742294.0,0.0,64,0,,0,0,0,0,0,
1046225,2019-10-23 9:42:44,1046166.0,43022119.0,0.0,64,0,,0,0,0,1,0,
1046226,2019-10-23 9:42:51,1046208.0,214334796.0,0.0,64,0,,0,0,0,0,0,
1046227,2019-10-23 9:42:59,1046224.0,309570373.0,0.0,64,0,,0,0,0,0,0,
1046228,2019-10-23 9:43:30,1046227.0,422742294.0,0.0,64,0,,0,0,0,0,0,
1046229,2019-10-23 9:43:31,1046222.0,43022119.0,0.0,64,0,,0,0,0,0,0,
1046230,2019-10-23 9:43:47,1046223.0,43022119.0,0.0,67,0,,0,0,0,0,0,
1046231,2019-10-23 9:43:57,,284834237.0,0.0,64,0,,0,0,0,0,0,
1046232,2019-10-23 9:44:01,1046228.0,309570373.0,0.0,64,0,,0,0,0,0,0,
1046233,2019-10-23 9:44:22,1046228.0,309570373.0,0.0,64,0,,0,0,0,0,0,
1046237,2019-10-23 9:44:40,1046231.0,43022119.0,0.0,64,0,,0,0,0,0,0,
1046238,2019-10-23 9:44:41,,454709994.0,0.0,64,0,,0,0,0,0,0,
1046239,2019-10-23 9:44:55,1046232.0,422742294.0,0.0,64,0,,0,0,0,0,0,
1046240,2019-10-23 9:45:00,,454709994.0,0.0,64,0,,0,0,0,0,0,
1046241,2019-10-23 9:45:13,,284834237.0,0.0,64,0,,0,0,0,0,0,
1046242,2019-10-23 9:45:20,1046240.0,43022119.0,0.0,64,0,,0,0,0,0,0,
1046243,2019-10-23 9:45:50,1046240.0,43022119.0,0.0,64,0,,0,0,0,0,0,
1046244,2019-10-23 9:45:51,1046238.0,422742294.0,0.0,64,0,,0,0,0,0,0,
1046245,2019-10-23 9:45:52,1046241.0,309570373.0,0.0,64,0,,0,0,0,0,0,
1046246,2019-10-23 9:46:03,1046244.0,43022119.0,0.0,64,0,,0,0,0,0,0,
1046247,2019-10-23 9:46:13,1046244.0,309570373.0,0.0,64,0,,0,0,0,0,0,
1046248,2019-10-23 9:46:55,1046247.0,422742294.0,0.0,64,0,,0,0,0,0,0,
1046249,2019-10-23 9:47:27,1046248.0,43022119.0,0.0,64,0,,0,0,0,0,0,
1046250,2019-10-23 9:47:42,,43022119.0,0.0,64,0,,0,0,0,0,0,
1046251,2019-10-23 9:47:49,,284834237.0,0.0,64,0,,0,0,0,0,0,
1046252,2019-10-23 9:47:53,1046249.0,422742294.0,0.0,64,0,,0,0,0,0,0,
1046253,2019-10-23 9:48:05,1046250.0,422742294.0,0.0,64,0,,0,0,0,1,0,
1046254,2019-10-23 9:48:09,,422742294.0,0.0,64,0,,0,0,0,1,0,
1046255,2019-10-23 9:48:10,1046252.0,43022119.0,0.0,64,0,,0,0,0,0,0,
1046256,2019-10-23 9:48:19,,454709994.0,0.0,64,0,,0,0,0,0,0,
1046257,2019-10-23 9:49:23,1046256.0,422742294.0,0.0,64,0,,0,0,0,0,0,
1046258,2019-10-23 9:49:38,1046251.0,454709994.0,0.0,64,0,,0,0,0,0,0,
1046259,2019-10-23 9:49:53,1046257.0,454709994.0,0.0,64,0,,0,0,0,0,0,
1046260,2019-10-23 9:50:40,1046258.0,422742294.0,0.0,64,0,,0,0,0,0,0,
1046261,2019-10-23 9:50:51,1046257.0,309570373.0,0.0,64,0,,0,0,0,0,0,
1046262,2019-10-23 9:50:51,1046258.0,43022119.0,0.0,64,0,,0,0,0,0,0,
1046263,2019-10-23 9:51:09,1046262.0,309570373.0,0.0,64,0,,0,0,0,0,0,
1046264,2019-10-23 9:51:22,,454709994.0,0.0,64,0,,0,0,0,0,0,
1046265,2019-10-23 9:51:42,,43022119.0,0.0,64,0,,0,0,0,0,0,
1046266,2019-10-23 9:52:16,,284834237.0,0.0,64,0,,0,0,0,0,0,
1046267,2019-10-23 9:52:37,,454709994.0,0.0,64,0,,0,0,0,0,0,
1046268,2019-10-23 9:52:43,,284834237.0,0.0,64,0,,0,0,0,0,0,
1046269,2019-10-23 9:53:07,,454709994.0,0.0,64,0,,0,1,0,0,0,
1046270,2019-10-23 10:00:28,,810830112.0,1.0,70,0,,0,0,0,0,0,1
1046271,2019-10-23 10:05:16,1046270.0,284834237.0,0.0,70,1,,0,0,0,0,0,
1046272,2019-10-23 10:05:41,,810830112.0,0.0,70,0,,0,1,0,0,0,
1046273,2019-10-23 10:35:18,,621563905.0,1.0,71,0,,0,0,0,0,0,1
1046274,2019-10-23 10:36:17,1046273.0,182520296.0,0.0,71,1,,0,0,0,0,0,
1046275,2019-10-23 10:37:01,1046274.0,621563905.0,0.0,71,0,,0,0,0,0,0,
1046276,2019-10-23 10:38:11,1046275.0,182520296.0,0.0,71,1,,0,0,0,0,0,
1046277,2019-10-23 10:39:19,1046275.0,43022119.0,0.0,71,0,,0,0,0,0,0,
1046278,2019-10-23 10:39:24,1046275.0,182520296.0,0.0,71,0,,0,0,0,0,0,
1046279,2019-10-23 10:40:55,1046277.0,621563905.0,0.0,71,0,,0,0,0,0,0,
1046280,2019-10-23 10:41:56,,43022119.0,0.0,71,0,,0,0,0,1,0,
1046281,2019-10-23 10:42:56,1046279.0,309570373.0,0.0,71,0,,0,0,0,1,0,
1046282,2019-10-23 10:43:38,,890413434.0,1.0,72,0,,0,0,0,0,0,0
1046283,2019-10-23 10:43:45,1046281.0,621563905.0,0.0,71,0,,0,0,0,0,0,
1046284,2019-10-23 10:43:48,,890413434.0,0.0,72,0,,0,0,0,0,0,
1046285,2019-10-23 10:43:57,,890413434.0,0.0,72,0,,0,0,0,0,0,
1046286,2019-10-23 10:45:11,,301496371.0,1.0,73,0,,0,0,0,0,0,0
1046287,2019-10-23 10:46:38,1046286.0,214334796.0,0.0,73,1,,0,0,0,0,0,
1046288,2019-10-23 10:47:38,1046286.0,43022119.0,0.0,73,1,,0,0,0,0,0,
1046289,2019-10-23 10:47:48,1046287.0,301496371.0,0.0,73,0,,0,0,0,0,0,
1046290,2019-10-23 10:48:07,,43022119.0,0.0,73,1,,0,0,0,0,0,
1046291,2019-10-23 10:48:08,1046289.0,309570373.0,0.0,73,1,,0,0,0,0,0,
1046292,2019-10-23 10:48:20,1046289.0,43022119.0,0.0,73,1,,0,0,0,0,0,
1046294,2019-10-23 10:48:48,,43022119.0,0.0,73,0,,0,0,0,0,0,
1046295,2019-10-23 10:49:09,1046293.0,309570373.0,0.0,73,0,,0,0,0,0,0,
1046296,2019-10-23 10:49:18,,309570373.0,0.0,73,0,,0,0,0,0,0,
1046297,2019-10-23 10:49:59,1046294.0,301496371.0,0.0,73,0,,0,0,0,0,0,
1046298,2019-10-23 10:50:14,1046297.0,43022119.0,0.0,73,0,,0,0,0,0,0,
1046299,2019-10-23 10:50:31,,43022119.0,0.0,73,0,,0,0,0,0,0,
1046300,2019-10-23 10:51:38,1046298.0,301496371.0,0.0,73,0,,0,0,0,0,0,
1046301,2019-10-23 10:52:57,,43022119.0,0.0,73,0,,0,0,0,0,0,
1046302,2019-10-23 10:53:03,,43022119.0,0.0,73,0,,0,0,0,0,0,
1046303,2019-10-23 10:53:36,1046286.0,43022119.0,0.0,73,0,,0,0,0,0,0,
1046304,2019-10-23 10:53:51,1046298.0,301496371.0,0.0,73,0,,0,0,0,0,0,
1046305,2019-10-23 10:54:07,,43022119.0,0.0,73,0,,0,0,0,0,0,
1046306,2019-10-23 10:54:34,,43022119.0,0.0,73,0,,0,0,0,0,0,
1046307,2019-10-23 10:55:27,,309570373.0,0.0,73,0,,0,0,0,0,0,
1046308,2019-10-23 10:55:46,1046304.0,214334796.0,0.0,73,0,,0,0,0,0,0,
1046309,2019-10-23 10:55:57,1046301.0,301496371.0,0.0,73,0,,0,0,0,0,0,
1046310,2019-10-23 10:56:28,,214334796.0,0.0,73,0,,0,0,0,0,0,
1046311,2019-10-23 10:56:40,1046309.0,43022119.0,0.0,73,0,,0,0,0,0,0,
1046312,2019-10-23 10:57:02,1046310.0,43022119.0,0.0,73,0,,0,0,0,0,0,
1046313,2019-10-23 10:57:53,1046311.0,301496371.0,0.0,73,0,,0,0,0,0,0,
1046314,2019-10-23 10:58:12,,43022119.0,0.0,73,0,,0,0,0,0,0,
1046315,2019-10-23 10:58:27,1046309.0,43022119.0,0.0,73,0,,0,0,0,0,0,
1046316,2019-10-23 10:58:57,1046315.0,301496371.0,0.0,73,0,,0,0,0,0,0,
1046317,2019-10-23 10:59:16,,43022119.0,0.0,73,0,,0,0,0,0,0,
1046318,2019-10-23 10:59:26,,43022119.0,0.0,73,0,,0,0,0,0,0,
1046319,2019-10-23 10:59:28,1046314.0,301496371.0,0.0,73,0,,0,0,0,0,0,
1046320,2019-10-23 11:02:17,1046310.0,301496371.0,0.0,73,0,,0,0,0,0,0,
1046321,2019-10-23 11:06:40,,617978300.0,1.0,74,0,,0,0,0,0,0,1
1046322,2019-10-23 11:07:10,1046320.0,214334796.0,0.0,73,0,,0,0,0,0,0,
1046323,2019-10-23 11:07:18,1046321.0,383327735.0,0.0,74,1,,0,0,0,0,0,
1046324,2019-10-23 11:07:19,1046321.0,214334796.0,0.0,74,1,,0,0,0,0,0,
1046325,2019-10-23 11:08:53,,425673941.0,1.0,75,0,,0,0,0,0,0,0
1046326,2019-10-23 11:09:17,1046324.0,309570373.0,0.0,74,1,,0,0,0,0,0,
1046327,2019-10-23 11:10:01,1046176.0,226354620.0,0.0,64,0,,0,0,0,0,0,
1046328,2019-10-23 11:10:31,1046327.0,43022119.0,0.0,64,0,,0,0,0,0,0,
1046329,2019-10-23 11:12:20,1046321.0,764538538.0,0.0,74,1,,0,0,0,0,0,
1046330,2019-10-23 11:12:41,1046329.0,309570373.0,0.0,74,0,,0,0,0,1,0,
1046331,2019-10-23 11:12:43,1046329.0,214334796.0,0.0,74,1,,0,0,0,0,0,
1046332,2019-10-23 11:12:44,1046326.0,764538538.0,0.0,74,0,,0,0,1,1,0,
1046333,2019-10-23 11:13:11,1046332.0,309570373.0,0.0,74,0,,0,0,0,1,0,
1046334,2019-10-23 11:13:17,1046331.0,764538538.0,0.0,74,0,,0,0,0,1,0,
1046335,2019-10-23 11:13:45,1046330.0,764538538.0,0.0,74,0,,0,0,0,1,0,
1046336,2019-10-23 11:13:52,1046331.0,309570373.0,0.0,74,0,,0,0,0,0,0,
1046337,2019-10-23 11:16:17,1046328.0,805385312.0,0.0,64,0,,0,0,0,0,0,
1046338,2019-10-23 11:16:28,,805385312.0,0.0,64,0,,0,0,0,0,0,
1046339,2019-10-23 11:16:52,1046337.0,43022119.0,0.0,64,0,,0,0,0,0,0,
1046340,2019-10-23 11:17:05,,43022119.0,0.0,64,0,,0,0,0,0,0,
1046341,2019-10-23 11:17:06,1046339.0,805385312.0,0.0,64,0,,0,0,0,0,0,
1046342,2019-10-23 11:17:29,,43022119.0,0.0,64,0,,0,0,0,0,0,
1046343,2019-10-23 11:17:39,,805385312.0,0.0,64,0,,0,0,0,0,0,
1046344,2019-10-23 11:18:18,1046321.0,75524586.0,0.0,74,1,,0,0,0,0,0,
1046345,2019-10-23 11:18:42,1046343.0,43022119.0,0.0,64,0,,0,0,0,0,0,
1046346,2019-10-23 11:18:56,1046344.0,43022119.0,0.0,74,0,,0,0,0,0,0,
1046347,2019-10-23 11:19:07,1046321.0,75524586.0,0.0,74,1,,0,0,0,0,0,
1046348,2019-10-23 11:19:09,1046321.0,43022119.0,0.0,74,1,,0,0,0,0,0,
1046349,2019-10-23 11:19:31,1046344.0,43022119.0,0.0,74,0,,0,0,0,1,0,
1046350,2019-10-23 11:19:48,,284834237.0,0.0,74,0,,0,0,0,1,0,
1046351,2019-10-23 11:21:05,,43022119.0,0.0,74,1,,0,0,0,0,0,
1046352,2019-10-23 11:21:13,1046351.0,75524586.0,0.0,74,0,,0,0,0,1,0,
1046353,2019-10-23 11:21:15,,43022119.0,0.0,74,0,,0,0,0,1,0,
1046354,2019-10-23 11:22:16,1046352.0,43022119.0,0.0,74,0,,0,0,0,1,0,
1046355,2019-10-23 11:22:16,,238085659.0,0.0,74,0,,0,0,1,1,0,
1046356,2019-10-23 11:22:28,1046354.0,75524586.0,0.0,74,0,,0,0,0,1,0,
1046357,2019-10-23 11:22:30,,238085659.0,0.0,74,0,,0,0,0,1,0,
1046358,2019-10-23 11:22:45,1046356.0,43022119.0,0.0,74,0,,0,0,0,1,0,
1046359,2019-10-23 11:22:57,,75524586.0,0.0,74,1,,0,0,0,1,0,
1046360,2019-10-23 11:23:07,,75524586.0,0.0,74,1,,0,0,0,1,0,
1046361,2019-10-23 11:23:18,,75524586.0,0.0,74,1,,0,0,0,0,0,
1046362,2019-10-23 11:23:19,1046360.0,455000585.0,0.0,74,0,,0,0,0,1,0,
1046363,2019-10-23 11:23:20,1046359.0,43022119.0,0.0,74,0,,0,0,0,1,0,
1046364,2019-10-23 11:24:31,,43022119.0,0.0,74,0,,0,0,0,1,0,
1046365,2019-10-23 11:24:54,,196154083.0,0.0,74,0,,0,0,0,1,0,
1046366,2019-10-23 11:24:58,1046364.0,75524586.0,0.0,74,0,,0,0,0,1,0,
1046367,2019-10-23 11:25:59,1046365.0,43022119.0,0.0,74,0,,0,0,0,1,0,
1046368,2019-10-23 11:26:14,1046367.0,196154083.0,0.0,74,0,,0,0,0,1,0,
1046369,2019-10-23 11:26:21,1046365.0,284834237.0,0.0,74,0,,0,0,0,1,0,
1046370,2019-10-23 11:26:43,,43022119.0,0.0,74,0,,0,0,0,1,0,
1046371,2019-10-23 11:26:53,1046280.0,621563905.0,0.0,71,1,,0,0,0,0,0,
1046372,2019-10-23 11:28:28,1046369.0,196154083.0,0.0,74,0,,0,0,0,1,0,
1046373,2019-10-23 11:29:15,,196154083.0,0.0,74,0,,0,0,0,1,0,
1046374,2019-10-23 11:30:59,1046372.0,284834237.0,0.0,74,0,,0,0,0,1,0,
1046375,2019-10-23 11:31:24,1046372.0,621563905.0,0.0,74,0,,0,0,0,1,0,
1046376,2019-10-23 11:31:26,1046371.0,43022119.0,0.0,71,0,,0,0,0,0,0,
1046377,2019-10-23 11:31:32,,284834237.0,0.0,74,0,,0,0,0,1,0,
1046378,2019-10-23 11:32:29,,284834237.0,0.0,74,0,,0,0,0,1,0,
1046382,2019-10-23 11:33:01,1046374.0,196154083.0,0.0,74,0,,0,0,0,1,0,
1046383,2019-10-23 11:33:49,,284834237.0,0.0,74,0,,0,0,0,1,0,
1046384,2019-10-23 11:34:18,1046382.0,43022119.0,0.0,74,0,,0,0,0,1,0,
1046385,2019-10-23 11:35:11,1046384.0,196154083.0,0.0,74,0,,0,0,0,1,0,
1046387,2019-10-23 11:35:53,1046376.0,621563905.0,0.0,71,0,,0,0,0,0,0,
1046388,2019-10-23 11:36:35,1046387.0,43022119.0,0.0,71,0,,0,0,0,0,0,
1046389,2019-10-23 11:37:23,1046388.0,621563905.0,0.0,71,0,,0,0,0,0,0,
1046390,2019-10-23 11:37:46,1046389.0,43022119.0,0.0,71,0,,0,0,0,0,0,
1046391,2019-10-23 11:38:03,,43022119.0,0.0,71,0,,0,0,0,0,0,
1046392,2019-10-23 11:38:45,1046390.0,621563905.0,0.0,71,0,,0,1,0,0,0,
1046393,2019-10-23 11:38:46,1046382.0,43022119.0,0.0,74,0,,0,0,1,1,0,
1046394,2019-10-23 11:38:55,1046389.0,284834237.0,0.0,71,0,,0,0,0,0,0,
1046395,2019-10-23 11:39:11,1046393.0,284834237.0,0.0,74,0,,0,0,0,1,0,
1046396,2019-10-23 11:39:24,1046393.0,196154083.0,0.0,74,0,,0,0,0,1,0,
1046397,2019-10-23 11:40:03,,196154083.0,0.0,74,0,,0,0,0,1,0,
1046398,2019-10-23 11:40:17,1046396.0,621563905.0,0.0,74,0,,0,0,0,1,0,
1046399,2019-10-23 11:40:28,,196154083.0,0.0,74,0,,0,0,0,1,0,
1046400,2019-10-23 11:41:27,1046355.0,375376668.0,0.0,74,0,,0,0,0,1,0,
1046401,2019-10-23 11:41:54,,238085659.0,0.0,74,0,,0,0,0,1,0,
1046402,2019-10-23 11:43:41,,196154083.0,0.0,74,0,,0,0,0,1,0,
1046403,2019-10-23 11:43:41,,375376668.0,0.0,74,0,,0,0,0,1,0,
1046404,2019-10-23 11:43:59,,196154083.0,0.0,74,0,,0,0,0,1,0,
1046405,2019-10-23 11:44:02,1046393.0,621563905.0,0.0,74,0,,0,0,0,1,0,
1046406,2019-10-23 11:44:13,,43022119.0,0.0,74,0,,0,0,0,1,0,
1046407,2019-10-23 11:44:30,1046393.0,621563905.0,0.0,74,0,,0,0,1,1,0,
1046408,2019-10-23 11:44:45,1046407.0,43022119.0,0.0,74,0,,0,0,0,1,0,
1046409,2019-10-23 11:44:56,1046355.0,214334796.0,0.0,74,0,,0,0,0,1,0,
1046410,2019-10-23 11:45:07,1046408.0,455000585.0,0.0,74,0,,0,0,0,1,0,
1046411,2019-10-23 11:45:17,1046406.0,621563905.0,0.0,74,0,,0,0,0,1,0,
1046412,2019-10-23 11:45:21,,238085659.0,0.0,74,0,,0,0,0,1,0,
1046413,2019-10-23 11:45:39,,238085659.0,0.0,74,0,,0,0,0,1,0,
1046414,2019-10-23 11:45:46,1046411.0,408922819.0,0.0,74,0,,0,0,0,1,0,
1046415,2019-10-23 11:45:52,1046411.0,455000585.0,0.0,74,0,,0,0,0,1,0,
1046416,2019-10-23 11:46:00,,408922819.0,0.0,74,0,,0,0,0,1,0,
1046417,2019-10-23 11:46:07,1046401.0,375376668.0,0.0,74,0,,0,0,0,1,0,
1046418,2019-10-23 11:46:08,1046414.0,43543351.0,0.0,74,0,,0,0,0,1,0,
1046419,2019-10-23 11:46:21,1046416.0,621563905.0,0.0,74,0,,0,0,0,1,0,
1046420,2019-10-23 11:46:26,,408922819.0,0.0,74,0,,0,0,0,1,0,
1046421,2019-10-23 11:46:31,1046417.0,238085659.0,0.0,74,0,,0,0,0,1,0,
1046422,2019-10-23 11:46:39,1046411.0,43022119.0,0.0,74,0,,0,0,0,1,0,
1046423,2019-10-23 11:46:43,,238085659.0,0.0,74,0,,0,0,0,1,0,
1046424,2019-10-23 11:46:48,1046420.0,890413434.0,0.0,74,0,,0,0,0,1,0,
1046425,2019-10-23 11:47:31,1046420.0,43022119.0,0.0,74,0,,0,0,0,1,0,
1046426,2019-10-23 11:47:45,1046425.0,196154083.0,0.0,74,0,,0,0,0,1,0,
1046427,2019-10-23 11:47:48,1046420.0,375376668.0,0.0,74,0,,0,0,0,1,0,
1046428,2019-10-23 11:48:22,,238085659.0,0.0,74,0,,0,0,0,1,0,
1046429,2019-10-23 11:48:45,,455000585.0,0.0,74,0,,0,0,0,1,0,
1046430,2019-10-23 11:48:48,,214334796.0,0.0,74,0,,0,0,0,1,0,
1046431,2019-10-23 11:48:49,1046428.0,711964644.0,0.0,74,0,,0,0,0,1,0,
1046432,2019-10-23 11:49:08,,238085659.0,0.0,74,0,,0,0,0,1,0,
1046433,2019-10-23 11:49:15,1046428.0,375376668.0,0.0,74,0,,0,0,0,1,0,
1046434,2019-10-23 11:49:19,,238085659.0,0.0,74,0,,0,0,0,1,0,
1046435,2019-10-23 11:49:33,,238085659.0,0.0,74,0,,0,0,0,1,0,
1046436,2019-10-23 11:49:40,1046429.0,196154083.0,0.0,74,0,,0,0,0,1,0,
1046437,2019-10-23 11:49:41,1046433.0,375376668.0,0.0,74,0,,0,0,0,1,0,
1046438,2019-10-23 11:49:56,,238085659.0,0.0,74,0,,0,0,0,1,0,
1046439,2019-10-23 11:50:06,1046428.0,455000585.0,0.0,74,0,,0,0,0,1,0,
1046440,2019-10-23 11:50:28,,238085659.0,0.0,74,0,,0,0,0,1,0,
1046441,2019-10-23 11:50:39,,238085659.0,0.0,74,0,,0,0,0,1,0,
1046442,2019-10-23 11:50:43,1046436.0,455000585.0,0.0,74,0,,0,0,0,1,0,
1046443,2019-10-23 11:50:53,,238085659.0,0.0,74,0,,0,0,0,1,0,
1046444,2019-10-23 11:51:00,1046440.0,455000585.0,0.0,74,0,,0,0,0,1,0,
1046445,2019-10-23 11:51:09,,455000585.0,0.0,74,0,,0,0,0,1,0,
1046446,2019-10-23 11:51:13,1046442.0,196154083.0,0.0,74,0,,0,0,0,1,0,
1046447,2019-10-23 11:51:14,1046444.0,375376668.0,0.0,74,0,,0,0,0,1,0,
1046448,2019-10-23 11:51:50,1046445.0,238085659.0,0.0,74,0,,0,0,0,1,0,
1046449,2019-10-23 11:51:57,1046446.0,455000585.0,0.0,74,0,,0,0,0,1,0,
1046450,2019-10-23 11:52:12,1046448.0,455000585.0,0.0,74,0,,0,0,1,1,0,
1046451,2019-10-23 11:52:25,,238085659.0,0.0,74,0,,0,0,0,1,0,
1046452,2019-10-23 11:52:37,,238085659.0,0.0,74,0,,0,0,0,1,0,
1046453,2019-10-23 11:52:38,,455000585.0,0.0,74,0,,0,0,0,1,0,
1046454,2019-10-23 11:53:00,1046428.0,408922819.0,0.0,74,0,,0,0,0,1,0,
1046455,2019-10-23 11:53:50,,375376668.0,0.0,74,0,,0,0,0,1,0,
1046456,2019-10-23 11:54:08,,375376668.0,0.0,74,0,,0,0,0,1,0,
1046457,2019-10-23 11:54:12,1046455.0,408922819.0,0.0,74,0,,0,0,0,1,0,
1046458,2019-10-23 11:55:04,1046451.0,375376668.0,0.0,74,0,,0,0,0,1,0,
1046459,2019-10-23 11:55:09,,238085659.0,0.0,74,0,,0,0,0,1,0,
1046460,2019-10-23 11:55:25,1046458.0,238085659.0,0.0,74,0,,0,0,0,1,0,
1046461,2019-10-23 11:55:29,1046459.0,375376668.0,0.0,74,0,,0,0,1,1,0,
1046462,2019-10-23 11:55:36,,238085659.0,0.0,74,0,,0,0,0,1,0,
1046463,2019-10-23 11:55:53,,238085659.0,0.0,74,0,,0,0,0,1,0,
1046464,2019-10-23 11:56:14,,238085659.0,0.0,74,0,,0,0,0,1,0,
1046465,2019-10-23 11:57:23,1046464.0,408922819.0,0.0,74,0,,0,0,0,1,0,
1046466,2019-10-23 11:57:32,1046462.0,375376668.0,0.0,74,0,,0,0,0,1,0,
1046467,2019-10-23 11:57:42,,375376668.0,0.0,74,0,,0,0,0,1,0,
1046468,2019-10-23 11:58:07,1046466.0,408258968.0,0.0,74,0,,0,0,0,1,0,
1046469,2019-10-23 11:58:09,1046400.0,764538538.0,0.0,74,0,,0,0,0,1,0,
1046470,2019-10-23 11:58:16,,408258968.0,0.0,74,0,,0,0,0,1,0,
1046471,2019-10-23 11:58:22,1046468.0,238085659.0,0.0,74,0,,0,0,0,1,0,
1046472,2019-10-23 11:58:35,,115874617.0,0.0,74,0,,0,0,0,1,0,
1046473,2019-10-23 11:59:23,1046464.0,375376668.0,0.0,74,0,,0,0,0,1,0,
1046474,2019-10-23 11:59:43,,238085659.0,0.0,74,0,,0,0,0,1,0,
1046477,2019-10-23 12:00:19,,238085659.0,0.0,74,0,,0,0,0,1,0,
1046479,2019-10-23 12:00:25,1046474.0,408922819.0,0.0,74,0,,0,0,0,1,0,
1046480,2019-10-23 12:01:02,1046477.0,115874617.0,0.0,74,0,,0,0,0,1,0,
1046481,2019-10-23 12:01:03,,238085659.0,0.0,74,0,,0,0,0,1,0,
1046482,2019-10-23 12:01:12,,115874617.0,0.0,74,0,,0,0,0,1,0,
1046483,2019-10-23 12:02:26,1046481.0,375376668.0,0.0,74,0,,0,0,0,1,0,
1046484,2019-10-23 12:02:54,,375376668.0,0.0,74,0,,0,0,0,1,0,
1046485,2019-10-23 12:02:56,,238085659.0,0.0,74,0,,0,0,0,1,0,
1046486,2019-10-23 12:03:25,1046454.0,43022119.0,0.0,74,0,,0,0,1,1,0,
1046487,2019-10-23 12:03:27,,115874617.0,0.0,74,0,,0,0,0,1,0,
1046488,2019-10-23 12:03:27,1046485.0,375376668.0,0.0,74,0,,0,0,0,1,0,
1046489,2019-10-23 12:03:30,1046485.0,408922819.0,0.0,74,0,,0,0,0,1,0,
1046490,2019-10-23 12:03:37,,115874617.0,0.0,74,0,,0,0,0,1,0,
1046491,2019-10-23 12:04:14,1046485.0,375376668.0,0.0,74,0,,0,0,0,1,0,
1046492,2019-10-23 12:04:31,1046491.0,408258968.0,0.0,74,0,,0,0,0,1,0,
1046493,2019-10-23 12:04:33,1046491.0,764538538.0,0.0,74,0,,0,0,0,1,0,
1046494,2019-10-23 12:04:55,,214334796.0,0.0,74,0,,0,0,0,1,0,
1046495,2019-10-23 12:05:11,1046485.0,408922819.0,0.0,74,0,,0,0,0,1,0,
1046496,2019-10-23 12:05:13,1046494.0,764538538.0,0.0,74,0,,0,0,0,1,0,
1046497,2019-10-23 12:05:46,,408922819.0,0.0,74,0,,0,0,0,1,0,
1046498,2019-10-23 12:05:52,,238085659.0,0.0,74,0,,0,0,0,1,0,
1046499,2019-10-23 12:06:07,1046493.0,375376668.0,0.0,74,0,,0,0,0,1,0,
1046500,2019-10-23 12:06:08,1046498.0,408922819.0,0.0,74,0,,0,0,0,1,0,
1046501,2019-10-23 12:06:17,,43022119.0,0.0,74,0,,0,0,0,1,0,
1046502,2019-10-23 12:06:20,1046498.0,408258968.0,0.0,74,0,,0,0,0,1,0,
1046503,2019-10-23 12:06:21,,408922819.0,0.0,74,0,,0,0,0,1,0,
1046504,2019-10-23 12:07:01,,408922819.0,0.0,74,0,,0,0,0,1,0,
1046505,2019-10-23 12:07:17,1046504.0,408258968.0,0.0,74,0,,0,0,0,1,0,
1046506,2019-10-23 12:07:30,,115874617.0,0.0,74,0,,0,0,0,1,0,
1046507,2019-10-23 12:07:55,,115874617.0,0.0,74,0,,0,0,0,1,0,
1046508,2019-10-23 12:08:05,,115874617.0,0.0,74,0,,0,0,0,1,0,
1046509,2019-10-23 12:08:17,,115874617.0,0.0,74,0,,0,0,0,1,0,
1046510,2019-10-23 12:08:38,,408258968.0,0.0,74,0,,0,0,0,1,0,
1046511,2019-10-23 12:08:39,,115874617.0,0.0,74,0,,0,0,0,1,0,
1046512,2019-10-23 12:08:58,1046509.0,408922819.0,0.0,74,0,,0,0,0,1,0,
1046513,2019-10-23 12:09:28,1046428.0,758993269.0,0.0,74,0,,0,0,0,1,0,
1046514,2019-10-23 12:10:13,1046428.0,408258968.0,0.0,74,0,,0,0,0,1,0,
1046515,2019-10-23 12:10:18,,238085659.0,0.0,74,0,,0,0,1,1,0,
1046516,2019-10-23 12:10:34,,408922819.0,0.0,74,0,,0,0,0,1,0,
1046517,2019-10-23 12:10:35,,115874617.0,0.0,74,0,,0,0,0,1,0,
1046518,2019-10-23 12:10:56,,238085659.0,0.0,74,0,,0,0,0,1,0,
1046519,2019-10-23 12:11:02,1046515.0,408922819.0,0.0,74,0,,0,0,0,1,0,
1046520,2019-10-23 12:11:09,,115874617.0,0.0,74,0,,0,0,0,1,0,
1046521,2019-10-23 12:11:19,,115874617.0,0.0,74,0,,0,0,0,1,0,
1046522,2019-10-23 12:11:37,,408922819.0,0.0,74,0,,0,0,0,1,0,
1046523,2019-10-23 12:11:40,,115874617.0,0.0,74,0,,0,0,0,1,0,
1046524,2019-10-23 12:11:54,,115874617.0,0.0,74,0,,0,0,0,1,0,
1046525,2019-10-23 12:11:57,,408922819.0,0.0,74,0,,0,0,0,1,0,
1046526,2019-10-23 12:12:07,,115874617.0,0.0,74,0,,0,0,0,1,0,
1046527,2019-10-23 12:12:33,,1029168646.0,1.0,76,0,,0,0,0,0,0,0
1046528,2019-10-23 12:12:50,,238085659.0,0.0,74,0,,0,0,0,1,0,
1046529,2019-10-23 12:13:02,,238085659.0,0.0,74,0,,0,0,0,1,0,
1046530,2019-10-23 12:13:17,1046528.0,1029168646.0,0.0,74,0,,0,0,0,1,0,
1046531,2019-10-23 12:13:21,,238085659.0,0.0,74,0,,0,0,0,1,0,
1046532,2019-10-23 12:13:23,,408922819.0,0.0,74,0,,0,0,0,1,0,
1046533,2019-10-23 12:13:50,,408922819.0,0.0,74,0,,0,0,0,1,0,
1046534,2019-10-23 12:14:02,,115874617.0,0.0,74,0,,0,0,0,1,0,
1046535,2019-10-23 12:14:13,,115874617.0,0.0,74,0,,0,0,0,1,0,
1046536,2019-10-23 12:14:52,,1029168646.0,0.0,76,0,,0,0,0,1,0,
1046537,2019-10-23 12:15:15,1046536.0,408922819.0,0.0,76,0,,0,0,1,1,0,
1046538,2019-10-23 12:15:29,,408922819.0,0.0,76,0,,0,0,0,1,0,
1046539,2019-10-23 12:15:47,,43022119.0,0.0,76,0,,0,0,0,1,0,
1046540,2019-10-23 12:15:57,1046536.0,764538538.0,0.0,76,0,,0,0,0,1,0,
1046541,2019-10-23 12:16:02,1046537.0,1029168646.0,0.0,76,0,,0,0,0,1,0,
1046542,2019-10-23 12:16:23,1046540.0,1029168646.0,0.0,76,0,,0,0,0,1,0,
1046543,2019-10-23 12:16:43,1046542.0,764538538.0,0.0,76,0,,0,0,0,1,0,
1046544,2019-10-23 12:17:25,1046542.0,61043901.0,0.0,76,0,,0,0,0,1,0,
1046545,2019-10-23 12:18:05,1046536.0,214334796.0,0.0,76,0,,0,0,0,1,0,
1046546,2019-10-23 12:18:21,1046545.0,1029168646.0,0.0,76,0,,0,0,0,1,0,
1046547,2019-10-23 12:18:35,1046545.0,43022119.0,0.0,76,0,,0,0,0,1,0,
1046548,2019-10-23 12:18:49,1046542.0,334092924.0,0.0,76,0,,0,0,0,1,0,
1046549,2019-10-23 12:19:10,1046514.0,758993269.0,0.0,74,0,,0,0,0,1,0,
1046550,2019-10-23 12:20:29,1046547.0,758993269.0,0.0,76,0,,0,0,0,1,0,
1046551,2019-10-23 12:21:29,1046550.0,375376668.0,0.0,76,0,,0,0,0,1,0,
1046552,2019-10-23 12:21:47,,375376668.0,0.0,76,0,,0,0,0,1,0,
1046553,2019-10-23 12:22:02,,238085659.0,0.0,76,0,,0,0,0,1,0,
1046554,2019-10-23 12:22:26,1046552.0,758993269.0,0.0,76,0,,0,0,0,1,0,
1046555,2019-10-23 12:22:36,1046554.0,375376668.0,0.0,76,0,,0,0,0,1,0,
1046556,2019-10-23 12:23:47,1046546.0,375376668.0,0.0,76,0,,0,0,0,1,0,
1046557,2019-10-23 12:24:19,1046548.0,1029168646.0,0.0,76,0,,0,0,0,1,0,
1046558,2019-10-23 12:24:51,,1029168646.0,0.0,76,0,,0,0,0,1,0,
1046559,2019-10-23 12:25:18,1046556.0,604530514.0,0.0,76,0,,0,0,0,1,0,
1046560,2019-10-23 12:25:36,1046558.0,764538538.0,0.0,76,0,,0,0,0,1,0,
1046561,2019-10-23 12:26:23,1046560.0,1029168646.0,0.0,76,0,,0,0,0,1,0,
1046562,2019-10-23 12:30:23,1046559.0,375376668.0,0.0,76,0,,0,0,0,1,0,
1046563,2019-10-23 12:31:01,,375376668.0,0.0,76,0,,0,0,0,1,0,
1046564,2019-10-23 13:15:08,,7041863.0,1.0,77,0,,0,0,0,0,0,1
1046565,2019-10-23 13:15:52,1046564.0,711964644.0,0.0,77,1,,0,0,0,0,0,
1046566,2019-10-23 13:15:58,,7041863.0,0.0,77,0,,0,0,0,0,0,
1046567,2019-10-23 13:16:02,,711964644.0,0.0,77,1,,0,0,0,0,0,
1046568,2019-10-23 13:16:24,1046567.0,43022119.0,0.0,77,0,,0,0,0,0,0,
1046569,2019-10-23 13:16:46,1046568.0,711964644.0,0.0,77,0,,0,0,0,0,0,
1046570,2019-10-23 13:17:02,1046569.0,43022119.0,0.0,77,0,,0,0,0,0,0,
1046571,2019-10-23 13:17:16,1046570.0,711964644.0,0.0,77,0,,0,0,0,0,0,
1046572,2019-10-23 13:18:24,,7041863.0,0.0,77,0,,0,0,0,0,0,
1046573,2019-10-23 13:18:37,,455000585.0,0.0,77,0,,0,0,0,0,0,
1046574,2019-10-23 13:20:59,1046572.0,43022119.0,0.0,77,0,,0,0,0,0,0,
1046575,2019-10-23 13:21:15,,43022119.0,0.0,77,0,,0,0,0,0,0,
1046576,2019-10-23 13:22:50,1046574.0,7041863.0,0.0,77,0,,0,0,0,0,0,
1046577,2019-10-23 13:23:27,1046575.0,7041863.0,0.0,77,0,,0,0,0,0,0,
1046578,2019-10-23 13:23:52,,43022119.0,0.0,77,0,,0,0,0,0,0,
1046579,2019-10-23 13:25:30,1046578.0,7041863.0,0.0,77,0,,0,0,0,0,0,
1046580,2019-10-23 13:26:16,1046579.0,43022119.0,0.0,77,0,,0,0,0,0,0,
1046581,2019-10-23 13:26:32,,7041863.0,0.0,77,0,,0,0,0,0,0,
1046582,2019-10-23 13:26:58,,7041863.0,0.0,77,1,,0,0,0,0,0,
1046583,2019-10-23 13:27:07,,43022119.0,0.0,77,1,,0,0,0,0,0,
1046584,2019-10-23 13:28:05,,7041863.0,0.0,77,0,,0,1,0,0,0,
1046585,2019-10-23 13:30:19,,65137339.0,1.0,78,0,,0,0,0,0,0,1
1046586,2019-10-23 13:30:57,1046585.0,144059519.0,0.0,78,1,,0,0,0,0,0,
1046587,2019-10-23 13:31:59,1046586.0,65137339.0,0.0,78,0,,0,0,0,0,0,
1046588,2019-10-23 13:32:39,1046586.0,65137339.0,0.0,78,0,,0,0,0,0,0,
1046589,2019-10-23 13:33:28,1046588.0,383492784.0,0.0,78,1,,0,0,0,0,0,
1046590,2019-10-23 13:34:18,,414213849.0,1.0,79,0,,0,0,0,0,0,0
1046591,2019-10-23 13:35:45,1046583.0,7041863.0,0.0,77,0,,1,0,0,0,0,
1046592,2019-10-23 13:36:23,1046583.0,7041863.0,0.0,77,1,,0,0,0,0,0,
1046593,2019-10-23 13:36:34,,414213849.0,0.0,77,0,,0,0,0,0,0,
1046594,2019-10-23 13:36:49,1046591.0,43022119.0,0.0,77,1,,0,0,0,0,0,
1046595,2019-10-23 13:39:40,1046179.0,169280177.0,0.0,80,0,,0,0,0,0,0,
1046597,2019-10-23 13:41:54,1046596.0,784698109.0,0.0,81,0,,0,0,0,1,0,
1046599,2019-10-23 13:43:01,1046598.0,784698109.0,0.0,82,0,,0,0,0,0,0,
1046601,2019-10-23 13:44:39,1046594.0,7041863.0,0.0,77,0,,0,1,0,0,0,
1046604,2019-10-23 13:48:07,,621563905.0,1.0,83,0,,0,0,0,0,0,
1046605,2019-10-23 13:49:20,,284834237.0,0.0,83,1,,0,0,0,0,0,
1046606,2019-10-23 13:49:25,1046604.0,43022119.0,0.0,83,1,,0,0,0,0,0,
1046607,2019-10-23 13:49:28,,43022119.0,0.0,83,1,,0,0,0,0,0,
1046609,2019-10-23 13:51:37,,65137339.0,0.0,84,0,,0,0,0,0,0,
1046610,2019-10-23 13:52:53,,43022119.0,1.0,85,0,,0,0,0,0,0,0
1046611,2019-10-23 13:53:08,,455000585.0,0.0,85,1,,0,0,0,0,0,
1046612,2019-10-23 13:53:18,,43022119.0,0.0,85,0,,0,0,0,0,0,
1046613,2019-10-23 13:53:39,,455000585.0,0.0,85,1,,0,0,0,0,0,
1046614,2019-10-23 13:53:44,,43022119.0,0.0,85,0,,0,0,0,0,0,
1046615,2019-10-23 13:53:53,,455000585.0,0.0,85,0,,0,0,0,0,0,
1046616,2019-10-23 13:54:05,1046604.0,284834237.0,0.0,83,1,,0,0,0,0,0,
1046617,2019-10-23 13:54:38,,284834237.0,1.0,86,0,,0,0,0,0,0,0
1046618,2019-10-23 13:54:41,,43022119.0,0.0,85,0,,0,0,1,0,0,
1046619,2019-10-23 13:55:20,1046616.0,621563905.0,0.0,77,0,,0,0,0,0,0,
1046620,2019-10-23 13:56:20,1046618.0,805385312.0,0.0,85,1,,0,0,0,0,0,
1046622,2019-10-23 13:56:59,,465954362.0,1.0,87,0,,0,0,0,0,0,0
1046623,2019-10-23 13:58:16,1046622.0,294239586.0,0.0,87,1,,0,0,0,0,0,
1046624,2019-10-23 13:58:46,,465954362.0,0.0,87,0,,1,0,0,0,0,
1046625,2019-10-23 13:59:29,,465954362.0,0.0,87,0,,0,0,0,0,0,
1046626,2019-10-23 13:59:55,1046616.0,621563905.0,0.0,83,0,,0,0,0,0,0,
1046627,2019-10-23 14:00:49,,284834237.0,0.0,83,1,,0,0,0,0,0,
1046628,2019-10-23 14:01:02,,475112093.0,1.0,88,0,,0,0,0,1,1,0
1046630,2019-10-23 14:08:36,,683226165.0,1.0,89,0,,0,0,0,0,0,0
1046631,2019-10-23 14:10:05,,43543351.0,0.0,89,0,,0,0,1,1,0,
1046632,2019-10-23 14:10:13,1046631.0,43022119.0,0.0,89,0,,0,0,0,1,0,
1046633,2019-10-23 14:10:21,,455000585.0,0.0,89,0,,0,0,0,1,0,
1046634,2019-10-23 14:10:23,1046630.0,201938225.0,0.0,89,0,,0,0,0,0,0,
1046635,2019-10-23 14:10:26,,43022119.0,0.0,89,0,,0,0,0,1,0,
1046636,2019-10-23 14:10:32,,455000585.0,0.0,89,0,,0,0,0,1,0,
1046637,2019-10-23 14:10:36,,43543351.0,0.0,89,0,,0,0,0,1,0,
1046638,2019-10-23 14:11:01,1046634.0,455000585.0,0.0,89,0,,0,0,0,0,0,
1046639,2019-10-23 14:11:16,,199728517.0,1.0,90,0,,0,0,0,0,0,1
1046640,2019-10-23 14:11:58,1046639.0,43022119.0,0.0,90,1,,0,0,0,0,0,
1046641,2019-10-23 14:12:07,,43022119.0,0.0,90,1,,0,0,0,0,0,
1046642,2019-10-23 14:12:08,1046639.0,43543351.0,0.0,90,1,,0,0,0,0,0,
1046643,2019-10-23 14:12:18,1046642.0,43022119.0,0.0,90,0,,0,0,0,0,0,
1046644,2019-10-23 14:13:00,,43543351.0,0.0,90,0,,0,0,0,0,0,
1046645,2019-10-23 14:13:00,,425439946.0,1.0,91,0,,0,0,0,0,0,1
1046646,2019-10-23 14:13:10,1046644.0,43022119.0,0.0,90,0,,0,0,0,0,0,
1046647,2019-10-23 14:13:24,1046644.0,43022119.0,0.0,90,0,,0,0,0,0,0,
1046648,2019-10-23 14:13:26,1046640.0,199728517.0,0.0,90,0,,0,0,0,0,0,
1046649,2019-10-23 14:13:44,1046648.0,43022119.0,0.0,90,0,,0,0,0,0,0,
1046650,2019-10-23 14:13:50,1046639.0,455000585.0,0.0,90,0,,0,0,0,0,0,
1046651,2019-10-23 14:13:54,1046650.0,43022119.0,0.0,90,0,,0,0,0,0,0,
1046652,2019-10-23 14:14:10,1046651.0,455000585.0,0.0,90,0,,0,0,0,0,0,
1046653,2019-10-23 14:14:42,1046650.0,199728517.0,0.0,90,0,,0,0,0,0,0,
1046654,2019-10-23 14:14:45,1046645.0,425439946.0,0.0,91,0,,0,0,0,0,0,
1046655,2019-10-23 14:14:59,1046648.0,43022119.0,0.0,90,1,,0,0,0,0,0,
1046656,2019-10-23 14:15:47,1046649.0,199728517.0,0.0,90,0,,0,0,0,0,0,
1046657,2019-10-23 14:15:51,1046645.0,455000585.0,0.0,91,0,,0,0,0,0,0,
1046658,2019-10-23 14:16:10,1046657.0,425439946.0,0.0,91,0,,0,0,0,0,0,
1046659,2019-10-23 14:16:15,,199728517.0,0.0,91,0,,0,0,0,0,0,
1046660,2019-10-23 14:16:16,,43543351.0,0.0,91,1,,0,0,0,0,0,
1046661,2019-10-23 14:16:30,1046658.0,455000585.0,0.0,91,1,,0,0,0,0,0,
1046662,2019-10-23 14:16:52,1046656.0,43022119.0,0.0,90,0,,1,0,0,0,0,
1046663,2019-10-23 14:17:16,1046659.0,43022119.0,0.0,91,0,,0,0,0,0,0,
1046664,2019-10-23 14:17:29,1046662.0,199728517.0,0.0,90,0,,1,0,0,0,0,
1046665,2019-10-23 14:18:04,,43022119.0,0.0,90,0,,0,0,0,0,0,
1046666,2019-10-23 14:18:04,,43543351.0,0.0,90,0,,0,0,0,0,0,
1046667,2019-10-23 14:18:08,1046663.0,199728517.0,0.0,91,0,,0,0,0,0,0,
1046668,2019-10-23 14:18:11,,43022119.0,0.0,90,0,,0,0,0,0,0,
1046669,2019-10-23 14:18:19,,43022119.0,0.0,90,0,,0,0,0,0,0,
1046670,2019-10-23 14:18:30,,43022119.0,0.0,90,0,,0,0,0,0,0,
1046671,2019-10-23 14:18:54,1046664.0,43022119.0,0.0,90,0,,0,0,0,0,0,
1046672,2019-10-23 14:19:06,,683226165.0,0.0,92,0,,0,0,0,0,0,
1046673,2019-10-23 14:19:21,,43022119.0,0.0,85,0,,0,0,0,0,0,
1046674,2019-10-23 14:19:27,1046669.0,199728517.0,0.0,90,0,,0,0,0,0,0,
1046675,2019-10-23 14:19:34,,897799022.0,1.0,93,0,,0,0,0,0,0,0
1046676,2019-10-23 14:19:43,1046675.0,43022119.0,0.0,93,0,,0,0,0,0,0,
1046677,2019-10-23 14:19:48,,43022119.0,0.0,93,0,,0,0,0,0,0,
1046678,2019-10-23 14:20:06,,897799022.0,0.0,93,0,,0,0,0,0,0,
1046679,2019-10-23 14:20:36,1046673.0,455000585.0,0.0,85,0,,0,0,0,0,0,
1046680,2019-10-23 14:20:41,,225808951.0,1.0,94,0,,0,0,0,0,0,0
1046681,2019-10-23 14:20:45,1046678.0,43022119.0,0.0,93,0,,0,0,0,0,0,
1046682,2019-10-23 14:20:50,,43022119.0,0.0,93,0,,0,0,0,0,0,
1046683,2019-10-23 14:20:57,1046680.0,43022119.0,0.0,94,1,,0,0,0,0,0,
1046684,2019-10-23 14:21:21,,897799022.0,0.0,93,0,,0,0,0,0,0,
1046685,2019-10-23 14:21:30,,897799022.0,0.0,93,0,,0,0,0,0,0,
1046686,2019-10-23 14:21:33,,455000585.0,0.0,93,0,,0,0,0,0,0,
1046687,2019-10-23 14:21:39,1046680.0,43543351.0,0.0,94,1,,0,0,0,0,0,
1046688,2019-10-23 14:22:16,1046687.0,225808951.0,0.0,94,0,,0,1,0,0,0,
1046689,2019-10-23 14:22:18,,43543351.0,0.0,93,0,,0,0,0,0,0,
1046690,2019-10-23 14:22:20,,897799022.0,0.0,93,0,,0,0,0,0,0,
1046691,2019-10-23 14:22:27,,455000585.0,0.0,93,0,,0,0,0,0,0,
1046692,2019-10-23 14:22:46,,455000585.0,0.0,93,0,,0,0,0,0,0,
1046693,2019-10-23 14:25:17,1046684.0,43022119.0,0.0,93,0,,0,0,0,0,0,
1046694,2019-10-23 14:25:49,1046679.0,43022119.0,0.0,85,0,,0,1,0,0,0,
1046695,2019-10-23 14:26:22,,455000585.0,0.0,85,0,,0,0,0,0,0,
1046696,2019-10-23 14:27:06,,897799022.0,0.0,93,0,,0,0,0,0,0,
1046697,2019-10-23 14:27:18,1046696.0,43022119.0,0.0,93,0,,0,0,0,0,0,
1046698,2019-10-23 14:27:40,,897799022.0,0.0,93,0,,1,0,0,0,0,
1046699,2019-10-23 14:28:20,,43022119.0,0.0,93,0,,0,0,0,0,0,
1046700,2019-10-23 14:29:44,,43022119.0,0.0,93,0,,0,0,0,0,0,
1046701,2019-10-23 14:31:16,1046700.0,897799022.0,0.0,93,0,,0,0,0,0,0,
1046702,2019-10-23 14:32:08,,43022119.0,0.0,93,0,,0,0,0,0,0,
1046703,2019-10-23 14:32:22,,897799022.0,0.0,93,0,,0,0,0,0,0,
1046704,2019-10-23 14:32:24,,43022119.0,0.0,93,1,,0,0,0,0,0,
1046705,2019-10-23 14:33:21,,897799022.0,0.0,93,1,,0,0,0,0,0,
1046706,2019-10-23 14:33:51,,897799022.0,0.0,93,0,,0,1,0,0,0,
1046707,2019-10-23 14:34:08,,455000585.0,0.0,93,0,,0,0,0,0,0,
1046708,2019-10-23 14:34:23,,897799022.0,0.0,93,0,,0,0,0,0,0,
1046709,2019-10-23 14:37:52,,273715136.0,1.0,95,0,,0,0,0,0,0,0
1046710,2019-10-23 14:39:50,1046659.0,145418215.0,0.0,91,1,,0,0,0,0,0,
1046711,2019-10-23 14:40:35,1046659.0,144059519.0,0.0,91,0,,0,0,0,0,0,
1046712,2019-10-23 14:40:57,1046711.0,145418215.0,0.0,91,0,,0,0,0,0,0,
1046713,2019-10-23 14:43:50,1046639.0,145418215.0,0.0,90,1,,0,0,0,0,0,
1046714,2019-10-23 14:48:46,,199728517.0,0.0,90,1,,0,0,0,0,0,
1046715,2019-10-23 14:49:20,,455000585.0,0.0,90,1,,0,0,0,0,0,
1046716,2019-10-23 14:51:44,,199728517.0,0.0,90,0,,0,0,0,0,0,
1046717,2019-10-23 14:51:57,,453146787.0,0.0,90,0,,0,0,0,0,0,
1046718,2019-10-23 14:52:38,1046715.0,145418215.0,0.0,90,0,,0,0,0,0,0,
1046719,2019-10-23 14:53:05,1046718.0,455000585.0,0.0,90,0,,0,0,0,0,0,
1046720,2019-10-23 14:53:06,1046714.0,145418215.0,0.0,90,0,,0,0,0,0,0,
1046721,2019-10-23 14:54:17,1046719.0,145418215.0,0.0,90,0,,0,0,0,0,0,
1046722,2019-10-23 14:54:47,1046721.0,455000585.0,0.0,90,0,,0,0,0,0,0,
1046723,2019-10-23 14:56:13,1046716.0,145418215.0,0.0,90,0,,0,0,0,0,0,
1046724,2019-10-23 15:02:11,1046723.0,199728517.0,0.0,90,0,,1,0,0,0,0,
1046725,2019-10-23 15:02:30,1046724.0,145418215.0,0.0,90,0,,0,0,0,0,0,
1046730,2019-10-23 15:40:40,,843529473.0,1.0,96,0,,0,0,0,0,0,0
1046731,2019-10-23 15:41:03,,455000585.0,0.0,96,0,,0,0,0,1,0,
1046732,2019-10-23 15:44:24,,613832536.0,1.0,97,0,,0,0,0,0,0,0
1046733,2019-10-23 15:44:51,,613832536.0,0.0,97,0,,0,0,0,0,0,
1046734,2019-10-23 15:57:05,1046732.0,375376668.0,0.0,97,1,,0,0,0,0,0,
1046735,2019-10-23 15:57:11,,375376668.0,0.0,97,0,,0,0,0,0,0,
1046736,2019-10-23 15:59:32,1046734.0,613832536.0,0.0,97,0,,0,0,0,0,0,
1046737,2019-10-23 15:59:42,1046736.0,375376668.0,0.0,97,0,,0,0,0,0,0,
1046738,2019-10-23 15:59:48,,375376668.0,0.0,97,0,,0,0,0,0,0,
1046739,2019-10-23 16:00:32,1046738.0,613832536.0,0.0,97,0,,0,0,0,0,0,
1046740,2019-10-23 16:00:48,,375376668.0,0.0,97,0,,0,0,0,0,0,
1046741,2019-10-23 16:00:58,,375376668.0,0.0,97,0,,0,0,0,0,0,
1046742,2019-10-23 16:01:14,,375376668.0,0.0,97,0,,0,0,0,0,0,
1046743,2019-10-23 16:23:22,1046741.0,784698109.0,0.0,97,0,,0,0,0,0,0,
1046744,2019-10-23 16:29:30,,563596707.0,1.0,98,0,,0,0,0,0,0,0
1046745,2019-10-23 16:29:45,,563596707.0,0.0,98,0,,0,0,0,0,0,
1046746,2019-10-23 16:30:41,,170749663.0,1.0,99,0,,0,0,0,0,0,0
1046747,2019-10-23 16:31:09,,170749663.0,0.0,99,0,,0,0,0,0,0,
1046748,2019-10-23 16:35:20,1046744.0,375376668.0,0.0,98,1,,0,0,0,0,0,
1046749,2019-10-23 16:37:21,,38101116.0,1.0,100,0,,0,0,0,0,0,1
1046750,2019-10-23 16:37:46,1046749.0,784698109.0,0.0,100,1,,0,0,0,0,0,
1046751,2019-10-23 16:37:58,1046750.0,38101116.0,0.0,100,0,,0,0,0,0,0,
1046752,2019-10-23 16:38:17,1046751.0,784698109.0,0.0,100,0,,0,0,0,0,0,
1046753,2019-10-23 16:38:59,1046752.0,38101116.0,0.0,100,0,,0,0,0,0,0,
1046754,2019-10-23 16:39:06,1046749.0,170749663.0,0.0,100,1,,0,0,0,0,0,
1046755,2019-10-23 16:39:44,1046754.0,38101116.0,0.0,100,0,,0,0,0,0,0,
1046756,2019-10-23 16:40:11,,170749663.0,0.0,100,0,,0,0,0,0,0,
1046757,2019-10-23 16:40:29,,406620894.0,0.0,100,0,,0,0,0,1,0,
1046758,2019-10-23 16:43:27,1046749.0,43022119.0,0.0,100,0,,0,0,0,0,0,
1046759,2019-10-23 16:43:35,1046758.0,38101116.0,0.0,100,0,,0,0,0,0,0,
1046760,2019-10-23 16:43:46,,43022119.0,0.0,100,1,,0,0,0,0,0,
1046761,2019-10-23 16:44:20,1046760.0,38101116.0,0.0,100,0,,0,0,0,0,0,
1046762,2019-10-23 16:44:46,1046761.0,43022119.0,0.0,100,1,,0,0,0,0,0,
1046763,2019-10-23 16:45:02,,43022119.0,0.0,100,1,,0,0,0,0,0,
1046764,2019-10-23 16:45:39,1046763.0,38101116.0,0.0,100,1,,0,0,0,0,0,
1046765,2019-10-23 16:45:50,1046764.0,43022119.0,0.0,100,1,,0,0,0,0,0,
1046766,2019-10-23 16:46:59,1046765.0,38101116.0,0.0,100,0,,0,0,0,0,0,
1046767,2019-10-23 16:47:37,1046766.0,43022119.0,0.0,100,0,,0,0,0,0,0,
1046768,2019-10-23 16:47:55,,43022119.0,0.0,100,0,,0,0,0,0,0,
1046769,2019-10-23 16:48:03,1046767.0,38101116.0,0.0,100,0,,0,0,0,0,0,
1046770,2019-10-23 16:48:05,1046766.0,170749663.0,0.0,100,1,,0,0,0,0,0,
1046771,2019-10-23 16:48:14,1046768.0,38101116.0,0.0,100,0,,0,0,0,0,0,
1046772,2019-10-23 16:48:41,,43022119.0,0.0,100,1,,0,0,0,0,0,
1046773,2019-10-23 16:48:46,1046770.0,43022119.0,0.0,100,0,,0,0,0,0,0,
1046774,2019-10-23 16:48:58,1046771.0,43022119.0,0.0,100,0,,0,0,0,0,0,
1046775,2019-10-23 16:49:24,1046772.0,170749663.0,0.0,100,0,,0,0,0,0,0,
1046776,2019-10-23 16:49:26,1046774.0,38101116.0,0.0,100,1,,0,0,0,0,0,
1046777,2019-10-23 16:49:30,1046770.0,43022119.0,0.0,100,1,,0,0,0,0,0,
1046778,2019-10-23 16:49:36,1046776.0,43022119.0,0.0,100,0,,0,0,0,0,0,
1046779,2019-10-23 16:50:20,1046778.0,38101116.0,0.0,100,0,,0,1,0,0,0,
1046785,2019-10-23 17:03:58,,216905921.0,1.0,101,0,,0,0,0,1,1,0
1046789,2019-10-23 17:17:39,,763188899.0,1.0,102,0,,0,0,0,0,0,0
1046790,2019-10-23 17:31:23,,43022119.0,0.0,102,0,,0,0,0,0,0,
1046791,2019-10-23 17:31:27,,43022119.0,0.0,102,0,,0,0,0,0,0,
1046792,2019-10-23 17:32:09,1046789.0,43022119.0,0.0,102,0,,0,0,0,0,0,
1046793,2019-10-23 17:32:34,1046789.0,425439946.0,0.0,102,1,,0,0,0,0,0,
1046794,2019-10-23 17:33:32,,170749663.0,1.0,103,0,,0,0,0,0,0,1
1046795,2019-10-23 17:34:23,,43022119.0,0.0,103,0,,0,0,0,0,0,
1046796,2019-10-23 17:34:46,,43022119.0,0.0,103,1,,0,0,0,0,0,
1046797,2019-10-23 17:35:23,,170749663.0,0.0,103,0,,0,0,0,0,0,
1046798,2019-10-23 17:35:57,,43022119.0,0.0,103,0,,0,0,0,0,0,
1046799,2019-10-23 17:36:14,1046793.0,763188899.0,0.0,102,0,,0,0,0,0,0,
1046800,2019-10-23 17:36:19,1046797.0,43022119.0,0.0,103,1,,0,0,0,0,0,
1046801,2019-10-23 17:36:33,1046792.0,763188899.0,0.0,102,0,,0,0,0,0,0,
1046802,2019-10-23 17:36:37,1046797.0,425439946.0,0.0,103,0,,0,0,0,0,0,
1046803,2019-10-23 17:37:14,1046800.0,170749663.0,0.0,103,0,,0,1,1,0,0,
1046804,2019-10-23 17:37:15,1046791.0,763188899.0,0.0,102,0,,0,0,0,0,0,
1046805,2019-10-23 17:37:23,,43022119.0,0.0,103,0,,0,0,0,0,0,
1046806,2019-10-23 17:37:44,1046803.0,43022119.0,0.0,103,1,,0,0,0,0,0,
1046807,2019-10-23 17:37:46,,170749663.0,0.0,103,0,,0,0,0,0,0,
1046808,2019-10-23 17:38:24,1046801.0,43022119.0,0.0,102,1,,0,0,0,0,0,
1046813,2019-10-23 17:39:12,1046808.0,763188899.0,0.0,102,0,,0,0,0,0,0,
1046815,2019-10-23 17:39:31,1046807.0,425439946.0,0.0,103,1,,0,0,0,0,0,
1046816,2019-10-23 17:39:32,1046813.0,43022119.0,0.0,102,1,,0,0,0,0,0,
1046819,2019-10-23 17:40:08,1046798.0,170749663.0,0.0,103,0,,0,0,0,0,0,
1046821,2019-10-23 17:40:15,1046816.0,763188899.0,0.0,102,0,,0,0,0,0,0,
1046825,2019-10-23 17:40:30,1046819.0,43022119.0,0.0,103,1,,0,0,0,0,0,
1046827,2019-10-23 17:41:06,1046825.0,170749663.0,0.0,103,0,,0,0,0,0,0,
1046830,2019-10-23 18:23:54,,632788390.0,1.0,104,0,,0,0,0,0,0,0
1046831,2019-10-23 18:25:17,1046830.0,1753590.0,0.0,104,1,,0,0,0,0,0,
1046832,2019-10-23 18:26:20,1046830.0,145418215.0,0.0,104,1,,0,0,0,0,0,
1046833,2019-10-23 18:28:47,1046832.0,632788390.0,0.0,104,0,,0,0,0,0,0,
1046834,2019-10-23 18:30:00,1046833.0,145418215.0,0.0,104,0,,0,0,0,0,0,
1046835,2019-10-23 18:30:44,1046833.0,145418215.0,0.0,104,0,,0,0,0,0,0,
1046836,2019-10-23 18:31:09,,472080140.0,1.0,105,0,,0,0,0,0,0,1
1046840,2019-10-23 18:34:18,1046833.0,145418215.0,0.0,104,1,,0,0,0,0,0,
1046841,2019-10-23 18:41:17,,834997992.0,1.0,106,0,,0,0,0,0,0,0
1046842,2019-10-23 18:41:33,1046836.0,408922819.0,0.0,105,1,,0,0,0,0,0,
1046843,2019-10-23 18:42:04,,472080140.0,0.0,105,0,,0,0,0,0,0,
1046844,2019-10-23 18:42:45,1046843.0,408922819.0,0.0,105,0,,0,0,0,0,0,
1046845,2019-10-23 18:44:45,1046841.0,408922819.0,0.0,106,1,,0,0,0,0,0,
1046846,2019-10-23 18:45:03,1046845.0,834997992.0,0.0,106,0,,0,1,0,0,0,
1046850,2019-10-23 18:47:10,,472080140.0,0.0,105,0,,0,0,0,0,0,
1046851,2019-10-23 18:58:34,1046850.0,408922819.0,0.0,105,1,,0,0,0,0,0,
1046852,2019-10-23 19:00:07,1046842.0,472080140.0,0.0,105,0,,1,0,0,0,0,
1046853,2019-10-23 19:00:20,1046852.0,408922819.0,0.0,105,0,,0,0,0,0,0,
1046854,2019-10-23 19:00:51,,472080140.0,0.0,105,0,,0,0,0,0,0,
1046855,2019-10-23 19:01:55,,408922819.0,0.0,105,0,,0,0,0,0,0,
1046856,2019-10-23 19:02:09,,408922819.0,0.0,105,1,,0,0,0,0,0,
1046857,2019-10-23 19:09:02,,472080140.0,0.0,105,0,,0,1,0,0,0,
1046858,2019-10-23 19:09:20,,472080140.0,0.0,105,0,,0,0,0,0,0,
1046859,2019-10-23 19:12:11,,472080140.0,0.0,105,0,,0,0,1,0,0,
1046860,2019-10-23 19:12:37,1046859.0,408922819.0,0.0,105,0,,0,0,0,0,0,
1046861,2019-10-23 19:12:41,1046859.0,191844321.0,0.0,105,0,,0,0,0,0,0,
1046862,2019-10-23 19:12:49,,408922819.0,0.0,105,0,,0,0,0,0,0,
1046863,2019-10-23 19:13:02,,472080140.0,0.0,105,0,,0,0,0,0,0,
1046864,2019-10-23 19:13:10,1046863.0,408922819.0,0.0,105,0,,0,0,0,0,0,
1046865,2019-10-23 19:13:35,1046863.0,191844321.0,0.0,105,0,,0,0,0,0,0,
1046866,2019-10-23 19:13:36,,408922819.0,0.0,105,0,,0,0,0,0,0,
1046867,2019-10-23 19:13:43,,472080140.0,0.0,105,0,,0,0,0,0,0,
1046868,2019-10-23 19:13:59,1046867.0,408922819.0,0.0,105,0,,0,0,0,0,0,
1046869,2019-10-23 19:14:11,,408922819.0,0.0,105,0,,0,0,0,0,0,
1046870,2019-10-23 19:15:06,,472080140.0,0.0,105,0,,0,0,0,0,0,
1046871,2019-10-23 19:15:15,,472080140.0,0.0,105,0,,0,0,0,0,0,
1046872,2019-10-23 19:20:05,1046832.0,43022119.0,0.0,104,0,,0,0,0,0,0,
1046873,2019-10-23 19:20:38,,145418215.0,0.0,104,1,,0,0,0,0,0,
1046874,2019-10-23 19:21:14,1046872.0,145418215.0,0.0,104,1,,0,0,0,0,0,
1046875,2019-10-23 19:21:28,1046836.0,43022119.0,0.0,105,0,,0,0,0,0,0,
1046876,2019-10-23 19:21:33,1046873.0,43022119.0,0.0,101,0,,0,0,0,0,0,
1046877,2019-10-23 19:21:52,1046876.0,145418215.0,0.0,104,0,,0,0,0,0,0,
1046878,2019-10-23 19:23:31,,191844321.0,0.0,104,0,,0,0,0,0,0,
1046879,2019-10-23 19:23:44,,191844321.0,0.0,104,0,,0,0,0,0,0,
1046880,2019-10-23 19:23:56,1046873.0,43022119.0,0.0,104,0,,0,0,0,0,0,
1046881,2019-10-23 19:24:07,1046878.0,43022119.0,0.0,104,0,,0,0,0,0,0,
1046882,2019-10-23 19:24:22,1046878.0,145418215.0,0.0,104,0,,0,0,0,0,0,
1046883,2019-10-23 19:24:26,1046873.0,43022119.0,0.0,104,0,,0,0,0,0,0,
1046884,2019-10-23 19:24:31,1046882.0,43022119.0,0.0,104,0,,0,0,0,0,0,
1046885,2019-10-23 19:25:00,,43022119.0,0.0,104,0,,0,0,0,0,0,
1046886,2019-10-23 19:25:07,,43022119.0,0.0,104,0,,0,0,0,0,0,
1046887,2019-10-23 19:25:09,1046884.0,145418215.0,0.0,104,0,,0,0,0,0,0,
1046888,2019-10-23 19:25:42,1046880.0,145418215.0,0.0,104,0,,0,0,0,0,0,
1046889,2019-10-23 19:26:42,1046886.0,191844321.0,0.0,104,0,,0,0,0,0,0,
1046890,2019-10-23 19:28:59,1046889.0,43022119.0,0.0,104,0,,0,0,0,0,0,
1046891,2019-10-23 19:30:39,,170749663.0,0.0,103,0,,0,0,1,0,0,
1046892,2019-10-23 19:31:02,1046891.0,145418215.0,0.0,103,0,,0,0,0,0,0,
1046893,2019-10-23 19:31:05,,170749663.0,0.0,103,0,,0,0,0,0,0,
1046894,2019-10-23 19:31:22,,170749663.0,0.0,103,0,,0,0,0,0,0,
1046895,2019-10-23 19:31:53,1046891.0,43022119.0,0.0,103,0,,0,0,0,0,0,
1046896,2019-10-23 19:32:03,1046888.0,43022119.0,0.0,104,0,,0,0,0,0,0,
1046897,2019-10-23 19:32:12,,43022119.0,0.0,104,0,,0,0,0,0,0,
1046898,2019-10-23 19:32:14,1046893.0,145418215.0,0.0,103,0,,0,0,0,0,0,
1046899,2019-10-23 19:32:34,,170749663.0,0.0,103,0,,0,0,0,0,0,
1046900,2019-10-23 19:32:48,1046899.0,43022119.0,0.0,103,0,,0,0,0,0,0,
1046902,2019-10-23 19:33:12,1046900.0,170749663.0,0.0,103,0,,0,0,0,0,0,
1046903,2019-10-23 19:33:24,1046902.0,43022119.0,0.0,103,0,,0,0,0,0,0,
1046904,2019-10-23 19:33:25,,43543351.0,0.0,103,0,,0,0,0,0,0,
1046905,2019-10-23 19:33:30,,43543351.0,0.0,103,0,,0,0,0,0,0,
1046906,2019-10-23 19:33:34,,43543351.0,0.0,103,0,,0,0,0,0,0,
1046907,2019-10-23 19:33:38,1046905.0,43022119.0,0.0,103,0,,0,0,0,1,0,
1046908,2019-10-23 19:33:42,,43022119.0,0.0,103,0,,0,0,0,1,0,
1046909,2019-10-23 19:33:49,,43022119.0,0.0,103,0,,0,0,0,1,0,
1046910,2019-10-23 19:33:58,,43543351.0,0.0,103,0,,0,0,0,1,0,
1046911,2019-10-23 19:34:22,1046910.0,43022119.0,0.0,103,0,,0,0,0,1,0,
1046912,2019-10-23 19:34:33,,43022119.0,0.0,103,0,,0,0,0,1,0,
1046913,2019-10-23 19:35:01,,170749663.0,0.0,103,0,,0,0,0,0,0,
1046914,2019-10-23 19:35:26,,170749663.0,0.0,103,0,,0,0,0,0,0,
1046915,2019-10-23 19:35:42,,43022119.0,0.0,103,0,,0,0,0,0,0,
1046917,2019-10-23 19:35:58,,170749663.0,0.0,103,0,,0,0,0,0,0,
1046918,2019-10-23 19:36:13,,43022119.0,0.0,103,0,,0,0,0,0,0,
1046919,2019-10-23 19:36:27,1046897.0,145418215.0,0.0,104,0,,0,0,0,0,0,
1046920,2019-10-23 19:36:58,1046919.0,43022119.0,0.0,104,0,,0,0,0,0,0,
1046921,2019-10-23 19:37:04,1046918.0,170749663.0,0.0,103,0,,0,0,0,0,0,
1046922,2019-10-23 19:37:07,,43543351.0,0.0,103,0,,0,0,0,1,0,
1046923,2019-10-23 19:37:11,1046922.0,43022119.0,0.0,103,0,,0,0,0,1,0,
1046924,2019-10-23 19:37:22,,43022119.0,0.0,103,0,,0,0,0,1,0,
1046925,2019-10-23 19:37:31,,43022119.0,0.0,103,0,,0,0,0,1,0,
1046926,2019-10-23 19:37:34,1046922.0,408922819.0,0.0,103,0,,0,0,0,1,0,
1046927,2019-10-23 19:37:42,1046922.0,145418215.0,0.0,103,0,,0,0,0,1,0,
1046928,2019-10-23 19:38:06,,170749663.0,0.0,103,0,,0,0,0,1,0,
1046929,2019-10-23 19:38:25,,170749663.0,0.0,103,0,,0,0,0,1,0,
1046930,2019-10-23 19:38:33,1046928.0,43022119.0,0.0,103,0,,0,0,0,1,0,
1046931,2019-10-23 19:38:36,,43022119.0,0.0,103,0,,0,0,0,1,0,
1046932,2019-10-23 19:38:39,,43022119.0,0.0,103,0,,0,0,0,1,0,
1046933,2019-10-23 19:38:52,1046930.0,170749663.0,0.0,103,0,,0,0,0,1,0,
1046934,2019-10-23 19:39:02,,170749663.0,0.0,103,0,,0,0,0,1,0,
1046935,2019-10-23 19:39:11,1046933.0,43022119.0,0.0,103,0,,0,0,0,0,0,
1046936,2019-10-23 19:40:20,,170749663.0,0.0,103,0,,0,0,0,0,0,
1046937,2019-10-23 19:40:30,,170749663.0,0.0,103,0,,0,0,0,0,0,
1046938,2019-10-23 19:43:38,,43022119.0,0.0,103,0,,0,0,0,0,0,
1046939,2019-10-23 19:43:45,,43022119.0,0.0,103,0,,0,0,0,0,0,
1046940,2019-10-23 19:44:06,1046936.0,43022119.0,0.0,103,0,,0,0,0,0,0,
1046941,2019-10-23 19:44:47,,170749663.0,0.0,103,0,,0,0,0,0,0,
1046942,2019-10-23 19:45:17,,214334796.0,0.0,103,0,,0,0,0,0,0,
1046943,2019-10-23 19:45:35,,280239926.0,1.0,107,0,,0,0,0,0,0,1
1046944,2019-10-23 19:45:56,1046943.0,170749663.0,0.0,107,1,,0,0,0,0,0,
1046945,2019-10-23 19:45:58,,214334796.0,0.0,107,1,,0,0,0,0,0,
1046946,2019-10-23 19:46:11,,280239926.0,0.0,107,0,,0,0,0,0,0,
1046947,2019-10-23 19:46:46,,170749663.0,0.0,107,0,,0,0,0,0,0,
1046948,2019-10-23 19:47:19,,280239926.0,0.0,107,0,,0,0,0,0,0,
1046949,2019-10-23 19:47:47,,170749663.0,0.0,107,0,,0,0,0,0,0,
1046950,2019-10-23 19:49:10,,280239926.0,0.0,107,0,,0,0,0,0,0,
1046951,2019-10-23 19:49:42,1046941.0,43022119.0,0.0,103,0,,0,0,0,0,0,
1046952,2019-10-23 19:49:51,1046941.0,957547506.0,0.0,103,0,,0,0,0,0,0,
1046953,2019-10-23 19:49:54,1046950.0,408922819.0,0.0,107,0,,0,0,0,0,0,
1046954,2019-10-23 19:50:02,1046951.0,170749663.0,0.0,103,0,,0,0,0,0,0,
1046955,2019-10-23 19:50:06,1046952.0,957547506.0,0.0,103,0,,0,0,0,0,0,
1046957,2019-10-23 19:50:13,1046954.0,43022119.0,0.0,103,0,,0,0,0,0,0,
1046958,2019-10-23 19:50:53,,170749663.0,0.0,103,0,,0,0,0,0,0,
1046959,2019-10-23 19:50:56,1046950.0,408922819.0,0.0,107,0,,0,0,0,0,0,
1046960,2019-10-23 19:51:09,,170749663.0,0.0,103,0,,0,0,0,0,0,
1046961,2019-10-23 19:51:17,1046959.0,214334796.0,0.0,107,0,,0,0,0,0,0,
1046962,2019-10-23 19:51:32,,280239926.0,0.0,107,0,,0,0,0,0,0,
1046963,2019-10-23 19:52:09,,170749663.0,0.0,107,0,,0,0,0,0,0,
1046964,2019-10-23 19:52:10,,280239926.0,0.0,107,0,,0,0,0,0,0,
1046965,2019-10-23 19:52:31,1046964.0,408922819.0,0.0,107,1,,0,0,0,0,0,
1046966,2019-10-23 19:52:32,,170749663.0,0.0,107,0,,0,0,0,0,0,
1046967,2019-10-23 19:52:41,,408922819.0,0.0,107,0,,0,0,0,0,0,
1046968,2019-10-23 19:52:59,1046965.0,280239926.0,0.0,107,0,,0,0,0,0,0,
1046969,2019-10-23 19:53:08,1046968.0,408922819.0,0.0,107,0,,0,0,0,0,0,
1046970,2019-10-23 19:53:09,1046967.0,280239926.0,0.0,107,0,,0,0,0,0,0,
1046971,2019-10-23 19:53:21,1046968.0,170749663.0,0.0,107,0,,0,0,0,0,0,
1046972,2019-10-23 19:53:43,,170749663.0,0.0,107,0,,0,0,0,0,0,
1046973,2019-10-23 19:53:50,,280239926.0,0.0,107,0,,0,0,0,0,0,
1046974,2019-10-23 19:54:00,,280239926.0,0.0,107,0,,0,0,0,0,0,
1046975,2019-10-23 19:54:07,1046972.0,455000585.0,0.0,107,0,,0,0,0,0,0,
1046976,2019-10-23 19:54:19,,455000585.0,0.0,107,0,,0,0,0,0,0,
1046977,2019-10-23 19:54:31,1046975.0,170749663.0,0.0,107,0,,0,0,0,0,0,
1046979,2019-10-23 19:55:56,,170749663.0,0.0,107,0,,0,0,0,0,0,
1046980,2019-10-23 19:56:19,1046978.0,455000585.0,0.0,107,0,,0,0,0,0,0,
1046981,2019-10-23 19:56:38,,455000585.0,0.0,107,0,,0,0,0,0,0,
1046982,2019-10-23 19:56:55,,455000585.0,0.0,107,0,,0,0,0,0,0,
1046983,2019-10-23 19:56:58,,170749663.0,0.0,107,0,,0,0,0,0,0,
1046984,2019-10-23 20:04:54,1046983.0,455000585.0,0.0,107,0,,0,0,0,0,0,
1046985,2019-10-23 20:05:47,1046984.0,170749663.0,0.0,107,0,,0,0,0,0,0,
1046986,2019-10-23 20:06:40,,455000585.0,0.0,107,0,,0,0,0,0,0,
1046987,2019-10-23 20:10:01,1046985.0,408922819.0,0.0,107,0,,0,0,0,0,0,
1046988,2019-10-23 20:10:45,,170749663.0,0.0,107,0,,0,0,0,0,0,
1046989,2019-10-23 20:11:20,1046988.0,408922819.0,0.0,107,0,,0,0,0,0,0,
1046990,2019-10-23 20:11:45,,408922819.0,0.0,107,0,,0,0,0,0,0,
1046991,2019-10-23 20:12:16,1046989.0,170749663.0,0.0,107,0,,0,0,0,0,0,
1046992,2019-10-23 20:13:33,1046991.0,408922819.0,0.0,107,0,,0,0,0,0,0,
1046993,2019-10-23 20:13:47,,170749663.0,0.0,107,0,,0,0,0,0,0,
1046994,2019-10-23 20:14:09,,408922819.0,0.0,107,0,,0,0,1,0,0,
1046995,2019-10-23 20:14:29,,170749663.0,0.0,107,0,,0,0,0,0,0,
1046996,2019-10-23 20:15:04,,170749663.0,0.0,107,0,,0,0,0,0,0,
1046997,2019-10-23 20:15:44,,408922819.0,0.0,107,0,,0,0,0,1,0,
1046998,2019-10-23 20:15:56,,408922819.0,0.0,107,0,,0,0,0,1,0,
1046999,2019-10-23 20:16:06,,408922819.0,0.0,107,0,,0,0,0,1,0,
1047000,2019-10-23 20:16:15,,170749663.0,0.0,107,0,,0,0,0,1,0,
1047001,2019-10-23 20:16:38,,170749663.0,0.0,107,0,,0,0,0,1,0,
1047002,2019-10-23 20:16:55,1047001.0,408922819.0,0.0,107,0,,0,0,0,1,0,
1047003,2019-10-23 20:17:13,,408922819.0,0.0,107,0,,0,0,0,1,0,
1047004,2019-10-23 20:17:24,,408922819.0,0.0,107,0,,0,0,0,0,0,
1047006,2019-10-23 20:17:46,,2240006.0,0.0,107,0,,0,0,0,1,0,
1047007,2019-10-23 20:17:51,1047003.0,145418215.0,0.0,107,0,,0,0,1,1,0,
1047008,2019-10-23 20:18:07,1047007.0,408922819.0,0.0,107,0,,0,0,0,1,0,
1047009,2019-10-23 20:18:17,,408922819.0,0.0,107,0,,0,0,0,1,0,
1047010,2019-10-23 20:18:30,1047008.0,170749663.0,0.0,107,0,,0,0,0,1,0,
1047011,2019-10-23 20:18:43,,170749663.0,0.0,107,0,,0,0,0,1,0,
1047012,2019-10-23 20:19:03,1047010.0,145418215.0,0.0,107,0,,0,0,0,1,0,
1047016,2019-10-23 20:19:28,1047012.0,170749663.0,0.0,107,0,,0,0,0,1,0,
1047017,2019-10-23 20:19:35,1047010.0,408922819.0,0.0,107,0,,0,0,0,1,0,
1047018,2019-10-23 20:19:52,,170749663.0,0.0,107,0,,0,0,0,1,0,
1047019,2019-10-23 20:20:51,,408922819.0,0.0,107,0,,0,0,0,1,0,
1047020,2019-10-23 20:20:52,1047012.0,957547506.0,0.0,107,0,,0,0,0,1,0,
1047021,2019-10-23 20:20:58,,455000585.0,0.0,107,0,,0,0,0,1,0,
1047022,2019-10-23 20:21:02,,2240006.0,0.0,107,0,,0,0,0,1,0,
1047023,2019-10-23 20:21:16,,2240006.0,0.0,107,0,,0,0,0,1,0,
1047024,2019-10-23 20:21:52,,2240006.0,0.0,107,0,,0,0,0,1,0,
1047025,2019-10-23 20:22:05,,170749663.0,0.0,107,0,,0,0,0,1,0,
1047026,2019-10-23 20:22:42,1047021.0,170749663.0,0.0,107,0,,0,0,0,1,0,
1047027,2019-10-23 20:23:26,,455000585.0,0.0,107,0,,0,0,0,1,0,
1047028,2019-10-23 20:23:37,1047025.0,2240006.0,0.0,107,0,,0,0,0,1,0,
1047029,2019-10-23 20:23:40,1047025.0,455000585.0,0.0,107,0,,0,0,0,1,0,
1047030,2019-10-23 20:24:22,1047025.0,408922819.0,0.0,107,0,,0,0,0,1,0,
1047031,2019-10-23 20:24:38,1047028.0,408922819.0,0.0,107,0,,0,0,0,1,0,
1047032,2019-10-23 20:24:48,,2240006.0,0.0,107,0,,0,0,0,1,0,
1047033,2019-10-23 20:24:50,,170749663.0,0.0,107,0,,0,0,0,1,0,
1047035,2019-10-23 20:25:25,,170749663.0,0.0,107,0,,0,0,0,1,0,